t,phase,sim_ok,sim_speed,int_cpu,int_cpu_engine,int_cpu_handler,int_alloc,int_alloc_engine,int_alloc_handler,int_threads_engine,int_threads,int_heap,int_heap_live,int_nonheap,int_gc_s,int_events,int_queue,int_log_last,int_log_mb,int_log_blocked,int_behind,int_applied,int_batch_s,int_batch_n,base_cpu,base_cpu_engine,base_cpu_handler,base_alloc,base_alloc_engine,base_alloc_handler,base_threads_engine,base_threads,base_heap,base_heap_live,base_nonheap,base_gc_s,base_events,base_queue,base_log_last,base_log_mb,base_log_blocked,base_behind,base_applied,base_batch_s,base_batch_n,cap_cpu,cap_cpu_engine,cap_cpu_handler,cap_alloc,cap_alloc_engine,cap_alloc_handler,cap_threads_engine,cap_threads,cap_heap,cap_heap_live,cap_nonheap,cap_gc_s,cap_events,cap_queue,cap_log_last,cap_log_mb,cap_log_blocked,cap_behind,cap_applied,cap_batch_s,cap_batch_n,app_cpu,app_cpu_engine,app_cpu_handler,app_alloc,app_alloc_engine,app_alloc_handler,app_threads_engine,app_threads,app_heap,app_heap_live,app_nonheap,app_gc_s,app_events,app_queue,app_log_last,app_log_mb,app_log_blocked,app_behind,app_applied,app_batch_s,app_batch_n,int_rss,base_rss,cap_rss,app_rss,int_pids,base_pids,cap_pids,app_pids,int_slot_mb,cap_slot_mb,int_fresh_s,app_fresh_s
1791341308.19,-,1,1.0,62.24,11.43764235,2.10755839,6323504880.0,4807710976.0,1015270808.0,10.0,36.0,74.76576,45.744304,86.574208,0.51,97704.0,0.0,,,,,,8.936883236,269.0,27.67,0.0,0.0,483366312.0,0.0,0.0,0.0,24.0,47.978392,0.0,73.011912,0.006,,,,,,,,0.0,0.0,416.14000000000004,191.70633993899997,32.612871438,83828264912.0,60207845792.0,18193348632.0,10.0,34.0,70.18315199999999,37.757808,82.25804,9.362,1253566.0,0.0,1253566.0,34.054462,0.0,,,71.729139776,1736.0,120.66000000000001,,,,,,,31.0,40.455424,23.139039999999998,71.954056,1.845,1253566.0,,,,,0.0,1253566.0,173.376628046,1709.0,,,,,,,,,,,,
1791341309.19,-,1,1.0,62.300000000000004,11.486940064,2.10755839,6347891120.0,4831108280.0,1015270808.0,10.0,36.0,98.88300799999999,45.744304,86.59945599999999,0.51,98115.0,0.0,,,,,,8.936883236,269.0,27.700000000000003,0.0,0.0,484034128.0,0.0,0.0,0.0,24.0,47.978392,0.0,73.056816,0.006,,,,,,,,0.0,0.0,416.20000000000005,191.743747962,32.618715561,83855673432.0,60227200816.0,18199084128.0,10.0,34.0,97.446128,37.757808,82.281672,9.362,1253977.0,0.0,1253977.0,34.291689999999996,0.0,,,71.860005403,1737.0,120.71000000000001,,,,,,,31.0,45.698304,23.139039999999998,72.02656,1.845,1253977.0,,,,,0.0,1253977.0,173.504959777,1710.0,,,,,,,,,,,,
1791341310.2,-,1,1.0,62.370000000000005,11.516620011,2.119750468,6372390912.0,4846591992.0,1023271480.0,10.0,36.0,46.815999999999995,35.32864,86.67944,0.512,98526.0,0.0,,,,,,9.111497033,272.0,27.75,0.0,0.0,484702080.0,0.0,0.0,0.0,24.0,49.026968,0.0,73.168104,0.006,,,,,,,,0.0,0.0,416.27000000000004,191.77429871,32.624352873,83883238808.0,60246562280.0,18204815896.0,10.0,34.0,124.709104,37.757808,82.298688,9.362,1254388.0,0.0,1254388.0,34.528923999999996,0.0,,,71.940066983,1739.0,120.74000000000001,,,,,,,31.0,51.98976,23.139039999999998,72.113608,1.845,1254388.0,,,,,0.0,1254388.0,173.606277153,1712.0,410.1,350.9,429.4,335.9,69,57,67,65,1.056608,1.056608,1.22678,1.226994
1791341311.21,-,1,1.0,62.43000000000001,11.550119709,2.12551162,6396800616.0,4866017936.0,1027266520.0,10.0,36.0,70.93324799999999,35.32864,86.7666,0.512,98936.0,0.0,,,,,,9.153994601,273.0,27.78,0.0,0.0,485370000.0,0.0,0.0,0.0,24.0,50.075544,0.0,73.210416,0.006,,,,,,,,0.0,0.0,416.34000000000003,191.805861283,32.628905622,83910605664.0,60265915328.0,18210539984.0,10.0,34.0,49.264207999999996,29.649904,82.32032,9.365,1254798.0,0.0,1254798.0,34.765910999999996,0.0,,,71.974224472,1740.0,120.76,,,,,,,31.0,57.232639999999996,23.139039999999998,72.138472,1.845,1254798.0,,,,,0.0,1254798.0,173.663822531,1713.0,410.1,350.9,429.4,335.9,69,57,67,65,1.056608,1.056608,1.22678,1.226994
1791341312.22,-,1,1.0,62.56,11.581652655000001,2.131664611,6421271680.0,4885429648.0,1031336472.0,10.0,36.0,96.09907199999999,35.32864,86.874408,0.512,99346.0,0.0,,,,,,9.206367956,274.0,27.8,0.0,0.0,486038016.0,0.0,0.0,0.0,24.0,50.075544,0.0,73.287384,0.006,,,,,,,,0.0,0.0,416.39000000000004,191.841508921,32.634655795,83937927144.0,60285234080.0,18216261728.0,10.0,34.0,77.57576,29.649904,82.334976,9.365,1255208.0,0.0,1255208.0,35.002918,0.0,,,71.998135485,1741.0,120.78,,,,,,,31.0,63.524096,23.139039999999998,72.16064,1.845,1255208.0,,,,,0.0,1255208.0,173.740195853,1714.0,410.1,350.9,429.4,335.9,69,57,67,65,1.056608,1.056608,1.22678,1.226994
1791341313.22,-,1,0,62.74,11.612039329000002,2.138119228,6445797552.0,4904809584.0,1035396544.0,10.0,36.0,45.716367999999996,35.32864,86.92521599999999,0.515,99756.0,0.0,,,,,,9.258096376,275.0,27.82,0.0,0.0,486705840.0,0.0,0.0,0.0,24.0,51.12412,0.0,73.36012,0.006,,,,,,,,0.0,0.0,416.51000000000005,191.879345271,32.64141171,83965293480.0,60304558192.0,18221985928.0,10.0,34.0,104.838736,29.649904,82.413088,9.365,1255618.0,0.0,1255618.0,35.239900999999996,0.0,,,72.022830176,1742.0,120.85000000000001,,,,,,,31.0,68.766976,23.139039999999998,72.23004,1.845,1255618.0,,,,,0.0,1255618.0,173.790820668,1715.0,410.6,350.9,429.9,335.6,70,57,67,64,1.02836,1.02836,0.484802,0.484962
1791341314.23,-,1,0,63.75000000000001,12.224632724,2.169126286,6762928784.0,5201631600.0,1054483688.0,10.0,36.0,95.05536,33.454432,86.983736,0.535,103412.0,2086.0,,,,,,9.522727376,277.0,27.85,0.0,0.0,487373608.0,0.0,0.0,0.0,24.0,51.12412,0.0,73.424656,0.006,,,,,,,,0.0,0.0,417.87,192.60506529499997,32.678873575,84309874136.0,60615423096.0,18246314688.0,10.0,34.0,64.815696,30.623496,82.380624,9.422,1259217.0,2143.0,1259217.0,37.957550999999995,0.0,,,72.160402613,1745.0,121.05000000000001,,,,,,,31.0,67.745728,23.139039999999998,72.160144,1.847,1259217.0,,,,,2048.0,1257169.0,174.191102621,1718.0,410.6,350.9,429.9,335.6,70,57,67,64,1.02836,1.02836,0.484802,0.484962
1791341315.23,-,1,0,63.900000000000006,12.258857764,2.233175977,6806872120.0,5199311672.0,1099741120.0,10.0,36.0,72.870048,34.290431999999996,87.003768,0.54,105500.0,0.0,,,,,,9.772077885,281.0,27.880000000000003,0.0,0.0,488041536.0,0.0,0.0,0.0,24.0,52.172695999999995,0.0,73.438048,0.006,,,,,,,,0.0,0.0,418.23,192.60855790600002,32.774514778,84385740792.0,60597938576.0,18316374216.0,10.0,34.0,87.10108,47.777159999999995,82.40379999999999,9.437,1261362.0,1.0,1261362.0,39.662801,0.0,,,72.527437091,1749.0,121.26,,,,,,,31.0,43.48544,25.236192,72.284592,1.853,1261362.0,,,,,0.0,1261362.0,174.578193065,1723.0,410.6,350.9,429.9,335.6,70,57,67,64,1.02836,1.02836,0.484802,0.484962
1791341316.24,-,1,0,63.92,12.266784047,2.233526085,6807960368.0,5199402976.0,1099748248.0,10.0,36.0,73.918624,34.290431999999996,87.055448,0.54,105501.0,0.0,,,,,,9.775342746,282.0,27.89,0.0,0.0,488710344.0,0.0,0.0,0.0,24.0,53.221272,0.0,73.466904,0.006,,,,,,,,0.0,0.0,418.29,192.61393249399998,32.775784457,84387045704.0,60598002632.0,18316398080.0,10.0,34.0,88.149656,47.777159999999995,82.46507199999999,9.437,1261363.0,0.0,1261363.0,39.663029,0.0,,,72.752819259,1751.0,121.27000000000001,,,,,,,31.0,43.48544,25.236192,72.29313599999999,1.853,1261363.0,,,,,0.0,1261363.0,174.588560989,1724.0,408.3,351.2,392.3,330.4,69,57,67,68,0.1544,0.1544,2.361024,2.361218
1791341317.26,-,1,0,63.970000000000006,12.272808860000001,2.233526085,6809059760.0,5199440256.0,1099748248.0,10.0,36.0,73.918624,34.290431999999996,87.090368,0.54,105501.0,0.0,,,,,,9.775342746,282.0,27.92,0.0,0.0,489377744.0,0.0,0.0,0.0,24.0,53.221272,0.0,73.489336,0.006,,,,,,,,0.0,0.0,418.32000000000005,192.62075669,32.775784457,84387884096.0,60598041856.0,18316398080.0,10.0,34.0,89.19823199999999,47.777159999999995,82.477744,9.437,1261363.0,0.0,1261363.0,39.663029,0.0,,,72.752819259,1751.0,121.31,,,,,,,31.0,44.534016,25.236192,72.357688,1.853,1261363.0,,,,,0.0,1261363.0,174.588560989,1724.0,408.3,351.2,392.3,330.4,69,57,67,68,0.1544,0.1544,2.361024,2.361218
1791341318.27,-,1,0,64.01,12.279808867,2.233526085,6810085344.0,5199479864.0,1099748248.0,10.0,36.0,74.96719999999999,34.290431999999996,87.141504,0.54,105501.0,0.0,,,,,,9.775342746,282.0,27.930000000000003,0.0,0.0,490042920.0,0.0,0.0,0.0,24.0,54.269847999999996,0.0,73.54182399999999,0.006,,,,,,,,0.0,0.0,418.33000000000004,192.62720835099998,32.775784457,84388720232.0,60598078960.0,18316398080.0,10.0,34.0,90.246808,47.777159999999995,82.504712,9.437,1261363.0,0.0,1261363.0,39.663029,0.0,,,72.752819259,1751.0,121.32000000000001,,,,,,,31.0,45.582592,25.236192,72.37088,1.853,1261363.0,,,,,0.0,1261363.0,174.588560989,1724.0,408.3,351.2,392.3,330.4,69,57,67,68,0.1544,0.1544,2.361024,2.361218
1791341319.29,-,1,0,64.04,12.286984036,2.233526085,6811132152.0,5199540664.0,1099748248.0,10.0,36.0,76.015776,34.290431999999996,87.22863199999999,0.54,105501.0,1.0,,,,,,9.775342746,282.0,27.950000000000003,0.0,0.0,490707904.0,0.0,0.0,0.0,24.0,55.318424,0.0,73.636584,0.006,,,,,,,,0.0,0.0,418.36,192.635687109,32.776635554,84389948712.0,60598173904.0,18316413208.0,10.0,34.0,91.295384,47.777159999999995,82.513544,9.437,1261364.0,0.0,1261364.0,39.663257,0.0,,,72.765553992,1752.0,121.35000000000001,,,,,,,31.0,46.631167999999995,25.236192,72.393384,1.853,1261364.0,,,,,0.0,1261364.0,174.598111817,1725.0,408.4,351.6,392.4,329.9,70,57,67,64,0.423048,0.423048,5.629268,5.629415
1791341320.3,-,1,0,64.06,12.296005868,2.234346718,6812262432.0,5199666040.0,1099767128.0,10.0,36.0,77.064352,34.290431999999996,87.25206399999999,0.54,105503.0,0.0,,,,,,9.789949751,284.0,27.96,0.0,0.0,491372792.0,0.0,0.0,0.0,24.0,55.318424,0.0,73.677936,0.006,,,,,,,,0.0,0.0,418.37,192.64146305,32.777181178,84391131000.0,60598265368.0,18316424256.0,10.0,34.0,92.34396,47.777159999999995,82.541,9.437,1261365.0,0.0,1261365.0,39.663481,0.0,,,72.773788643,1753.0,121.37,,,,,,,31.0,47.679744,25.236192,72.473736,1.853,1261365.0,,,,,0.0,1261365.0,174.607066814,1726.0,408.4,351.6,392.4,329.9,70,57,67,64,0.423048,0.423048,5.629268,5.629415
1791341321.31,-,1,0,64.08,12.302563305000001,2.234346718,6813285168.0,5199702376.0,1099767128.0,10.0,36.0,78.112928,34.290431999999996,87.26315199999999,0.54,105503.0,0.0,,,,,,9.789949751,284.0,27.98,0.0,0.0,492037440.0,0.0,0.0,0.0,24.0,56.367,0.0,73.71704,0.006,,,,,,,,0.0,0.0,418.39000000000004,192.647481056,32.777181178,84391961560.0,60598296896.0,18316424256.0,10.0,34.0,93.39253599999999,47.777159999999995,82.556704,9.437,1261365.0,0.0,1261365.0,39.663481,0.0,,,72.773788643,1753.0,121.4,,,,,,,31.0,48.72832,25.236192,72.52596799999999,1.853,1261365.0,,,,,0.0,1261365.0,174.607066814,1726.0,408.4,351.6,392.4,329.9,70,57,67,64,0.423048,0.423048,5.629268,5.629415
1791341322.32,-,1,0,64.10000000000001,12.309278074,2.234346718,6814307784.0,5199738664.0,1099767128.0,10.0,36.0,79.161504,34.290431999999996,87.29396,0.54,105503.0,0.0,,,,,,9.789949751,284.0,28.01,0.0,0.0,492730784.0,0.0,0.0,0.0,24.0,26.780376,0.0,73.777208,0.009,,,,,,,,0.0,0.0,418.40000000000003,192.65412473499998,32.777181178,84392797376.0,60598333728.0,18316424256.0,10.0,34.0,94.44111199999999,47.777159999999995,82.566904,9.437,1261365.0,0.0,1261365.0,39.663481,0.0,,,72.773788643,1753.0,121.41000000000001,,,,,,,31.0,49.776896,25.236192,72.52839999999999,1.853,1261365.0,,,,,0.0,1261365.0,174.607066814,1726.0,407.4,350.8,391.6,329.3,69,57,67,64,0.0034,0.0034,8.474671,8.474828
1791341323.34,-,1,0,64.13000000000001,12.315505850000001,2.234346718,6815330896.0,5199775352.0,1099767128.0,10.0,36.0,81.258656,34.290431999999996,89.21088,0.54,105503.0,0.0,,,,,,9.789949751,284.0,28.03,0.0,0.0,493393472.0,0.0,0.0,0.0,24.0,27.828951999999997,0.0,74.4654,0.009,,,,,,,,0.0,0.0,418.44,192.659931806,32.777181178,84393634096.0,60598370160.0,18316424256.0,10.0,34.0,95.489688,47.777159999999995,82.57522399999999,9.437,1261365.0,0.0,1261365.0,39.663481,0.0,,,72.773788643,1753.0,121.42,,,,,,,31.0,50.825472,25.236192,72.536,1.853,1261365.0,,,,,0.0,1261365.0,174.607066814,1726.0,407.4,350.8,391.6,329.3,69,57,67,64,0.0034,0.0034,8.474671,8.474828
1791341324.35,-,1,0,64.16000000000001,12.322346539,2.234734522,6816438632.0,5199886584.0,1099777696.0,10.0,36.0,82.307232,34.290431999999996,88.72010399999999,0.54,105504.0,1.0,,,,,,9.793454364,285.0,28.040000000000003,0.0,0.0,494056192.0,0.0,0.0,0.0,24.0,27.828951999999997,0.0,74.578408,0.009,,,,,,,,0.0,0.0,418.5,192.666834272,32.778316053,84395212440.0,60598486056.0,18316448720.0,10.0,34.0,96.538264,47.777159999999995,82.625744,9.437,1261367.0,0.0,1261367.0,39.663931,0.0,,,72.820634999,1755.0,121.43,,,,,,,31.0,51.874047999999995,25.236192,72.53855999999999,1.853,1261367.0,,,,,0.0,1261367.0,174.628502178,1728.0,407.4,350.8,391.6,329.3,69,57,67,64,0.0034,0.0034,8.474671,8.474828
1791341325.36,-,1,0,64.18,12.331021649999999,2.235745141,6817620400.0,5200058248.0,1099801888.0,10.0,36.0,83.355808,34.290431999999996,88.743704,0.54,105507.0,1.0,,,,,,9.805015425,288.0,28.05,0.0,0.0,494719408.0,0.0,0.0,0.0,24.0,27.828951999999997,0.0,74.0268,0.009,,,,,,,,0.0,0.0,418.52000000000004,192.673122846,32.779526659,84396781080.0,60598629000.0,18316473184.0,10.0,34.0,98.63541599999999,47.777159999999995,82.62894399999999,9.437,1261369.0,0.0,1261369.0,39.664381,0.0,,,72.849867911,1757.0,121.45,,,,,,,31.0,52.922624,25.236192,72.564976,1.853,1261369.0,,,,,0.0,1261369.0,174.65346829,1730.0,408.4,352.4,392.3,330.0,72,58,68,64,0.004696,0.004696,11.236875,11.23699
1791341326.38,-,1,0,64.19,12.337753903,2.236017358,6818680664.0,5200124448.0,1099809016.0,10.0,36.0,84.404384,34.290431999999996,87.59067999999999,0.54,105508.0,0.0,,,,,,9.809993825,289.0,28.110000000000003,0.0,0.0,495384352.0,0.0,0.0,0.0,24.0,28.877527999999998,0.0,74.056752,0.009,,,,,,,,0.0,0.0,418.53000000000003,192.67975368400002,32.779976087,84397963144.0,60598719312.0,18316483656.0,10.0,34.0,99.68399199999999,47.777159999999995,82.63414399999999,9.437,1261370.0,0.0,1261370.0,39.664609,0.0,,,72.858283661,1758.0,121.46000000000001,,,,,,,31.0,53.971199999999996,25.236192,72.58502399999999,1.853,1261370.0,,,,,0.0,1261370.0,174.659917383,1731.0,408.4,352.4,392.3,330.0,72,58,68,64,0.004696,0.004696,11.236875,11.23699
1791341327.39,-,1,0,64.21000000000001,12.343536069,2.236017358,6819700224.0,5200158168.0,1099809016.0,10.0,36.0,85.45295999999999,34.290431999999996,87.603976,0.54,105508.0,0.0,,,,,,9.809993825,289.0,28.12,0.0,0.0,496047016.0,0.0,0.0,0.0,24.0,28.877527999999998,0.0,74.08264,0.009,,,,,,,,0.0,0.0,418.56,192.686125932,32.779976087,84398799304.0,60598756408.0,18316483656.0,10.0,34.0,100.732568,47.777159999999995,82.640672,9.437,1261370.0,0.0,1261370.0,39.664609,0.0,,,72.858283661,1758.0,121.47000000000001,,,,,,,31.0,55.019776,25.236192,72.62952,1.853,1261370.0,,,,,0.0,1261370.0,174.659917383,1731.0,408.4,352.4,392.3,330.0,72,58,68,64,0.004696,0.004696,11.236875,11.23699
1791341328.4,-,1,0,64.24000000000001,12.350533637,2.236017358,6820723088.0,5200195192.0,1099809016.0,10.0,36.0,86.501536,34.290431999999996,87.620424,0.54,105508.0,0.0,,,,,,9.809993825,289.0,28.16,0.0,0.0,496785160.0,0.0,0.0,0.0,24.0,29.926104,0.0,74.11238399999999,0.009,,,,,,,,0.0,0.0,418.57000000000005,192.692900701,32.779976087,84399635912.0,60598793920.0,18316483656.0,10.0,34.0,101.781144,47.777159999999995,82.64207999999999,9.437,1261370.0,0.0,1261370.0,39.664609,0.0,,,72.858283661,1758.0,121.48,,,,,,,31.0,56.068352,25.236192,72.65294399999999,1.853,1261370.0,,,,,0.0,1261370.0,174.659917383,1731.0,407.7,351.3,391.9,329.2,69,57,67,64,0.026944,0.026944,14.502391,14.502525
1791341329.4,-,1,0,64.26,12.35638994,2.236017358,6821770224.0,5200255104.0,1099809016.0,10.0,36.0,87.550112,34.290431999999996,87.688744,0.54,105508.0,1.0,,,,,,9.809993825,289.0,28.21,0.0,0.0,497447792.0,0.0,0.0,0.0,24.0,30.97468,0.0,74.164,0.009,,,,,,,,0.0,0.0,418.59000000000003,192.699998993,32.780667566,84400865192.0,60598887944.0,18316498784.0,10.0,34.0,102.82972,47.777159999999995,82.65804,9.437,1261371.0,0.0,1261371.0,39.664837,0.0,,,72.870832873,1759.0,121.50000000000001,,,,,,,31.0,57.116927999999994,25.236192,72.69441599999999,1.853,1261371.0,,,,,0.0,1261371.0,174.667735446,1732.0,407.7,351.3,391.9,329.2,69,57,67,64,0.026944,0.026944,14.502391,14.502525
1791341330.41,-,1,0,64.27000000000001,12.364372080999999,2.236701883,6822899840.0,5200379952.0,1099827896.0,10.0,36.0,88.598688,34.290431999999996,87.71723999999999,0.54,105510.0,0.0,,,,,,9.81677112,291.0,28.220000000000002,0.0,0.0,498110376.0,0.0,0.0,0.0,24.0,30.97468,0.0,74.190752,0.009,,,,,,,,0.0,0.0,418.61,192.706832078,32.781358192,84402048744.0,60598978824.0,18316509832.0,10.0,34.0,103.87829599999999,47.777159999999995,82.66139199999999,9.437,1261372.0,0.0,1261372.0,39.665061,0.0,,,72.885504938,1760.0,121.52000000000001,,,,,,,31.0,58.165504,25.236192,72.71227999999999,1.853,1261372.0,,,,,0.0,1261372.0,174.679449026,1733.0,407.7,351.3,391.9,329.2,69,57,67,64,0.026944,0.026944,14.502391,14.502525
1791341331.43,-,1,0,64.29,12.370589503,2.236701883,6823921928.0,5200416192.0,1099827896.0,10.0,36.0,89.64726399999999,34.290431999999996,87.757224,0.54,105510.0,0.0,,,,,,9.81677112,291.0,28.220000000000002,0.0,0.0,498773088.0,0.0,0.0,0.0,24.0,32.023255999999996,0.0,74.21168,0.009,,,,,,,,0.0,0.0,418.62,192.71268238300001,32.781358192,84402884224.0,60599015208.0,18316509832.0,10.0,34.0,104.92687199999999,47.777159999999995,82.670352,9.437,1261372.0,0.0,1261372.0,39.665061,0.0,,,72.885504938,1760.0,121.55000000000001,,,,,,,31.0,58.165504,25.236192,72.745008,1.853,1261372.0,,,,,0.0,1261372.0,174.679449026,1733.0,408.5,352.7,392.9,330.2,69,57,67,64,0.00324,0.00324,17.246064,17.246178
1791341332.44,-,1,0,64.31,12.377559801,2.236701883,6824946400.0,5200454808.0,1099827896.0,10.0,36.0,90.69583999999999,34.290431999999996,87.787008,0.54,105510.0,0.0,,,,,,9.81677112,291.0,28.240000000000002,0.0,0.0,499435632.0,0.0,0.0,0.0,24.0,33.071832,0.0,74.28544,0.009,,,,,,,,0.0,0.0,418.64000000000004,192.718976892,32.781358192,84403720136.0,60599052016.0,18316509832.0,10.0,34.0,105.975448,47.777159999999995,82.673712,9.437,1261372.0,0.0,1261372.0,39.665061,0.0,,,72.885504938,1760.0,121.73,,,,,,,31.0,59.214079999999996,25.236192,72.838624,1.853,1261372.0,,,,,0.0,1261372.0,174.679449026,1733.0,408.5,352.7,392.9,330.2,69,57,67,64,0.00324,0.00324,17.246064,17.246178
1791341333.45,-,1,0,64.35000000000001,12.384031513,2.236701883,6825968984.0,5200491568.0,1099827896.0,10.0,36.0,91.744416,34.290431999999996,87.82573599999999,0.54,105510.0,0.0,,,,,,9.81677112,291.0,28.25,0.0,0.0,500098248.0,0.0,0.0,0.0,24.0,33.071832,0.0,74.33948,0.009,,,,,,,,0.0,0.0,418.65000000000003,192.724793923,32.781358192,84404552392.0,60599083568.0,18316509832.0,10.0,34.0,105.975448,47.777159999999995,82.686064,9.437,1261372.0,0.0,1261372.0,39.665061,0.0,,,72.885504938,1760.0,121.76,,,,,,,31.0,60.262656,25.236192,72.862216,1.853,1261372.0,,,,,0.0,1261372.0,174.679449026,1733.0,407.9,352.2,393.0,332.8,69,57,67,64,0.00324,0.00324,19.916923,19.917025
1791341334.47,-,1,0,64.38000000000001,12.391683264000001,2.237549731,6827089008.0,5200607944.0,1099845584.0,10.0,36.0,92.792992,34.290431999999996,87.86040799999999,0.54,105512.0,0.0,,,,,,9.821896148,293.0,28.26,0.0,0.0,500760864.0,0.0,0.0,0.0,24.0,34.120408,0.0,74.35028,0.009,,,,,,,,0.0,0.0,418.68,192.732211012,32.782579959,84406152448.0,60599199616.0,18316534296.0,10.0,34.0,108.0726,47.777159999999995,82.703336,9.437,1261374.0,0.0,1261374.0,39.665510999999995,0.0,,,72.897011691,1762.0,121.79,,,,,,,31.0,62.359807999999994,25.236192,72.890072,1.853,1261374.0,,,,,0.0,1261374.0,174.692859108,1735.0,407.9,352.2,393.0,332.8,69,57,67,64,0.00324,0.00324,19.916923,19.917025
1791341335.47,-,1,0,64.59,12.399935721,2.238554856,6828271544.0,5200779944.0,1099869784.0,10.0,36.0,93.841568,34.290431999999996,87.931888,0.54,105515.0,0.0,,,,,,9.828846298,296.0,28.270000000000003,0.0,0.0,501423576.0,0.0,0.0,0.0,24.0,35.168984,0.0,74.362128,0.009,,,,,,,,0.0,0.0,418.70000000000005,192.73934279899999,32.783938382,84407722176.0,60599339992.0,18316558760.0,10.0,34.0,109.12117599999999,47.777159999999995,82.710432,9.437,1261376.0,0.0,1261376.0,39.665960999999996,0.0,,,72.917773795,1764.0,121.80000000000001,,,,,,,31.0,63.408384,25.236192,72.903136,1.853,1261376.0,,,,,0.0,1261376.0,174.71209828,1737.0,407.9,352.2,393.0,332.8,69,57,67,64,0.00324,0.00324,19.916923,19.917025
1791341336.48,-,1,0,64.61,12.406923772999999,2.238554856,6829317832.0,5200839624.0,1099869784.0,10.0,36.0,94.89014399999999,34.290431999999996,87.958328,0.54,105515.0,0.0,,,,,,9.828846298,296.0,28.290000000000003,0.0,0.0,502087304.0,0.0,0.0,0.0,24.0,35.168984,0.0,74.417968,0.009,,,,,,,,0.0,0.0,418.75,192.74696323700002,32.78443452,84408908960.0,60599432624.0,18316569232.0,10.0,34.0,111.218328,47.777159999999995,82.73424,9.437,1261377.0,0.0,1261377.0,39.666188999999996,0.0,,,72.924108751,1765.0,121.82000000000001,,,,,,,31.0,64.45696,25.236192,72.914232,1.853,1261377.0,,,,,0.0,1261377.0,174.718045811,1738.0,416.7,351.9,393.2,332.9,69,57,67,64,0.003856,0.006424,22.677859,22.678004
1791341337.48,-,1,0,64.62,12.412321798999999,2.238554856,6830334920.0,5200871064.0,1099869784.0,10.0,36.0,95.93871999999999,34.290431999999996,87.98884,0.54,105515.0,0.0,,,,,,9.828846298,296.0,28.3,0.0,0.0,502750128.0,0.0,0.0,0.0,24.0,36.21756,0.0,74.44836,0.009,,,,,,,,0.0,0.0,418.78000000000003,192.754022276,32.78443452,84409745408.0,60599469904.0,18316569232.0,10.0,34.0,111.218328,47.777159999999995,82.746464,9.437,1261377.0,0.0,1261377.0,39.666188999999996,0.0,,,72.924108751,1765.0,121.83000000000001,,,,,,,31.0,65.50553599999999,25.236192,72.953328,1.853,1261377.0,,,,,0.0,1261377.0,174.718045811,1738.0,416.7,351.9,393.2,332.9,69,57,67,64,0.003856,0.006424,22.677859,22.678004
1791341338.49,-,1,0,64.64,12.420107204999999,2.238554856,6831361600.0,5200911152.0,1099869784.0,10.0,36.0,96.987296,34.290431999999996,88.01894399999999,0.54,105515.0,0.0,,,,,,9.828846298,296.0,28.310000000000002,0.0,0.0,503412744.0,0.0,0.0,0.0,24.0,37.266135999999996,0.0,74.46674399999999,0.009,,,,,,,,0.0,0.0,418.79,192.760870191,32.78443452,84410581680.0,60599507176.0,18316569232.0,10.0,34.0,112.266904,47.777159999999995,82.75196799999999,9.437,1261377.0,0.0,1261377.0,39.666188999999996,0.0,,,72.924108751,1765.0,121.96000000000001,,,,,,,31.0,65.50553599999999,25.236192,72.985816,1.853,1261377.0,,,,,0.0,1261377.0,174.718045811,1738.0,416.7,351.9,393.2,332.9,69,57,67,64,0.003856,0.006424,22.677859,22.678004
1791341339.5,-,1,0,64.71000000000001,12.429587155,2.239143332,6832539440.0,5201092104.0,1099880360.0,10.0,36.0,98.035872,34.290431999999996,88.063312,0.54,105516.0,0.0,,,,,,9.832653636,297.0,28.330000000000002,0.0,0.0,504077408.0,0.0,0.0,0.0,24.0,37.266135999999996,0.0,74.50969599999999,0.009,,,,,,,,0.0,0.0,418.81,192.77077031000002,32.785121356,84411908736.0,60599696416.0,18316584360.0,10.0,34.0,113.31548,47.777159999999995,82.773928,9.437,1261378.0,0.0,1261378.0,39.666416999999996,0.0,,,72.931494384,1766.0,121.97000000000001,,,,,,,31.0,66.554112,25.236192,73.01447999999999,1.853,1261378.0,,,,,0.0,1261378.0,174.723970428,1739.0,408.8,352.1,392.5,333.1,69,57,67,64,0.00644,0.00644,25.485034,25.485168
1791341340.51,-,1,0,64.74000000000001,12.436370405,2.239490274,6833624048.0,5201191136.0,1099888664.0,10.0,36.0,99.084448,34.290431999999996,88.075648,0.54,105517.0,0.0,,,,,,9.834682902,298.0,28.340000000000003,0.0,0.0,504740040.0,0.0,0.0,0.0,24.0,38.314712,0.0,74.521192,0.009,,,,,,,,0.0,0.0,418.84000000000003,192.778531059,32.785704567,84413094784.0,60599787152.0,18316595408.0,10.0,34.0,115.41263199999999,47.777159999999995,82.7886,9.437,1261379.0,0.0,1261379.0,39.666641,0.0,,,72.936696903,1767.0,122.00000000000001,,,,,,,31.0,67.602688,25.236192,74.808568,1.853,1261379.0,,,,,0.0,1261379.0,174.730053324,1740.0,408.8,352.1,392.5,333.1,69,57,67,64,0.00644,0.00644,25.485034,25.485168
1791341341.52,-,1,0,64.75,12.442652602,2.239490274,6834637632.0,5201227448.0,1099888664.0,10.0,36.0,100.13302399999999,34.290431999999996,88.09392799999999,0.54,105517.0,0.0,,,,,,9.834682902,298.0,28.380000000000003,0.0,0.0,505402624.0,0.0,0.0,0.0,24.0,38.314712,0.0,74.57674399999999,0.009,,,,,,,,0.0,0.0,418.86,192.784926464,32.785704567,84413930240.0,60599823584.0,18316595408.0,10.0,34.0,116.461208,47.777159999999995,82.807248,9.437,1261379.0,0.0,1261379.0,39.666641,0.0,,,72.936696903,1767.0,122.03,,,,,,,31.0,68.651264,25.236192,73.214744,1.853,1261379.0,,,,,0.0,1261379.0,174.730053324,1740.0,408.5,353.1,392.8,332.8,69,57,67,67,0.003224,0.003224,28.250639,28.25077
1791341342.53,-,1,0,64.77000000000001,12.449154862,2.239490274,6835651216.0,5201263736.0,1099888664.0,10.0,36.0,101.18159999999999,34.290431999999996,88.13255199999999,0.54,105517.0,0.0,,,,,,9.834682902,298.0,28.39,0.0,0.0,506065256.0,0.0,0.0,0.0,24.0,39.363288,0.0,74.596392,0.009,,,,,,,,0.0,0.0,418.87,192.79155494999998,32.785704567,84414766216.0,60599860392.0,18316595408.0,10.0,34.0,117.509784,47.777159999999995,82.814208,9.437,1261379.0,0.0,1261379.0,39.666641,0.0,,,72.936696903,1767.0,122.08000000000001,,,,,,,31.0,69.69984,25.236192,74.467928,1.853,1261379.0,,,,,0.0,1261379.0,174.730053324,1740.0,408.5,353.1,392.8,332.8,69,57,67,67,0.003224,0.003224,28.250639,28.25077
1791341343.53,유휴,1,0,64.83,12.455939054,2.239490274,6836665176.0,5201300424.0,1099888664.0,10.0,36.0,102.230176,34.290431999999996,88.819256,0.54,105517.0,0.0,,,,,,9.834682902,298.0,28.430000000000003,0.0,0.0,506727888.0,0.0,0.0,0.0,24.0,40.411864,0.0,76.41067199999999,0.009,,,,,,,,0.0,0.0,418.90000000000003,192.79750372799998,32.785704567,84415597880.0,60599891896.0,18316595408.0,10.0,34.0,117.509784,47.777159999999995,82.837672,9.437,1261379.0,0.0,1261379.0,39.666641,0.0,,,72.936696903,1767.0,122.11000000000001,,,,,,,31.0,70.74841599999999,25.236192,74.503192,1.853,1261379.0,,,,,0.0,1261379.0,174.730053324,1740.0,408.5,353.1,392.8,332.8,69,57,67,67,0.003224,0.003224,28.250639,28.25077
1791341344.54,유휴,1,0,64.88000000000001,12.464952473,2.240849602,6837791192.0,5201417376.0,1099906352.0,10.0,36.0,103.278752,34.290431999999996,88.373952,0.54,105519.0,0.0,,,,,,9.841976042,300.0,28.470000000000002,0.0,0.0,507404792.0,0.0,0.0,0.0,24.0,40.411864,0.0,74.86272,0.009,,,,,,,,0.0,0.0,418.98,192.806290396,32.786764052,84417118600.0,60600016192.0,18316609336.0,10.0,34.0,119.60693599999999,47.777159999999995,82.906776,9.437,1261381.0,0.0,1261381.0,39.667091,0.0,,,72.948063524,1768.0,122.14,,,,,,,31.0,71.796992,25.236192,73.35695199999999,1.853,1261381.0,,,,,0.0,1261381.0,174.742994037,1742.0,408.9,352.9,392.9,332.2,71,60,67,65,0.003208,0.003208,31.229937,31.230098
1791341345.54,유휴,1,0,64.9,12.472232239,2.241607771,6838934440.0,5201552616.0,1099923424.0,10.0,36.0,104.327328,34.290431999999996,88.475736,0.54,105521.0,0.0,,,,,,9.847372387,302.0,28.490000000000002,0.0,0.0,508067536.0,0.0,0.0,0.0,24.0,41.46044,0.0,76.71864,0.009,,,,,,,,0.0,0.0,419.06,192.813192471,32.788450977,84418785808.0,60600148168.0,18316644336.0,10.0,34.0,120.65551199999999,47.777159999999995,83.647272,9.44,1261383.0,0.0,1261383.0,39.667541,0.0,,,72.976474384,1771.0,122.16000000000001,,,,,,,31.0,73.894144,25.236192,73.37232,1.853,1261383.0,,,,,0.0,1261383.0,174.761075378,1744.0,408.9,352.9,392.9,332.2,71,60,67,65,0.003208,0.003208,31.229937,31.230098
1791341346.55,유휴,1,0,65.11,12.480002149999999,2.241892754,6840095800.0,5201645856.0,1099930552.0,10.0,36.0,36.473568,34.290431999999996,88.48320799999999,0.543,105522.0,0.0,,,,,,9.850129441,303.0,28.51,0.0,0.0,508731120.0,0.0,0.0,0.0,24.0,42.509015999999995,0.0,76.73495199999999,0.009,,,,,,,,0.0,0.0,419.09000000000003,192.820098808,32.789048351,84419999704.0,60600238496.0,18316654808.0,10.0,34.0,57.508952,55.818008,83.655064,9.44,1261384.0,0.0,1261384.0,39.667769,0.0,,,72.983203352,1772.0,122.17,,,,,,,31.0,74.94272,25.236192,73.38038399999999,1.853,1261384.0,,,,,0.0,1261384.0,174.765916908,1745.0,408.9,352.9,392.9,332.2,71,60,67,65,0.003208,0.003208,31.229937,31.230098
1791341347.56,유휴,1,0,65.13000000000001,12.486689175,2.241892754,6841109920.0,5201682656.0,1099930552.0,10.0,36.0,37.522144,34.290431999999996,88.483688,0.543,105522.0,0.0,,,,,,9.850129441,303.0,28.520000000000003,0.0,0.0,509393712.0,0.0,0.0,0.0,24.0,42.509015999999995,0.0,75.58832799999999,0.009,,,,,,,,0.0,0.0,419.1,192.82616871800002,32.789048351,84420835952.0,60600275688.0,18316654808.0,10.0,34.0,57.508952,55.818008,83.078936,9.44,1261384.0,0.0,1261384.0,39.667769,0.0,,,72.983203352,1772.0,122.18,,,,,,,31.0,75.99129599999999,25.236192,73.3832,1.853,1261384.0,,,,,0.0,1261384.0,174.765916908,1745.0,408.7,353.1,394.6,333.9,69,58,67,64,0.00588,0.00588,34.062673,34.062823
1791341348.56,유휴,1,0,65.15,12.493712501,2.241892754,6842123032.0,5201718472.0,1099930552.0,10.0,36.0,37.522144,34.290431999999996,88.515856,0.543,105522.0,0.0,,,,,,9.850129441,303.0,28.650000000000002,0.0,0.0,510055496.0,0.0,0.0,0.0,24.0,43.557592,0.0,75.043504,0.009,,,,,,,,0.0,0.0,419.13000000000005,192.833461435,32.789048351,84421672496.0,60600313176.0,18316654808.0,10.0,34.0,58.557528,55.818008,83.08863199999999,9.44,1261384.0,0.0,1261384.0,39.667769,0.0,,,72.983203352,1772.0,122.18,,,,,,,31.0,75.99129599999999,25.236192,73.3832,1.853,1261384.0,,,,,0.0,1261384.0,174.765916908,1745.0,408.7,353.1,394.6,333.9,69,58,67,64,0.00588,0.00588,34.062673,34.062823
1791341349.56,유휴,1,0,65.17,12.505016419,2.241892754,6843276920.0,5201895096.0,1099930552.0,10.0,36.0,38.57072,34.290431999999996,88.521472,0.543,105523.0,0.0,,,,,,9.850129441,303.0,28.650000000000002,0.0,0.0,510710952.0,0.0,0.0,0.0,24.0,44.606168,0.0,75.053152,0.009,,,,,,,,0.0,0.0,419.15000000000003,192.84317495500002,32.790001559,84423001152.0,60600502120.0,18316669936.0,10.0,34.0,59.606103999999995,55.818008,83.09515999999999,9.44,1261385.0,0.0,1261385.0,39.667997,0.0,,,72.992596326,1773.0,122.22000000000001,,,,,,,31.0,77.039872,25.236192,73.398096,1.856,1261385.0,,,,,0.0,1261385.0,174.772419988,1746.0,408.7,353.1,394.6,333.9,69,58,67,64,0.00588,0.00588,34.062673,34.062823
1791341350.57,유휴,1,0,65.19,12.510745274000001,2.243102246,6844375560.0,5201998528.0,1099949432.0,10.0,36.0,39.619296,34.290431999999996,88.529232,0.543,105524.0,0.0,,,,,,9.862360825,305.0,28.66,0.0,0.0,511366360.0,0.0,0.0,0.0,24.0,44.606168,0.0,75.058712,0.009,,,,,,,,0.0,0.0,419.16,192.849768105,32.790609895,84424185360.0,60600588184.0,18316680984.0,10.0,34.0,60.65468,55.818008,83.09515999999999,9.44,1261386.0,0.0,1261386.0,39.668220999999996,0.0,,,72.999022671,1774.0,122.23,,,,,,,31.0,24.955768,23.143288,73.399376,1.856,1261386.0,,,,,0.0,1261386.0,174.778475253,1747.0,408.9,353.1,394.9,332.2,69,57,67,64,0.015912,0.015912,36.869407,36.869618
1791341351.57,유휴,1,0,65.21000000000001,12.517287969,2.243102246,6845389160.0,5202034816.0,1099949432.0,10.0,36.0,40.667871999999996,34.290431999999996,88.539216,0.543,105524.0,0.0,,,,,,9.862360825,305.0,28.67,0.0,0.0,512022432.0,0.0,0.0,0.0,24.0,45.654744,0.0,75.074832,0.009,,,,,,,,0.0,0.0,419.18,192.85609739799997,32.790609895,84425020768.0,60600624600.0,18316680984.0,10.0,34.0,61.703255999999996,55.818008,83.09515999999999,9.44,1261386.0,0.0,1261386.0,39.668220999999996,0.0,,,72.999022671,1774.0,122.23,,,,,,,31.0,24.955768,23.143288,73.40104,1.856,1261386.0,,,,,0.0,1261386.0,174.778475253,1747.0,408.9,353.1,394.9,332.2,69,57,67,64,0.015912,0.015912,36.869407,36.869618
1791341352.58,유휴,1,0,65.22,12.523480475000001,2.243102246,6846402704.0,5202071080.0,1099949432.0,10.0,36.0,41.716448,34.290431999999996,88.545608,0.543,105524.0,0.0,,,,,,9.862360825,305.0,28.67,0.0,0.0,512677784.0,0.0,0.0,0.0,24.0,46.70332,0.0,75.084536,0.009,,,,,,,,0.0,0.0,419.22,192.86236376199997,32.790609895,84425856584.0,60600661424.0,18316680984.0,10.0,34.0,61.703255999999996,55.818008,83.119096,9.44,1261386.0,0.0,1261386.0,39.668220999999996,0.0,,,72.999022671,1774.0,122.24000000000001,,,,,,,31.0,26.004344,23.143288,73.403216,1.856,1261386.0,,,,,0.0,1261386.0,174.778475253,1747.0,408.9,353.1,394.9,332.2,69,57,67,64,0.015912,0.015912,36.869407,36.869618
1791341353.59,유휴,1,0,65.25,12.530296565,2.243102246,6847416168.0,5202107272.0,1099949432.0,10.0,36.0,42.765024,34.290431999999996,88.553544,0.543,105524.0,0.0,,,,,,9.862360825,305.0,28.680000000000003,0.0,0.0,513333192.0,0.0,0.0,0.0,24.0,46.70332,0.0,75.084536,0.009,,,,,,,,0.0,0.0,419.23,192.86907301000002,32.790609895,84426690944.0,60600697864.0,18316680984.0,10.0,34.0,63.800408,55.818008,83.120888,9.44,1261386.0,0.0,1261386.0,39.668220999999996,0.0,,,72.999022671,1774.0,122.25000000000001,,,,,,,31.0,27.05292,23.143288,73.41621599999999,1.856,1261386.0,,,,,0.0,1261386.0,174.778475253,1747.0,408.5,353.2,392.9,333.8,69,57,67,64,0.013432,0.013432,39.633939,39.63414
1791341354.61,유휴,1,0,65.29,12.537649844,2.243707591,6848490320.0,5202192896.0,1099960000.0,10.0,36.0,43.8136,34.290431999999996,88.568736,0.543,105525.0,0.0,,,,,,9.865270145,306.0,28.71,0.0,0.0,513988624.0,0.0,0.0,0.0,24.0,47.751895999999995,0.0,75.101688,0.009,,,,,,,,0.0,0.0,419.25,192.87610181499997,32.79142781,84427937528.0,60600808496.0,18316694912.0,10.0,34.0,64.848984,55.818008,83.122168,9.44,1261387.0,1.0,1261387.0,39.668445999999996,0.0,,,73.021009535,1775.0,122.26,,,,,,,31.0,27.05292,23.143288,73.442208,1.856,1261387.0,,,,,0.0,1261387.0,174.787626229,1748.0,408.5,353.2,392.9,333.8,69,57,67,64,0.013432,0.013432,39.633939,39.63414
1791341355.62,유휴,1,0,65.31,12.545373728000001,2.244765111,6849664064.0,5202365192.0,1099984192.0,10.0,36.0,44.862176,34.290431999999996,88.568736,0.543,105528.0,0.0,,,,,,9.872481011,309.0,28.71,0.0,0.0,514644056.0,0.0,0.0,0.0,24.0,48.800472,0.0,75.113368,0.009,,,,,,,,0.0,0.0,419.27000000000004,192.883339192,32.793223623,84429752720.0,60600956728.0,18316730088.0,10.0,34.0,65.89756,55.818008,83.123192,9.44,1261390.0,0.0,1261390.0,39.669121,0.0,,,73.046637462,1778.0,122.28,,,,,,,31.0,28.101495999999997,23.143288,73.442208,1.856,1261390.0,,,,,0.0,1261390.0,174.809760894,1751.0,408.5,353.2,392.9,333.8,69,57,67,64,0.013432,0.013432,39.633939,39.63414
1791341356.62,유휴,1,0,65.33,12.551340585,2.245069743,6850743888.0,5202459024.0,1099991320.0,10.0,36.0,45.910751999999995,34.290431999999996,88.57949599999999,0.543,105529.0,0.0,,,,,,9.875701895,310.0,28.73,0.0,0.0,515300448.0,0.0,0.0,0.0,24.0,48.800472,0.0,75.134888,0.009,,,,,,,,0.0,0.0,419.29,192.889663715,32.793750185,84430833600.0,60601047008.0,18316740560.0,10.0,34.0,66.946136,55.818008,83.13176,9.44,1261391.0,0.0,1261391.0,39.669349,0.0,,,73.053914291,1779.0,122.30000000000001,,,,,,,31.0,29.150071999999998,23.143288,73.450272,1.856,1261391.0,,,,,0.0,1261391.0,174.815839299,1752.0,409.1,352.4,393.8,333.5,69,57,67,64,0.003216,0.00492,42.500128,42.500229
1791341357.63,유휴,1,0,65.34,12.55804495,2.245069743,6851760024.0,5202497880.0,1099991320.0,10.0,36.0,46.959328,34.290431999999996,88.594984,0.543,105529.0,0.0,,,,,,9.875701895,310.0,28.740000000000002,0.0,0.0,515955888.0,0.0,0.0,0.0,24.0,49.849047999999996,0.0,75.149648,0.009,,,,,,,,0.0,0.0,419.31,192.89613849600002,32.793750185,84431667432.0,60601084008.0,18316740560.0,10.0,34.0,67.99471199999999,55.818008,83.1356,9.44,1261391.0,0.0,1261391.0,39.669349,0.0,,,73.053914291,1779.0,122.30000000000001,,,,,,,31.0,30.198648,23.143288,73.451424,1.856,1261391.0,,,,,0.0,1261391.0,174.815839299,1752.0,409.1,352.4,393.8,333.5,69,57,67,64,0.003216,0.00492,42.500128,42.500229
1791341358.64,유휴,1,0,65.36,12.564319643,2.245069743,6852775096.0,5202535640.0,1099991320.0,10.0,36.0,48.007903999999996,34.290431999999996,88.60306399999999,0.543,105529.0,0.0,,,,,,9.875701895,310.0,28.740000000000002,0.0,0.0,516611432.0,0.0,0.0,0.0,24.0,49.849047999999996,0.0,75.180864,0.009,,,,,,,,0.0,0.0,419.32000000000005,192.90276584400002,32.793750185,84432501568.0,60601121312.0,18316740560.0,10.0,34.0,69.04328799999999,55.818008,83.1356,9.44,1261391.0,0.0,1261391.0,39.669349,0.0,,,73.053914291,1779.0,122.32000000000001,,,,,,,31.0,32.2958,23.143288,73.46024799999999,1.856,1261391.0,,,,,0.0,1261391.0,174.815839299,1752.0,408.8,353.7,393.6,334.6,69,57,67,64,0.031136,0.031136,45.221798,45.221949
1791341359.65,유휴,1,0,65.38000000000001,12.571919795,2.245710637,6853849432.0,5202621832.0,1100001896.0,10.0,36.0,49.05648,34.290431999999996,88.62702399999999,0.543,105530.0,0.0,,,,,,9.880260263,311.0,28.750000000000004,0.0,0.0,517266752.0,0.0,0.0,0.0,24.0,50.897624,0.0,75.180864,0.009,,,,,,,,0.0,0.0,419.35,192.910794471,32.79446543,84433627768.0,60601213192.0,18316755688.0,10.0,34.0,70.091864,55.818008,83.158232,9.44,1261392.0,0.0,1261392.0,39.669577,0.0,,,73.06071332,1780.0,122.32000000000001,,,,,,,31.0,33.344376,23.143288,73.46024799999999,1.856,1261392.0,,,,,0.0,1261392.0,174.82100598,1753.0,408.8,353.7,393.6,334.6,69,57,67,64,0.031136,0.031136,45.221798,45.221949
1791341360.67,유휴,1,0,65.39,12.579115303,2.24605215,6854933752.0,5202720600.0,1100010200.0,10.0,36.0,50.105056,34.290431999999996,88.62702399999999,0.543,105531.0,0.0,,,,,,9.882580446,312.0,28.76,0.0,0.0,517922808.0,0.0,0.0,0.0,24.0,51.9462,0.0,75.189792,0.009,,,,,,,,0.0,0.0,419.37,192.91599378499998,32.795155805,84434706872.0,60601301192.0,18316766736.0,10.0,34.0,71.14044,55.818008,83.162072,9.44,1261393.0,0.0,1261393.0,39.669801,0.0,,,73.070989031,1781.0,122.34,,,,,,,31.0,34.392952,23.143288,73.483696,1.856,1261393.0,,,,,0.0,1261393.0,174.831484135,1754.0,408.8,353.7,393.6,334.6,69,57,67,64,0.031136,0.031136,45.221798,45.221949
1791341361.68,유휴,1,0,65.41000000000001,12.585532382,2.24605215,6855947312.0,5202756912.0,1100010200.0,10.0,36.0,51.153631999999995,34.290431999999996,88.635976,0.543,105531.0,0.0,,,,,,9.882580446,312.0,28.770000000000003,0.0,0.0,518578192.0,0.0,0.0,0.0,24.0,51.9462,0.0,75.201544,0.009,,,,,,,,0.0,0.0,419.38000000000005,192.92313151,32.795155805,84435538416.0,60601337568.0,18316766736.0,10.0,34.0,72.189016,55.818008,83.166088,9.44,1261393.0,0.0,1261393.0,39.669801,0.0,,,73.070989031,1781.0,122.38000000000001,,,,,,,31.0,35.441528,23.143288,73.509632,1.856,1261393.0,,,,,0.0,1261393.0,174.831484135,1754.0,408.2,352.8,393.1,333.3,69,57,67,64,0.003224,0.003224,48.000168,48.000325
1791341362.68,유휴,1,0,65.43,12.59211163,2.24605215,6856960824.0,5202793200.0,1100010200.0,10.0,36.0,52.202208,34.290431999999996,88.638536,0.543,105531.0,0.0,,,,,,9.882580446,312.0,28.78,0.0,0.0,519233600.0,0.0,0.0,0.0,24.0,52.994775999999995,0.0,75.23088,0.009,,,,,,,,0.0,0.0,419.39000000000004,192.929610301,32.795155805,84436370352.0,60601374400.0,18316766736.0,10.0,34.0,73.23759199999999,55.818008,83.16851199999999,9.44,1261393.0,0.0,1261393.0,39.669801,0.0,,,73.070989031,1781.0,122.42,,,,,,,31.0,36.490103999999995,23.143288,73.559792,1.856,1261393.0,,,,,0.0,1261393.0,174.831484135,1754.0,408.2,352.8,393.1,333.3,69,57,67,64,0.003224,0.003224,48.000168,48.000325
1791341363.7,유휴,1,0,65.45,12.598105311,2.24605215,6857971032.0,5202826160.0,1100010200.0,10.0,36.0,53.250783999999996,34.290431999999996,88.65808799999999,0.543,105531.0,0.0,,,,,,9.882580446,312.0,28.8,0.0,0.0,519889016.0,0.0,0.0,0.0,24.0,52.994775999999995,0.0,75.259824,0.009,,,,,,,,0.0,0.0,419.41,192.935644099,32.795155805,84437203056.0,60601410912.0,18316766736.0,10.0,34.0,74.286168,55.818008,83.173632,9.44,1261393.0,0.0,1261393.0,39.669801,0.0,,,73.070989031,1781.0,122.43,,,,,,,31.0,36.490103999999995,23.143288,73.64272799999999,1.856,1261393.0,,,,,0.0,1261393.0,174.831484135,1754.0,408.2,352.8,393.1,333.3,69,57,67,64,0.003224,0.003224,48.000168,48.000325
1791341364.71,유휴,1,0,65.47,12.605391983,2.246643369,6859043936.0,5202912832.0,1100020768.0,10.0,36.0,54.29936,34.290431999999996,88.673816,0.543,105532.0,0.0,,,,,,9.886042445,313.0,28.8,0.0,0.0,520544528.0,0.0,0.0,0.0,24.0,54.043352,0.0,75.27144,0.009,,,,,,,,0.0,0.0,419.44,192.943485178,32.795837686,84438344800.0,60601521808.0,18316780664.0,10.0,34.0,75.334744,55.818008,83.175752,9.44,1261394.0,1.0,1261394.0,39.670026,0.0,,,73.078261486,1782.0,122.44000000000001,,,,,,,31.0,37.53868,23.143288,73.685152,1.856,1261395.0,,,,,0.0,1261394.0,174.837857721,1755.0,408.4,353.3,393.1,333.8,69,57,67,64,0.003224,0.003224,50.984132,50.984289
1791341365.73,유휴,1,0,65.49000000000001,12.61482573,2.247674856,6860219880.0,5203088848.0,1100044960.0,10.0,36.0,55.347936,34.290431999999996,88.733352,0.543,105535.0,0.0,,,,,,9.894215485,316.0,28.810000000000002,0.0,0.0,521199840.0,0.0,0.0,0.0,24.0,55.091927999999996,0.0,75.34407999999999,0.009,,,,,,,,0.0,0.0,419.46000000000004,192.950873041,32.797866776,84439953024.0,60601669616.0,18316815664.0,10.0,34.0,76.38332,55.818008,83.18237599999999,9.44,1261397.0,0.0,1261397.0,39.670701,0.0,,,73.147249711,1785.0,122.46000000000001,,,,,,,31.0,38.587256,23.143288,73.692712,1.856,1261397.0,,,,,0.0,1261397.0,174.883345716,1758.0,408.4,353.3,393.1,333.8,69,57,67,64,0.003224,0.003224,50.984132,50.984289
1791341366.73,유휴,1,0,65.51,12.62308903,2.248055043,6861298184.0,5203183168.0,1100052088.0,10.0,36.0,56.396511999999994,34.290431999999996,88.804056,0.543,105536.0,0.0,,,,,,9.896412021,317.0,28.830000000000002,0.0,0.0,521856456.0,0.0,0.0,0.0,24.0,55.091927999999996,0.0,75.39267199999999,0.009,,,,,,,,0.0,0.0,419.5,192.95801010600002,32.798572364,84441035520.0,60601759984.0,18316826344.0,10.0,34.0,77.431896,55.818008,83.224536,9.44,1261398.0,0.0,1261398.0,39.670929,0.0,,,73.177942712,1786.0,122.49000000000001,,,,,,,31.0,39.635832,23.143288,73.708072,1.856,1261398.0,,,,,0.0,1261398.0,174.889237134,1759.0,408.4,353.3,393.1,333.8,69,57,67,64,0.003224,0.003224,50.984132,50.984289
1791341367.75,유휴,1,0,65.53,12.629307194999999,2.248055043,6862311680.0,5203219696.0,1100052088.0,10.0,36.0,57.445088,34.290431999999996,88.83116799999999,0.543,105536.0,0.0,,,,,,9.896412021,317.0,28.840000000000003,0.0,0.0,522512920.0,0.0,0.0,0.0,24.0,56.140504,0.0,75.470648,0.009,,,,,,,,0.0,0.0,419.51000000000005,192.964550312,32.798572364,84441867648.0,60601796960.0,18316826344.0,10.0,34.0,78.48047199999999,55.818008,83.87092,9.44,1261398.0,0.0,1261398.0,39.670929,0.0,,,73.177942712,1786.0,122.51,,,,,,,31.0,40.684408,23.143288,73.711528,1.856,1261398.0,,,,,0.0,1261398.0,174.889237134,1759.0,408.2,352.8,394.0,333.4,69,57,67,64,0.00388,0.00388,53.791984,53.792106
1791341368.75,유휴,1,0,65.55,12.635511874999999,2.248055043,6863325328.0,5203257528.0,1100052088.0,10.0,36.0,58.493663999999995,34.290431999999996,88.834496,0.543,105536.0,0.0,,,,,,9.896412021,317.0,28.87,0.0,0.0,523168352.0,0.0,0.0,0.0,24.0,57.18908,0.0,75.49150399999999,0.009,,,,,,,,0.0,0.0,419.53000000000003,192.970991957,32.798572364,84442700432.0,60601834528.0,18316826344.0,10.0,34.0,79.529048,55.818008,83.294792,9.44,1261398.0,0.0,1261398.0,39.670929,0.0,,,73.177942712,1786.0,122.52000000000001,,,,,,,31.0,41.732983999999995,23.143288,73.711528,1.856,1261398.0,,,,,0.0,1261398.0,174.889237134,1759.0,408.2,352.8,394.0,333.4,69,57,67,64,0.00388,0.00388,53.791984,53.792106
1791341369.76,유휴,1,0,65.57000000000001,12.642859241,2.248604877,6864397528.0,5203343424.0,1100062664.0,10.0,36.0,59.54224,34.290431999999996,88.854208,0.543,105537.0,0.0,,,,,,9.900066577,318.0,28.89,0.0,0.0,523822296.0,0.0,0.0,0.0,24.0,57.18908,0.0,75.50904,0.011,,,,,,,,0.0,0.0,419.55,192.97872924199999,32.799141038,84443824952.0,60601925672.0,18316841472.0,10.0,34.0,80.577624,55.818008,83.303624,9.44,1261399.0,0.0,1261399.0,39.671157,0.0,,,73.185146172,1787.0,122.53,,,,,,,31.0,42.78156,23.143288,73.71755999999999,1.856,1261399.0,,,,,0.0,1261399.0,174.893714556,1760.0,409.3,353.4,393.2,334.2,69,57,67,64,0.005416,0.005416,56.455882,56.456004
1791341370.77,유휴,1,0,65.59,12.650274758999998,2.248925206,6865480608.0,5203442480.0,1100070968.0,10.0,36.0,60.590816,34.290431999999996,88.856768,0.543,105538.0,0.0,,,,,,9.902212458,319.0,28.900000000000002,0.0,0.0,524506808.0,0.0,0.0,0.0,24.0,26.884296,0.0,75.525688,0.011,,,,,,,,0.0,0.0,419.56,192.985301665,32.799697603,84444906488.0,60602014400.0,18316852520.0,10.0,34.0,81.6262,55.818008,83.30477599999999,9.44,1261400.0,0.0,1261400.0,39.671381,0.0,,,73.192197471,1788.0,122.54,,,,,,,31.0,43.830135999999996,23.143288,73.72395999999999,1.856,1261400.0,,,,,0.0,1261400.0,174.899765741,1761.0,409.3,353.4,393.2,334.2,69,57,67,64,0.005416,0.005416,56.455882,56.456004
1791341371.78,유휴,1,0,65.60000000000001,12.655663329,2.248925206,6866492600.0,5203478792.0,1100070968.0,10.0,36.0,61.639391999999994,34.290431999999996,88.87728,0.543,105538.0,0.0,,,,,,9.902212458,319.0,28.91,0.0,0.0,525160632.0,0.0,0.0,0.0,24.0,27.932872,0.0,75.539288,0.011,,,,,,,,0.0,0.0,419.58000000000004,192.991784858,32.799697603,84445738000.0,60602050840.0,18316852520.0,10.0,34.0,82.674776,55.818008,83.306056,9.44,1261400.0,0.0,1261400.0,39.671381,0.0,,,73.192197471,1788.0,122.55000000000001,,,,,,,31.0,44.878712,23.143288,73.725368,1.856,1261400.0,,,,,0.0,1261400.0,174.899765741,1761.0,409.3,353.4,393.2,334.2,69,57,67,64,0.005416,0.005416,56.455882,56.456004
1791341372.79,유휴,1,0,65.62,12.662185631,2.248925206,6867505240.0,5203515056.0,1100070968.0,10.0,36.0,62.687968,34.290431999999996,88.884024,0.543,105538.0,0.0,,,,,,9.902212458,319.0,28.92,0.0,0.0,525814608.0,0.0,0.0,0.0,24.0,28.981448,0.0,75.54146399999999,0.011,,,,,,,,0.0,0.0,419.6,192.998506232,32.799697603,84446569880.0,60602087616.0,18316852520.0,10.0,34.0,83.72335199999999,55.818008,83.306952,9.44,1261400.0,0.0,1261400.0,39.671381,0.0,,,73.192197471,1788.0,122.57000000000001,,,,,,,31.0,45.927288,23.143288,73.738816,1.856,1261400.0,,,,,0.0,1261400.0,174.899765741,1761.0,408.3,352.9,392.7,333.1,69,57,67,64,0.00324,0.00324,59.27801,59.278148
1791341373.8,유휴,1,0,65.63000000000001,12.667973997,2.248925206,6868512656.0,5203546864.0,1100070968.0,10.0,36.0,63.736543999999995,34.290431999999996,88.88479199999999,0.543,105538.0,0.0,,,,,,9.902212458,319.0,28.930000000000003,0.0,0.0,526468440.0,0.0,0.0,0.0,24.0,28.981448,0.0,75.549472,0.011,,,,,,,,0.0,0.0,419.83000000000004,193.004833184,32.799697603,84447402360.0,60602124080.0,18316852520.0,10.0,34.0,83.72335199999999,55.818008,83.366216,9.44,1261400.0,0.0,1261400.0,39.671381,0.0,,,73.192197471,1788.0,122.58000000000001,,,,,,,31.0,46.975864,23.143288,74.958208,1.856,1261400.0,,,,,0.0,1261400.0,174.899765741,1761.0,408.3,352.9,392.7,333.1,69,57,67,64,0.00324,0.00324,59.27801,59.278148
1791341374.8,유휴,1,0,65.65,12.675379035999999,2.249440519,6869586504.0,5203634520.0,1100081536.0,10.0,36.0,64.78511999999999,34.290431999999996,88.886456,0.543,105539.0,0.0,,,,,,9.905256197,320.0,28.930000000000003,0.0,0.0,527122424.0,0.0,0.0,0.0,24.0,30.030023999999997,0.0,75.567016,0.011,,,,,,,,0.0,0.0,419.85,193.012317571,32.800717639,84448783920.0,60602240256.0,18316876984.0,10.0,34.0,85.820504,55.818008,83.36851999999999,9.44,1261402.0,0.0,1261402.0,39.671831,0.0,,,73.226593836,1790.0,122.59,,,,,,,31.0,48.02444,23.143288,74.98123199999999,1.856,1261402.0,,,,,0.0,1261402.0,174.911427838,1763.0,408.3,352.9,392.7,333.1,69,57,67,64,0.00324,0.00324,59.27801,59.278148
1791341375.8,유휴,1,0,65.71000000000001,12.684036603,2.250529176,6870761624.0,5203809680.0,1100105728.0,10.0,36.0,65.833696,34.290431999999996,88.950344,0.543,105542.0,0.0,,,,,,9.913416714,323.0,28.950000000000003,0.0,0.0,527776400.0,0.0,0.0,0.0,24.0,31.078599999999998,0.0,75.651472,0.011,,,,,,,,0.0,0.0,419.87,193.01783440600002,32.801887896,84450156392.0,60602382816.0,18316901448.0,10.0,34.0,86.86908,55.818008,83.36851999999999,9.44,1261404.0,0.0,1261404.0,39.672281,0.0,,,73.243404399,1792.0,122.60000000000001,,,,,,,31.0,49.073015999999996,23.143288,74.40584799999999,1.856,1261404.0,,,,,0.0,1261404.0,174.926429968,1765.0,410.0,354.0,394.0,334.8,69,57,67,66,0.003232,0.003232,61.979927,61.980089
1791341376.81,유휴,1,0,65.77000000000001,12.691349097,2.250814428,6871839544.0,5203903728.0,1100112856.0,10.0,36.0,66.882272,34.290431999999996,89.037528,0.543,105543.0,0.0,,,,,,9.91664092,324.0,28.96,0.0,0.0,528431344.0,0.0,0.0,0.0,24.0,31.078599999999998,0.0,76.286168,0.011,,,,,,,,0.0,0.0,419.88000000000005,193.024121942,32.802332782,84451239128.0,60602473096.0,18316911920.0,10.0,34.0,87.917656,55.818008,83.397616,9.44,1261405.0,0.0,1261405.0,39.672509,0.0,,,73.250335229,1793.0,122.61000000000001,,,,,,,31.0,50.121592,23.143288,74.40584799999999,1.856,1261405.0,,,,,0.0,1261405.0,174.931005573,1766.0,410.0,354.0,394.0,334.8,69,57,67,66,0.003232,0.003232,61.979927,61.980089
1791341377.82,유휴,1,0,65.79,12.697902943,2.250814428,6872851872.0,5203940232.0,1100112856.0,10.0,36.0,67.930848,34.290431999999996,90.88396,0.543,105543.0,0.0,,,,,,9.91664092,324.0,28.970000000000002,0.0,0.0,529085456.0,0.0,0.0,0.0,24.0,32.127176,0.0,75.731584,0.011,,,,,,,,0.0,0.0,419.91,193.02961767,32.802332782,84452064360.0,60602504864.0,18316911920.0,10.0,34.0,88.96623199999999,55.818008,84.089344,9.44,1261405.0,0.0,1261405.0,39.672509,0.0,,,73.250335229,1793.0,122.62,,,,,,,31.0,51.170168,23.143288,73.832792,1.856,1261405.0,,,,,0.0,1261405.0,174.931005573,1766.0,410.0,354.0,394.0,334.8,69,57,67,66,0.003232,0.003232,61.979927,61.980089
1791341378.84,유휴,1,0,65.81,12.705004793,2.250814428,6873865320.0,5203978040.0,1100112856.0,10.0,36.0,68.979424,34.290431999999996,90.884728,0.543,105543.0,0.0,,,,,,9.91664092,324.0,28.970000000000002,0.0,0.0,529739352.0,0.0,0.0,0.0,24.0,32.127176,0.0,75.74036799999999,0.011,,,,,,,,0.0,0.0,419.93,193.03802380599998,32.802332782,84452899368.0,60602547512.0,18316911920.0,10.0,34.0,90.014808,55.818008,83.519488,9.44,1261405.0,0.0,1261405.0,39.672509,0.0,,,73.250335229,1793.0,122.63000000000001,,,,,,,31.0,52.218744,23.143288,73.833944,1.856,1261405.0,,,,,0.0,1261405.0,174.931005573,1766.0,409.0,353.1,393.5,333.4,72,57,69,64,0.005608,0.005608,64.702102,64.702242
1791341379.85,유휴,1,0,65.83,12.711885871,2.250814428,6874900672.0,5204037736.0,1100112856.0,10.0,36.0,70.02799999999999,34.290431999999996,90.31728,0.543,105543.0,1.0,,,,,,9.91664092,324.0,28.98,0.0,0.0,530393200.0,0.0,0.0,0.0,24.0,33.175751999999996,0.0,75.74036799999999,0.011,,,,,,,,0.0,0.0,419.96000000000004,193.04633159899998,32.803204222,84454020480.0,60602635104.0,18316927048.0,10.0,34.0,91.063384,55.818008,83.529472,9.44,1261406.0,0.0,1261406.0,39.672737,0.0,,,73.257748454,1794.0,122.65,,,,,,,31.0,53.26732,23.143288,73.851856,1.856,1261406.0,,,,,0.0,1261406.0,174.937177284,1767.0,409.0,353.1,393.5,333.4,72,57,69,64,0.005608,0.005608,64.702102,64.702242
1791341380.86,유휴,1,0,65.85000000000001,12.721790432,2.251835367,6876020528.0,5204163032.0,1100131736.0,10.0,36.0,71.076576,34.290431999999996,89.16965599999999,0.543,105545.0,0.0,,,,,,9.923787866,326.0,28.98,0.0,0.0,531047096.0,0.0,0.0,0.0,24.0,34.224328,0.0,75.741136,0.011,,,,,,,,0.0,0.0,419.98,193.053825769,32.804087923,84455105664.0,60602727240.0,18316938096.0,10.0,34.0,92.11196,55.818008,83.529472,9.44,1261407.0,0.0,1261407.0,39.672961,0.0,,,73.263377894,1795.0,122.66000000000001,,,,,,,31.0,54.315895999999995,23.143288,73.895888,1.856,1261407.0,,,,,0.0,1261407.0,174.942820554,1768.0,409.0,353.1,393.5,333.4,72,57,69,64,0.005608,0.005608,64.702102,64.702242
1791341381.87,유휴,1,0,65.87,12.728589277,2.251835367,6877032520.0,5204199368.0,1100131736.0,10.0,36.0,73.173728,34.290431999999996,89.17452,0.543,105545.0,0.0,,,,,,9.923787866,326.0,29.000000000000004,0.0,0.0,531700968.0,0.0,0.0,0.0,24.0,34.224328,0.0,75.7492,0.011,,,,,,,,0.0,0.0,419.99,193.06071342,32.804087923,84455935464.0,60602763600.0,18316938096.0,10.0,34.0,93.160536,55.818008,83.559904,9.44,1261407.0,0.0,1261407.0,39.672961,0.0,,,73.263377894,1795.0,122.67,,,,,,,31.0,55.364472,23.143288,73.898448,1.856,1261407.0,,,,,0.0,1261407.0,174.942820554,1768.0,408.7,353.7,393.7,333.5,69,57,67,64,0.003224,0.003224,67.570901,67.571045
1791341382.89,유휴,1,0,65.89,12.733773958,2.251835367,6878040152.0,5204230800.0,1100131736.0,10.0,36.0,74.222304,34.290431999999996,89.19676,0.543,105545.0,0.0,,,,,,9.923787866,326.0,29.000000000000004,0.0,0.0,532355376.0,0.0,0.0,0.0,24.0,35.272904,0.0,75.76952,0.011,,,,,,,,0.0,0.0,420.01000000000005,193.067328601,32.804087923,84456784616.0,60602800400.0,18316938096.0,10.0,34.0,93.160536,55.818008,83.56819999999999,9.44,1261407.0,0.0,1261407.0,39.672961,0.0,,,73.263377894,1795.0,122.69000000000001,,,,,,,31.0,56.413047999999996,23.143288,73.915464,1.856,1261407.0,,,,,0.0,1261407.0,174.942820554,1768.0,408.7,353.7,393.7,333.5,69,57,67,64,0.003224,0.003224,67.570901,67.571045
1791341383.9,유휴,1,0,65.9,12.739738033,2.251835367,6879052528.0,5204267536.0,1100131736.0,10.0,36.0,75.27087999999999,34.290431999999996,89.23947199999999,0.543,105545.0,0.0,,,,,,9.923787866,326.0,29.01,0.0,0.0,533009160.0,0.0,0.0,0.0,24.0,36.32148,0.0,75.816608,0.011,,,,,,,,0.0,0.0,420.02000000000004,193.073342848,32.804087923,84457614592.0,60602836816.0,18316938096.0,10.0,34.0,94.20911199999999,55.818008,83.573432,9.44,1261407.0,0.0,1261407.0,39.672961,0.0,,,73.263377894,1795.0,122.7,,,,,,,31.0,57.461624,23.143288,73.932816,1.856,1261407.0,,,,,0.0,1261407.0,174.942820554,1768.0,408.7,353.7,393.7,333.5,69,57,67,64,0.003224,0.003224,67.570901,67.571045
1791341384.9,유휴,1,0,65.92,12.747040139,2.252738055,6880126424.0,5204354976.0,1100142304.0,10.0,36.0,75.27087999999999,34.290431999999996,89.31943199999999,0.543,105546.0,0.0,,,,,,9.928550558,327.0,29.020000000000003,0.0,0.0,533663088.0,0.0,0.0,0.0,24.0,36.32148,0.0,75.856736,0.011,,,,,,,,0.0,0.0,420.05,193.08107881,32.805302815,84458999368.0,60602952464.0,18316962560.0,10.0,34.0,96.306264,55.818008,83.576528,9.44,1261409.0,0.0,1261409.0,39.673411,0.0,,,73.278463242,1797.0,122.72000000000001,,,,,,,31.0,58.5102,23.143288,73.947328,1.856,1261409.0,,,,,0.0,1261409.0,174.956060336,1770.0,408.7,354.0,394.2,334.2,69,57,67,64,0.003224,0.003224,71.012031,71.012131
1791341385.91,유휴,1,0,65.96000000000001,12.755539997,2.253812695,6881301976.0,5204529504.0,1100166496.0,10.0,36.0,76.319456,34.290431999999996,89.40764,0.543,105549.0,0.0,,,,,,9.937288212,330.0,29.020000000000003,0.0,0.0,534316984.0,0.0,0.0,0.0,24.0,37.370056,0.0,75.87392799999999,0.011,,,,,,,,0.0,0.0,420.07000000000005,193.087319613,32.806456104,84460375928.0,60603095408.0,18316987024.0,10.0,34.0,97.35484,55.818008,83.581952,9.44,1261411.0,0.0,1261411.0,39.673860999999995,0.0,,,73.296421971,1799.0,122.74000000000001,,,,,,,31.0,59.558775999999995,23.143288,74.000272,1.856,1261411.0,,,,,0.0,1261411.0,174.969996514,1772.0,408.7,354.0,394.2,334.2,69,57,67,64,0.003224,0.003224,71.012031,71.012131
1791341386.92,유휴,1,0,65.98,12.763080679,2.254247444,6882376312.0,5204620496.0,1100174160.0,10.0,36.0,77.368032,34.290431999999996,89.47059999999999,0.543,105550.0,0.0,,,,,,9.940065691,331.0,29.03,0.0,0.0,534971872.0,0.0,0.0,0.0,24.0,38.418631999999995,0.0,75.885184,0.011,,,,,,,,0.0,0.0,420.09000000000003,193.093318022,32.806901544,84461460168.0,60603185784.0,18316997496.0,10.0,34.0,98.40341599999999,55.818008,83.61912,9.44,1261412.0,0.0,1261412.0,39.674088999999995,0.0,,,73.302834109,1800.0,122.75000000000001,,,,,,,31.0,60.607352,23.143288,74.02997599999999,1.856,1261412.0,,,,,0.0,1261412.0,174.976080369,1773.0,408.7,354.0,394.2,334.2,69,57,67,64,0.003224,0.003224,71.012031,71.012131
1791341387.93,유휴,1,0,65.99000000000001,12.76955682,2.254247444,6883388568.0,5204656904.0,1100174160.0,10.0,36.0,78.416608,34.290431999999996,89.488512,0.543,105550.0,0.0,,,,,,9.940065691,331.0,29.040000000000003,0.0,0.0,535625968.0,0.0,0.0,0.0,24.0,38.418631999999995,0.0,75.896368,0.011,,,,,,,,0.0,0.0,420.11,193.100220829,32.806901544,84462290592.0,60603222856.0,18316997496.0,10.0,34.0,99.45199199999999,55.818008,83.62091199999999,9.44,1261412.0,0.0,1261412.0,39.674088999999995,0.0,,,73.302834109,1800.0,122.78,,,,,,,31.0,61.655927999999996,23.143288,74.054296,1.856,1261412.0,,,,,0.0,1261412.0,174.976080369,1773.0,409.2,353.5,393.9,333.6,69,57,67,64,0.004096,0.004096,73.788945,73.789147
1791341388.94,유휴,1,0,66.01,12.776028130999999,2.254247444,6884402080.0,5204694688.0,1100174160.0,10.0,36.0,79.465184,34.290431999999996,89.534544,0.543,105550.0,0.0,,,,,,9.940065691,331.0,29.05,0.0,0.0,536279864.0,0.0,0.0,0.0,24.0,39.467208,0.0,75.93704,0.011,,,,,,,,0.0,0.0,420.13000000000005,193.106772705,32.806901544,84463116528.0,60603255504.0,18316997496.0,10.0,34.0,100.500568,55.818008,83.64032,9.44,1261412.0,0.0,1261412.0,39.674088999999995,0.0,,,73.302834109,1800.0,122.79,,,,,,,31.0,62.704504,23.143288,74.055832,1.856,1261412.0,,,,,0.0,1261412.0,174.976080369,1773.0,409.2,353.5,393.9,333.6,69,57,67,64,0.004096,0.004096,73.788945,73.789147
1791341389.95,유휴,1,0,66.04,12.782629921,2.254247444,6885437712.0,5204754568.0,1100174160.0,10.0,36.0,80.51375999999999,34.290431999999996,89.556392,0.543,105550.0,1.0,,,,,,9.940065691,331.0,29.05,0.0,0.0,536933872.0,0.0,0.0,0.0,24.0,39.467208,0.0,75.961624,0.011,,,,,,,,0.0,0.0,420.15000000000003,193.115488739,32.807991906,84464251312.0,60603353896.0,18317012624.0,10.0,34.0,101.549144,55.818008,83.65115999999999,9.44,1261413.0,0.0,1261413.0,39.674316999999995,0.0,,,73.311258558,1801.0,122.81,,,,,,,31.0,63.75308,23.143288,74.05813599999999,1.856,1261413.0,,,,,0.0,1261413.0,174.983296169,1774.0,409.7,354.1,393.9,334.0,69,57,67,64,0.005432,0.005432,76.583002,76.583132
1791341390.95,유휴,1,0,66.07000000000001,12.791913779,2.255316467,6886557552.0,5204879776.0,1100193040.0,10.0,36.0,82.610912,34.290431999999996,89.607744,0.543,105552.0,0.0,,,,,,9.947457821,333.0,29.060000000000002,0.0,0.0,537587720.0,0.0,0.0,0.0,24.0,40.515784,0.0,75.963928,0.011,,,,,,,,0.0,0.0,420.16,193.122153025,32.808645328,84465331464.0,60603440208.0,18317023672.0,10.0,34.0,102.59772,55.818008,83.65115999999999,9.44,1261414.0,0.0,1261414.0,39.674541,0.0,,,73.318061169,1802.0,122.83000000000001,,,,,,,31.0,63.75308,23.143288,74.10288,1.856,1261414.0,,,,,0.0,1261414.0,174.988731919,1775.0,409.7,354.1,393.9,334.0,69,57,67,64,0.005432,0.005432,76.583002,76.583132
1791341391.97,유휴,1,0,66.08,12.797946575,2.255316467,6887569568.0,5204916112.0,1100193040.0,10.0,36.0,83.659488,34.290431999999996,89.616832,0.543,105552.0,0.0,,,,,,9.947457821,333.0,29.07,0.0,0.0,538241664.0,0.0,0.0,0.0,24.0,41.56436,0.0,75.97644799999999,0.011,,,,,,,,0.0,0.0,420.18,193.12834693899998,32.808645328,84466161304.0,60603476664.0,18317023672.0,10.0,34.0,103.64629599999999,55.818008,83.655768,9.44,1261414.0,0.0,1261414.0,39.674541,0.0,,,73.318061169,1802.0,122.84,,,,,,,31.0,64.801656,23.143288,74.11699999999999,1.856,1261414.0,,,,,0.0,1261414.0,174.988731919,1775.0,409.7,354.1,393.9,334.0,69,57,67,64,0.005432,0.005432,76.583002,76.583132
1791341392.98,유휴,1,0,66.10000000000001,12.80355412,2.255316467,6888576712.0,5204947544.0,1100193040.0,10.0,36.0,84.708064,34.290431999999996,89.62131199999999,0.543,105552.0,0.0,,,,,,9.947457821,333.0,29.080000000000002,0.0,0.0,538895608.0,0.0,0.0,0.0,24.0,41.56436,0.0,75.98442399999999,0.011,,,,,,,,0.0,0.0,420.20000000000005,193.134876765,32.808645328,84466992624.0,60603513472.0,18317023672.0,10.0,34.0,104.69487199999999,55.818008,83.65755999999999,9.44,1261414.0,0.0,1261414.0,39.674541,0.0,,,73.318061169,1802.0,122.84,,,,,,,31.0,65.85023199999999,23.143288,74.127704,1.856,1261414.0,,,,,0.0,1261414.0,174.988731919,1775.0,409.5,355.4,393.9,334.1,69,57,67,64,0.00324,0.00324,79.345942,79.346076
1791341393.99,유휴,1,0,66.11,12.809438636,2.255316467,6889589112.0,5204984232.0,1100193040.0,10.0,36.0,85.75663999999999,34.290431999999996,89.63475199999999,0.543,105552.0,0.0,,,,,,9.947457821,333.0,29.090000000000003,0.0,0.0,539549504.0,0.0,0.0,0.0,24.0,42.612936,0.0,76.006712,0.011,,,,,,,,0.0,0.0,420.32000000000005,193.140851859,32.808645328,84467822952.0,60603549872.0,18317023672.0,10.0,34.0,104.69487199999999,55.818008,83.723224,9.44,1261414.0,0.0,1261414.0,39.674541,0.0,,,73.318061169,1802.0,122.86000000000001,,,,,,,31.0,66.898808,23.143288,74.133592,1.856,1261414.0,,,,,0.0,1261414.0,174.988731919,1775.0,409.5,355.4,393.9,334.1,69,57,67,64,0.00324,0.00324,79.345942,79.346076
1791341395.0,유휴,1,0,66.14,12.815783638000001,2.255781395,6890663008.0,5205071888.0,1100203608.0,10.0,36.0,86.805216,34.290431999999996,89.708488,0.543,105553.0,0.0,,,,,,9.951519007,334.0,29.1,0.0,0.0,540203424.0,0.0,0.0,0.0,24.0,42.612936,0.0,76.019592,0.011,,,,,,,,0.0,0.0,420.36,193.147479681,32.8097888,84469240216.0,60603665792.0,18317048136.0,10.0,34.0,47.297944,47.045528,83.73062399999999,9.445,1261416.0,0.0,1261416.0,39.674991,0.0,,,73.332897677,1804.0,122.87,,,,,,,31.0,68.99596,23.143288,74.141728,1.856,1261416.0,,,,,0.0,1261416.0,175.000069979,1777.0,409.5,355.4,393.9,334.1,69,57,67,64,0.00324,0.00324,79.345942,79.346076
1791341396.02,유휴,1,0,66.15,12.822448732,2.256724886,6891837360.0,5205245296.0,1100227800.0,10.0,36.0,86.805216,34.290431999999996,89.71002399999999,0.543,105556.0,0.0,,,,,,9.958710057,337.0,29.1,0.0,0.0,540857368.0,0.0,0.0,0.0,24.0,43.661511999999995,0.0,76.025888,0.011,,,,,,,,0.0,0.0,420.38000000000005,193.15404853899997,32.810820244,84470619400.0,60603808736.0,18317072600.0,10.0,34.0,49.395095999999995,47.045528,83.73062399999999,9.445,1261418.0,0.0,1261418.0,39.675441,0.0,,,73.345765883,1806.0,122.88000000000001,,,,,,,31.0,70.044536,23.143288,74.15432799999999,1.856,1261418.0,,,,,0.0,1261418.0,175.010037055,1779.0,408.4,353.6,395.2,332.7,69,57,67,64,0.004936,0.003232,82.053217,82.053343
1791341397.03,유휴,1,0,66.17,12.829417089,2.25710608,6892911760.0,5205336264.0,1100235464.0,10.0,36.0,87.853792,34.290431999999996,89.71002399999999,0.543,105557.0,0.0,,,,,,9.960919459,338.0,29.12,0.0,0.0,541512368.0,0.0,0.0,0.0,24.0,44.710088,0.0,76.03257599999999,0.011,,,,,,,,0.0,0.0,420.39000000000004,193.160619584,32.811342461,84471705552.0,60603899080.0,18317083072.0,10.0,34.0,49.395095999999995,47.045528,83.73062399999999,9.445,1261419.0,0.0,1261419.0,39.675669,0.0,,,73.352251862,1807.0,122.9,,,,,,,31.0,71.09311199999999,23.143288,74.161936,1.856,1261419.0,,,,,0.0,1261419.0,175.01539659,1780.0,408.4,353.6,395.2,332.7,69,57,67,64,0.004936,0.003232,82.053217,82.053343
1791341398.04,유휴,1,0,66.18,12.835971384,2.25710608,6893925000.0,5205372648.0,1100235464.0,10.0,36.0,88.902368,34.290431999999996,89.714488,0.543,105557.0,0.0,,,,,,9.960919459,338.0,29.12,0.0,0.0,542166288.0,0.0,0.0,0.0,24.0,44.710088,0.0,76.03825599999999,0.011,,,,,,,,0.0,0.0,420.41,193.167339845,32.811342461,84472535992.0,60603936032.0,18317083072.0,10.0,34.0,50.443672,47.045528,83.73062399999999,9.445,1261419.0,0.0,1261419.0,39.675669,0.0,,,73.352251862,1807.0,122.91000000000001,,,,,,,31.0,71.09311199999999,23.143288,74.16270399999999,1.856,1261419.0,,,,,0.0,1261419.0,175.01539659,1780.0,409.0,354.7,396.3,334.0,69,57,67,64,0.00564,0.00564,84.84327,84.843388
1791341399.05,유휴,1,0,66.19,12.842505949,2.25710608,6894938800.0,5205410744.0,1100235464.0,10.0,36.0,89.95094399999999,34.290431999999996,89.729112,0.543,105557.0,0.0,,,,,,9.960919459,338.0,29.130000000000003,0.0,0.0,542820136.0,0.0,0.0,0.0,24.0,45.758663999999996,0.0,76.052904,0.011,,,,,,,,0.0,0.0,420.42,193.17437389199998,32.811342461,84473367152.0,60603973784.0,18317083072.0,10.0,34.0,50.443672,47.045528,83.736432,9.445,1261419.0,0.0,1261419.0,39.675669,0.0,,,73.352251862,1807.0,122.93,,,,,,,31.0,72.141688,23.143288,74.167312,1.856,1261419.0,,,,,0.0,1261419.0,175.01539659,1780.0,409.0,354.7,396.3,334.0,69,57,67,64,0.00564,0.00564,84.84327,84.843388
1791341400.07,유휴,1,0,66.21000000000001,12.848782955,2.25710608,6895974280.0,5205470368.0,1100235464.0,10.0,36.0,92.048096,34.290431999999996,89.733384,0.543,105557.0,1.0,,,,,,9.960919459,338.0,29.14,0.0,0.0,543474160.0,0.0,0.0,0.0,24.0,45.758663999999996,0.0,76.056024,0.011,,,,,,,,0.0,0.0,420.44000000000005,193.182135974,32.812009894,84474492896.0,60604061248.0,18317098200.0,10.0,34.0,51.492248,47.045528,83.738784,9.445,1261420.0,0.0,1261420.0,39.675897,0.0,,,73.35989238,1808.0,122.94000000000001,,,,,,,31.0,73.190264,23.143288,74.18104,1.856,1261420.0,,,,,0.0,1261420.0,175.021005107,1781.0,409.0,354.7,396.3,334.0,69,57,67,64,0.00564,0.00564,84.84327,84.843388
1791341401.08,유휴,1,0,66.22,12.857862912,2.257858316,6897094168.0,5205595600.0,1100254344.0,10.0,36.0,93.096672,34.290431999999996,89.73612,0.543,105559.0,0.0,,,,,,9.966940276,340.0,29.150000000000002,0.0,0.0,544128104.0,0.0,0.0,0.0,24.0,45.758663999999996,0.0,76.05935199999999,0.011,,,,,,,,0.0,0.0,420.45000000000005,193.188178771,32.812751047,84475580768.0,60604153408.0,18317109248.0,10.0,34.0,53.5894,47.045528,83.73967999999999,9.445,1261421.0,0.0,1261421.0,39.676120999999995,0.0,,,73.367480406,1809.0,123.32000000000001,,,,,,,31.0,74.23884,23.143288,74.271472,1.856,1261421.0,,,,,0.0,1261421.0,175.028938654,1782.0,409.4,354.5,396.5,333.9,69,57,67,64,0.006552,0.006552,87.551059,87.551256
1791341402.09,유휴,1,0,66.24000000000001,12.863920598,2.257858316,6898106160.0,5205631912.0,1100254344.0,10.0,36.0,94.145248,34.290431999999996,89.739072,0.543,105559.0,0.0,,,,,,9.966940276,340.0,29.150000000000002,0.0,0.0,544782480.0,0.0,0.0,0.0,24.0,46.80724,0.0,76.07928,0.011,,,,,,,,0.0,0.0,420.46000000000004,193.193915028,32.812751047,84476410704.0,60604189840.0,18317109248.0,10.0,34.0,54.637975999999995,47.045528,83.745184,9.445,1261421.0,0.0,1261421.0,39.676120999999995,0.0,,,73.367480406,1809.0,123.36000000000001,,,,,,,31.0,75.287416,23.143288,74.896152,1.856,1261421.0,,,,,0.0,1261421.0,175.028938654,1782.0,409.4,354.5,396.5,333.9,69,57,67,64,0.006552,0.006552,87.551059,87.551256
1791341403.11,유휴,1,0,66.25,12.870069868,2.257858316,6899118152.0,5205668176.0,1100254344.0,10.0,36.0,95.19382399999999,34.290431999999996,89.74459999999999,0.543,105559.0,0.0,,,,,,9.966940276,340.0,29.16,0.0,0.0,545436344.0,0.0,0.0,0.0,24.0,47.855816,0.0,76.100152,0.011,,,,,,,,0.0,0.0,420.48,193.20048885399999,32.812751047,84477242104.0,60604226720.0,18317109248.0,10.0,34.0,54.637975999999995,47.045528,83.752248,9.445,1261421.0,0.0,1261421.0,39.676120999999995,0.0,,,73.367480406,1809.0,123.46000000000001,,,,,,,31.0,24.518895999999998,23.143288,74.869256,1.859,1261421.0,,,,,0.0,1261421.0,175.028938654,1782.0,409.4,354.5,396.5,333.9,69,57,67,64,0.006552,0.006552,87.551059,87.551256
1791341404.12,유휴,1,0,66.28,12.876557319,2.257858316,6900125744.0,5205700088.0,1100254344.0,10.0,36.0,96.24239999999999,34.290431999999996,89.771216,0.543,105559.0,0.0,,,,,,9.966940276,340.0,29.17,0.0,0.0,546090288.0,0.0,0.0,0.0,24.0,47.855816,0.0,76.120696,0.011,,,,,,,,0.0,0.0,420.49,193.20703564,32.812751047,84478072136.0,60604263128.0,18317109248.0,10.0,34.0,55.686552,47.045528,83.771152,9.445,1261421.0,0.0,1261421.0,39.676120999999995,0.0,,,73.367480406,1809.0,123.48,,,,,,,31.0,25.567472,23.143288,74.360304,1.859,1261421.0,,,,,0.0,1261421.0,175.028938654,1782.0,409.4,355.2,396.5,337.3,69,57,67,65,0.0032,0.0032,90.435019,90.435172
1791341405.13,유휴,1,0,66.32000000000001,12.883839437,2.258257504,6901199592.0,5205787688.0,1100264912.0,10.0,36.0,97.290976,34.290431999999996,89.85668,0.543,105560.0,0.0,,,,,,9.969390052,341.0,29.180000000000003,0.0,0.0,546744232.0,0.0,0.0,0.0,24.0,48.904391999999994,0.0,76.18110399999999,0.011,,,,,,,,0.0,0.0,420.52000000000004,193.213794472,32.813896932,84479466832.0,60604380112.0,18317133712.0,10.0,34.0,56.735127999999996,47.045528,83.78384799999999,9.445,1261423.0,0.0,1261423.0,39.676570999999996,0.0,,,73.381026553,1811.0,123.52000000000001,,,,,,,31.0,25.567472,23.143288,76.253824,1.859,1261423.0,,,,,0.0,1261423.0,175.04918019,1784.0,409.4,355.2,396.5,337.3,69,57,67,65,0.0032,0.0032,90.435019,90.435172
1791341406.14,유휴,1,0,66.35000000000001,12.891910857000001,2.259217475,6902376776.0,5205959920.0,1100289104.0,10.0,36.0,98.339552,34.290431999999996,89.875472,0.543,105563.0,0.0,,,,,,9.977067933,344.0,29.19,0.0,0.0,547399216.0,0.0,0.0,0.0,24.0,48.904391999999994,0.0,76.19291199999999,0.011,,,,,,,,0.0,0.0,420.54,193.219988931,32.814685837,84480619176.0,60604522656.0,18317156472.0,10.0,34.0,57.783704,47.045528,83.801416,9.445,1261425.0,0.0,1261425.0,39.677020999999996,0.0,,,73.387005275,1812.0,123.65,,,,,,,31.0,26.616048,23.143288,75.97000799999999,1.859,1261425.0,,,,,0.0,1261425.0,175.055018551,1785.0,409.4,355.2,396.5,337.3,69,57,67,65,0.0032,0.0032,90.435019,90.435172
1791341407.16,유휴,1,0,66.37,12.898722378,2.259678073,6903451016.0,5206050416.0,1100296768.0,10.0,36.0,99.388128,34.290431999999996,91.662392,0.543,105564.0,0.0,,,,,,9.979335224,345.0,29.19,0.0,0.0,548053160.0,0.0,0.0,0.0,24.0,49.952968,0.0,76.223,0.011,,,,,,,,0.0,0.0,420.55,193.22726261600002,32.815201711,84481708176.0,60604613024.0,18317167560.0,10.0,34.0,59.880855999999994,47.045528,83.817616,9.445,1261426.0,0.0,1261426.0,39.677248999999996,0.0,,,73.391997838,1813.0,123.72000000000001,,,,,,,31.0,27.664624,23.143288,76.16306399999999,1.859,1261426.0,,,,,0.0,1261426.0,175.061489677,1786.0,409.7,354.3,397.2,325.9,69,57,67,68,0.003424,0.003424,93.209863,93.20998
1791341408.16,유휴,1,0,66.42,12.905423517000001,2.259678073,6904479408.0,5206088160.0,1100296768.0,10.0,36.0,100.43670399999999,34.290431999999996,91.940512,0.543,105564.0,0.0,,,,,,9.979335224,345.0,29.23,0.0,0.0,548721968.0,0.0,0.0,0.0,24.0,51.001543999999996,0.0,78.190344,0.011,,,,,,,,0.0,0.0,420.57000000000005,193.233659246,32.815201711,84482553464.0,60604649936.0,18317167560.0,10.0,34.0,59.880855999999994,47.045528,84.430784,9.445,1261426.0,0.0,1261426.0,39.677248999999996,0.0,,,73.391997838,1813.0,123.73,,,,,,,31.0,28.713199999999997,23.143288,76.17007199999999,1.859,1261426.0,,,,,0.0,1261426.0,175.061489677,1786.0,409.7,354.3,397.2,325.9,69,57,67,68,0.003424,0.003424,93.209863,93.20998
1791341409.17,유휴,1,0,66.46000000000001,12.911727482,2.259678073,6905506536.0,5206124680.0,1100296768.0,10.0,36.0,101.48527999999999,34.290431999999996,91.66731999999999,0.543,105564.0,0.0,,,,,,9.979335224,345.0,29.26,0.0,0.0,549390920.0,0.0,0.0,0.0,24.0,52.05012,0.0,77.933656,0.011,,,,,,,,0.0,0.0,420.63000000000005,193.240180307,32.815201711,84483399400.0,60604687416.0,18317167560.0,10.0,34.0,60.929432,47.045528,83.985872,9.445,1261426.0,0.0,1261426.0,39.677248999999996,0.0,,,73.391997838,1813.0,123.74000000000001,,,,,,,31.0,29.761775999999998,23.143288,75.024936,1.859,1261426.0,,,,,0.0,1261426.0,175.061489677,1786.0,410.2,355.8,397.3,325.1,72,60,67,66,0.004488,0.004488,95.95501,95.955187
1791341410.19,유휴,1,0,66.49000000000001,12.918501982,2.259678073,6906637664.0,5206184808.0,1100296768.0,10.0,36.0,102.533856,34.290431999999996,91.21526399999999,0.543,105564.0,1.0,,,,,,9.979335224,345.0,29.290000000000003,0.0,0.0,550113072.0,0.0,0.0,0.0,24.0,52.05012,0.0,78.08256,0.011,,,,,,,,0.0,0.0,420.69000000000005,193.248653493,32.816159374,84484631144.0,60604781720.0,18317182688.0,10.0,34.0,63.026584,47.045528,84.24923199999999,9.445,1261427.0,0.0,1261427.0,39.677476999999996,0.0,,,73.401682178,1814.0,123.76,,,,,,,31.0,30.810351999999998,23.143288,75.038072,1.859,1261427.0,,,,,0.0,1261427.0,175.069479826,1787.0,410.2,355.8,397.3,325.1,72,60,67,66,0.004488,0.004488,95.95501,95.955187
1791341411.2,유휴,1,0,66.52000000000001,12.926441345,2.260684926,6907757304.0,5206309848.0,1100315648.0,10.0,36.0,103.582432,34.290431999999996,90.647792,0.543,105566.0,0.0,,,,,,9.985627345,347.0,29.62,0.0,0.0,550767016.0,0.0,0.0,0.0,24.0,53.098696,0.0,76.985216,0.011,,,,,,,,0.0,0.0,420.70000000000005,193.254701349,32.816803319,84485719688.0,60604872192.0,18317193736.0,10.0,34.0,63.026584,47.045528,84.250512,9.445,1261428.0,0.0,1261428.0,39.677701,0.0,,,73.412535809,1815.0,123.77000000000001,,,,,,,31.0,31.858928,23.143288,75.038072,1.859,1261428.0,,,,,0.0,1261428.0,175.078585737,1788.0,410.2,355.8,397.3,325.1,72,60,67,66,0.004488,0.004488,95.95501,95.955187
1791341412.21,유휴,1,0,66.55,12.932525421000001,2.260684926,6908769264.0,5206346184.0,1100315648.0,10.0,36.0,104.631008,34.290431999999996,90.647792,0.547,105566.0,0.0,,,,,,9.985627345,347.0,29.62,0.0,0.0,551420488.0,0.0,0.0,0.0,24.0,53.098696,0.0,76.985216,0.011,,,,,,,,0.0,0.0,420.72,193.260388517,32.816803319,84486544512.0,60604903696.0,18317193736.0,10.0,34.0,64.07516,47.045528,84.25409599999999,9.445,1261428.0,0.0,1261428.0,39.677701,0.0,,,73.412535809,1815.0,123.78,,,,,,,31.0,32.907503999999996,23.143288,75.03973599999999,1.859,1261428.0,,,,,0.0,1261428.0,175.078585737,1788.0,409.5,363.4,397.5,324.6,69,57,67,64,0.003264,0.003264,98.79165,98.791787
1791341413.22,유휴,1,0,66.56,12.938440187,2.260684926,6909809216.0,5206382928.0,1100315648.0,10.0,36.0,35.802816,34.290431999999996,90.647792,0.547,105566.0,0.0,,,,,,9.985627345,347.0,29.630000000000003,0.0,0.0,552073888.0,0.0,0.0,0.0,24.0,54.147272,0.0,76.986536,0.011,,,,,,,,0.0,0.0,420.73,193.266611827,32.816803319,84487375872.0,60604940552.0,18317193736.0,10.0,34.0,65.123736,47.045528,84.25576,9.445,1261428.0,0.0,1261428.0,39.677701,0.0,,,73.412535809,1815.0,123.79,,,,,,,31.0,33.95608,23.143288,75.03973599999999,1.859,1261428.0,,,,,0.0,1261428.0,175.078585737,1788.0,409.5,363.4,397.5,324.6,69,57,67,64,0.003264,0.003264,98.79165,98.791787
1791341414.24,유휴,1,0,66.57000000000001,12.944476224,2.260684926,6910821080.0,5206419192.0,1100315648.0,10.0,36.0,36.851392,34.290431999999996,90.647792,0.547,105566.0,0.0,,,,,,9.985627345,347.0,29.630000000000003,0.0,0.0,552727384.0,0.0,0.0,0.0,24.0,55.195848,0.0,76.986536,0.011,,,,,,,,0.0,0.0,420.74,193.272703306,32.816803319,84488205848.0,60604976984.0,18317193736.0,10.0,34.0,66.17231199999999,47.045528,84.26208,9.445,1261428.0,0.0,1261428.0,39.677701,0.0,,,73.412535809,1815.0,123.80000000000001,,,,,,,31.0,33.95608,23.143288,75.04370399999999,1.859,1261428.0,,,,,0.0,1261428.0,175.078585737,1788.0,409.5,363.4,397.5,324.6,69,57,67,64,0.003264,0.003264,98.79165,98.791787
1791341415.25,유휴,1,0,66.59,12.952170002999999,2.261227787,6911916224.0,5206528144.0,1100326216.0,10.0,36.0,37.899968,34.290431999999996,90.65649599999999,0.547,105567.0,1.0,,,,,,9.988744041,348.0,29.64,0.0,0.0,553380808.0,0.0,0.0,0.0,24.0,55.195848,0.0,76.999928,0.011,,,,,,,,0.0,0.0,420.76000000000005,193.279469084,32.818105427,84489605920.0,60605094936.0,18317218200.0,10.0,34.0,67.220888,47.045528,84.26208,9.445,1261430.0,0.0,1261430.0,39.678151,0.0,,,73.426757013,1817.0,123.82000000000001,,,,,,,31.0,35.004656,23.143288,75.06452,1.859,1261430.0,,,,,0.0,1261430.0,175.08719723,1790.0,410.0,353.4,397.3,325.0,69,57,67,64,0.003264,0.003264,101.505457,101.505602
1791341416.26,유휴,1,0,66.60000000000001,12.959940074,2.262259728,6913066648.0,5206677064.0,1100351024.0,10.0,36.0,37.899968,34.290431999999996,90.657952,0.547,105570.0,0.0,,,,,,9.996318717,351.0,29.650000000000002,0.0,0.0,554035344.0,0.0,0.0,0.0,24.0,56.244423999999995,0.0,76.999136,0.011,,,,,,,,0.0,0.0,420.78000000000003,193.287000344,32.818712805,84490737904.0,60605217576.0,18317238104.0,10.0,34.0,68.269464,47.045528,84.26208,9.445,1261432.0,0.0,1261432.0,39.678601,0.0,,,73.433738029,1818.0,123.84,,,,,,,31.0,36.053232,23.143288,75.06452,1.859,1261432.0,,,,,0.0,1261432.0,175.100412996,1791.0,410.0,353.4,397.3,325.0,69,57,67,64,0.003264,0.003264,101.505457,101.505602
1791341417.27,유휴,1,0,66.61,12.966316309,2.262637727,6914141048.0,5206768200.0,1100358688.0,10.0,36.0,38.948544,34.290431999999996,90.657952,0.547,105571.0,0.0,,,,,,9.998677575,352.0,29.680000000000003,0.0,0.0,554688840.0,0.0,0.0,0.0,24.0,57.293,0.0,77.013984,0.011,,,,,,,,0.0,0.0,420.79,193.294232147,32.819475728,84491829744.0,60605306024.0,18317251968.0,10.0,34.0,69.31804,47.045528,84.26208,9.445,1261433.0,0.0,1261433.0,39.678829,0.0,,,73.441869373,1819.0,123.85000000000001,,,,,,,31.0,37.101808,23.143288,75.06452,1.859,1261433.0,,,,,0.0,1261433.0,175.105665557,1792.0,410.0,353.4,397.3,325.0,69,57,67,64,0.003264,0.003264,101.505457,101.505602
1791341418.29,유휴,1,0,66.63000000000001,12.97337338,2.262637727,6915178168.0,5206829720.0,1100358688.0,10.0,36.0,39.997119999999995,34.290431999999996,90.66205599999999,0.547,105571.0,0.0,,,,,,9.998677575,352.0,29.69,0.0,0.0,555342312.0,0.0,0.0,0.0,24.0,57.293,0.0,77.02154399999999,0.011,,,,,,,,0.0,0.0,420.8,193.30047877700002,32.819475728,84492659872.0,60605342744.0,18317251968.0,10.0,34.0,70.366616,47.045528,84.26268,9.445,1261433.0,0.0,1261433.0,39.678829,0.0,,,73.441869373,1819.0,123.85000000000001,,,,,,,31.0,39.19896,23.143288,75.06452,1.859,1261433.0,,,,,0.0,1261433.0,175.105665557,1792.0,409.5,353.6,397.5,324.8,69,57,67,64,0.016856,0.01644,104.215201,104.215333
1791341419.29,유휴,1,0,66.64,12.979110976000001,2.262637727,6916190216.0,5206866104.0,1100358688.0,10.0,36.0,41.045696,34.290431999999996,90.66205599999999,0.547,105571.0,0.0,,,,,,9.998677575,352.0,29.700000000000003,0.0,0.0,555995808.0,0.0,0.0,0.0,24.0,58.341575999999996,0.0,77.02154399999999,0.011,,,,,,,,0.0,0.0,420.82000000000005,193.307241588,32.819475728,84493490904.0,60605380328.0,18317251968.0,10.0,34.0,71.41519199999999,47.045528,84.286024,9.445,1261433.0,0.0,1261433.0,39.678829,0.0,,,73.441869373,1819.0,123.86000000000001,,,,,,,31.0,40.247536,23.143288,75.06452,1.859,1261433.0,,,,,0.0,1261433.0,175.105665557,1792.0,409.5,353.6,397.5,324.8,69,57,67,64,0.016856,0.01644,104.215201,104.215333
1791341420.29,유휴,1,0,66.71000000000001,12.98658019,2.262637727,6917320800.0,5207021096.0,1100358688.0,10.0,36.0,42.094272,34.290431999999996,90.695776,0.547,105571.0,1.0,,,,,,9.998677575,352.0,29.71,0.0,0.0,556649224.0,0.0,0.0,0.0,24.0,58.341575999999996,0.0,77.02154399999999,0.014,,,,,,,,0.0,0.0,420.83000000000004,193.316418178,32.820267051,84494716416.0,60605562952.0,18317267608.0,10.0,34.0,72.463768,47.045528,84.292904,9.445,1261434.0,0.0,1261434.0,39.679057,0.0,,,73.449249105,1820.0,123.86000000000001,,,,,,,31.0,40.247536,23.143288,75.065288,1.859,1261434.0,,,,,0.0,1261434.0,175.110322941,1793.0,409.5,353.6,397.5,324.8,69,57,67,64,0.016856,0.01644,104.215201,104.215333
1791341421.3,유휴,1,0,66.72,12.993672223999999,2.263284105,6918440296.0,5207146112.0,1100377568.0,10.0,36.0,43.142848,34.290431999999996,90.696928,0.547,105573.0,0.0,,,,,,10.004353275,354.0,29.720000000000002,0.0,0.0,557349776.0,0.0,0.0,0.0,24.0,26.768583999999997,0.0,77.03764799999999,0.014,,,,,,,,0.0,0.0,420.85,193.32315364,32.820820109,84495808528.0,60605655160.0,18317278656.0,10.0,34.0,73.512344,47.045528,84.292904,9.445,1261435.0,0.0,1261435.0,39.679280999999996,0.0,,,73.46005974,1821.0,123.87,,,,,,,31.0,41.296112,23.143288,75.066424,1.859,1261435.0,,,,,0.0,1261435.0,175.120702485,1794.0,410.2,353.7,397.0,325.0,69,57,67,64,0.016936,0.016936,107.00119,107.001302
1791341422.32,유휴,1,0,66.75,12.999713738999999,2.263284105,6919452232.0,5207182424.0,1100377568.0,10.0,36.0,44.191424,34.290431999999996,90.697696,0.547,105573.0,0.0,,,,,,10.004353275,354.0,29.73,0.0,0.0,558003200.0,0.0,0.0,0.0,24.0,27.817159999999998,0.0,77.057616,0.014,,,,,,,,0.0,0.0,420.87,193.329663354,32.820820109,84496638864.0,60605692016.0,18317278656.0,10.0,34.0,74.56092,47.045528,84.300328,9.445,1261435.0,0.0,1261435.0,39.679280999999996,0.0,,,73.46005974,1821.0,123.88000000000001,,,,,,,31.0,42.344688,23.143288,75.066424,1.859,1261435.0,,,,,0.0,1261435.0,175.120702485,1794.0,410.2,353.7,397.0,325.0,69,57,67,64,0.016936,0.016936,107.00119,107.001302
1791341423.32,유휴,1,0,66.76,13.006972017999999,2.263284105,6920466904.0,5207221472.0,1100377568.0,10.0,36.0,45.239999999999995,34.290431999999996,90.703552,0.547,105573.0,0.0,,,,,,10.004353275,354.0,29.73,0.0,0.0,558656696.0,0.0,0.0,0.0,24.0,28.865736,0.0,77.061888,0.014,,,,,,,,0.0,0.0,420.91,193.33648048499998,32.820820109,84497469816.0,60605728424.0,18317278656.0,10.0,34.0,75.609496,47.045528,84.31159199999999,9.445,1261435.0,0.0,1261435.0,39.679280999999996,0.0,,,73.46005974,1821.0,123.9,,,,,,,31.0,43.393263999999995,23.143288,75.072824,1.859,1261435.0,,,,,0.0,1261435.0,175.120702485,1794.0,409.1,353.0,396.3,323.7,69,57,67,64,0.0032,0.0032,110.049932,110.050072
1791341424.34,유휴,1,0,66.77000000000001,13.012764328,2.263284105,6921478984.0,5207257808.0,1100377568.0,10.0,36.0,46.288576,34.290431999999996,90.708992,0.547,105573.0,0.0,,,,,,10.004353275,354.0,29.740000000000002,0.0,0.0,559310136.0,0.0,0.0,0.0,24.0,28.865736,0.0,77.067328,0.014,,,,,,,,0.0,0.0,420.92,193.342763954,32.820820109,84498299752.0,60605764832.0,18317278656.0,10.0,34.0,76.65807199999999,47.045528,84.322088,9.445,1261435.0,0.0,1261435.0,39.679280999999996,0.0,,,73.46005974,1821.0,123.91000000000001,,,,,,,31.0,44.44184,23.143288,75.07884,1.859,1261435.0,,,,,0.0,1261435.0,175.120702485,1794.0,409.1,353.0,396.3,323.7,69,57,67,64,0.0032,0.0032,110.049932,110.050072
1791341425.35,유휴,1,0,66.78,13.018979810000001,2.26368612,6922548040.0,5207340632.0,1100388136.0,10.0,36.0,47.337151999999996,34.290431999999996,90.708992,0.547,105574.0,0.0,,,,,,10.00701847,355.0,29.750000000000004,0.0,0.0,559964176.0,0.0,0.0,0.0,24.0,29.914312,0.0,77.069248,0.014,,,,,,,,0.0,0.0,420.95000000000005,193.34933419,32.821862041,84499705600.0,60605884688.0,18317303120.0,10.0,34.0,77.706648,47.045528,84.325288,9.445,1261437.0,0.0,1261437.0,39.679731,0.0,,,73.478256142,1823.0,123.93,,,,,,,31.0,45.490415999999996,23.143288,75.09531199999999,1.859,1261437.0,,,,,0.0,1261437.0,175.136448575,1796.0,409.1,353.0,396.3,323.7,69,57,67,64,0.0032,0.0032,110.049932,110.050072
1791341426.36,유휴,1,0,66.81,13.027363598,2.26458164,6923718568.0,5207511432.0,1100410912.0,10.0,36.0,48.385728,34.290431999999996,90.718336,0.547,105577.0,0.0,,,,,,10.014688672,357.0,29.76,0.0,0.0,560618984.0,0.0,0.0,0.0,24.0,29.914312,0.0,77.07104,0.014,,,,,,,,0.0,0.0,420.96000000000004,193.356200043,32.823173357,84501097168.0,60606026904.0,18317327584.0,10.0,34.0,78.755224,47.045528,84.325288,9.445,1261439.0,0.0,1261439.0,39.680181,0.0,,,73.510841626,1825.0,123.95,,,,,,,31.0,46.538992,23.143288,75.09531199999999,1.859,1261439.0,,,,,0.0,1261439.0,175.158012329,1798.0,410.1,353.8,398.1,324.8,69,57,67,64,0.003624,0.003624,112.671,112.671118
1791341427.38,유휴,1,0,66.83,13.032987235,2.264901853,6924790464.0,5207599952.0,1100418576.0,10.0,36.0,50.482879999999994,34.290431999999996,90.73216,0.547,105578.0,0.0,,,,,,10.017213404,358.0,29.810000000000002,0.0,0.0,561272600.0,0.0,0.0,0.0,24.0,30.962888,0.0,77.100096,0.014,,,,,,,,0.0,0.0,420.98,193.363454847,32.823667422,84502189128.0,60606118208.0,18317338056.0,10.0,34.0,79.8038,47.045528,84.325288,9.445,1261440.0,0.0,1261440.0,39.680409,0.0,,,73.517012666,1826.0,123.96000000000001,,,,,,,31.0,47.587568,23.143288,75.096592,1.859,1261440.0,,,,,0.0,1261440.0,175.162656881,1799.0,410.1,353.8,398.1,324.8,69,57,67,64,0.003624,0.003624,112.671,112.671118
1791341428.39,유휴,1,0,66.84,13.04092192,2.264901853,6925807656.0,5207640352.0,1100418576.0,10.0,36.0,51.531456,34.290431999999996,90.73216,0.547,105578.0,0.0,,,,,,10.017213404,358.0,29.82,0.0,0.0,561926768.0,0.0,0.0,0.0,24.0,32.011464,0.0,77.100096,0.014,,,,,,,,0.0,0.0,421.0,193.370381713,32.823667422,84503020128.0,60606155560.0,18317338056.0,10.0,34.0,80.85237599999999,47.045528,84.354664,9.445,1261440.0,0.0,1261440.0,39.680409,0.0,,,73.517012666,1826.0,123.97000000000001,,,,,,,31.0,48.636143999999994,23.143288,75.106096,1.859,1261440.0,,,,,0.0,1261440.0,175.162656881,1799.0,410.1,353.8,398.1,324.8,69,57,67,64,0.003624,0.003624,112.671,112.671118
1791341429.4,유휴,1,0,66.85000000000001,13.047136425,2.264901853,6926820168.0,5207676648.0,1100418576.0,10.0,36.0,51.531456,34.290431999999996,90.73702399999999,0.547,105578.0,0.0,,,,,,10.017213404,358.0,29.830000000000002,0.0,0.0,562580264.0,0.0,0.0,0.0,24.0,32.011464,0.0,77.108176,0.014,,,,,,,,0.0,0.0,421.02000000000004,193.376896088,32.823667422,84503850168.0,60606192224.0,18317338056.0,10.0,34.0,81.90095199999999,47.045528,84.35812,9.445,1261440.0,0.0,1261440.0,39.680409,0.0,,,73.517012666,1826.0,124.01,,,,,,,31.0,49.68472,23.143288,75.127856,1.859,1261440.0,,,,,0.0,1261440.0,175.162656881,1799.0,410.4,353.6,397.6,324.0,69,57,67,64,0.014312,0.014312,115.558365,115.558677
1791341430.41,유휴,1,0,66.88000000000001,13.056024825000001,2.265418049,6927987360.0,5207857600.0,1100429152.0,10.0,36.0,53.628608,34.290431999999996,90.738176,0.547,105579.0,0.0,,,,,,10.022082349,359.0,29.840000000000003,0.0,0.0,563233872.0,0.0,0.0,0.0,24.0,33.06004,0.0,77.111424,0.014,,,,,,,,0.0,0.0,421.03000000000003,193.385339374,32.824215392,84505083896.0,60606381632.0,18317353184.0,10.0,34.0,82.949528,47.045528,84.366928,9.445,1261441.0,0.0,1261441.0,39.680637,0.0,,,73.523654698,1827.0,124.01,,,,,,,31.0,50.733295999999996,23.143288,75.133856,1.859,1261441.0,,,,,0.0,1261441.0,175.16793684,1800.0,410.4,353.6,397.6,324.0,69,57,67,64,0.014312,0.014312,115.558365,115.558677
1791341431.42,유휴,1,0,66.89,13.063418658,2.26574747,6929070536.0,5207956848.0,1100437456.0,10.0,36.0,54.677184,34.290431999999996,90.745576,0.547,105580.0,0.0,,,,,,10.024801587,360.0,29.85,0.0,0.0,563887368.0,0.0,0.0,0.0,24.0,34.108616,0.0,77.121488,0.014,,,,,,,,0.0,0.0,421.08000000000004,193.39234599600002,32.824702499,84506177280.0,60606472104.0,18317364232.0,10.0,34.0,83.998104,47.045528,84.393552,9.445,1261442.0,0.0,1261442.0,39.680861,0.0,,,73.533800975,1828.0,124.03,,,,,,,31.0,51.781872,23.143288,75.13663199999999,1.859,1261442.0,,,,,0.0,1261442.0,175.174421276,1801.0,410.4,353.6,397.6,324.0,69,57,67,64,0.014312,0.014312,115.558365,115.558677
1791341432.44,유휴,1,0,66.91000000000001,13.069602921000001,2.26574747,6930082416.0,5207993128.0,1100437456.0,10.0,36.0,54.677184,34.290431999999996,90.74852,0.547,105580.0,0.0,,,,,,10.024801587,360.0,29.85,0.0,0.0,564540864.0,0.0,0.0,0.0,24.0,34.108616,0.0,77.121488,0.014,,,,,,,,0.0,0.0,421.11,193.398243397,32.824702499,84507020264.0,60606504056.0,18317364232.0,10.0,34.0,85.04668,47.045528,84.39897599999999,9.445,1261442.0,0.0,1261442.0,39.680861,0.0,,,73.533800975,1828.0,124.04,,,,,,,31.0,52.830448,23.143288,75.13663199999999,1.859,1261442.0,,,,,0.0,1261442.0,175.174421276,1801.0,409.7,353.4,397.8,325.5,69,57,67,64,0.00324,0.00324,118.355812,118.356201
1791341433.45,유휴,1,0,66.92,13.075555707,2.26574747,6931094824.0,5208029896.0,1100437456.0,10.0,36.0,55.725759999999994,34.290431999999996,90.74852,0.547,105580.0,0.0,,,,,,10.024801587,360.0,29.87,0.0,0.0,565194216.0,0.0,0.0,0.0,24.0,35.157191999999995,0.0,77.125968,0.014,,,,,,,,0.0,0.0,421.13000000000005,193.404006494,32.824702499,84507851304.0,60606540488.0,18317364232.0,10.0,34.0,86.09525599999999,47.045528,84.39999999999999,9.445,1261442.0,0.0,1261442.0,39.680861,0.0,,,73.533800975,1828.0,124.04,,,,,,,31.0,53.879023999999994,23.143288,75.13855199999999,1.859,1261442.0,,,,,0.0,1261442.0,175.174421276,1801.0,409.7,353.4,397.8,325.5,69,57,67,64,0.00324,0.00324,118.355812,118.356201
1791341434.46,유휴,1,0,66.93,13.082036227,2.26574747,6932106712.0,5208066184.0,1100437456.0,10.0,36.0,56.774336,34.290431999999996,90.757256,0.547,105580.0,0.0,,,,,,10.024801587,360.0,29.87,0.0,0.0,565847712.0,0.0,0.0,0.0,24.0,36.205768,0.0,77.136448,0.014,,,,,,,,0.0,0.0,421.14000000000004,193.41046945099998,32.824702499,84508681112.0,60606576848.0,18317364232.0,10.0,34.0,86.09525599999999,47.045528,84.39999999999999,9.445,1261442.0,0.0,1261442.0,39.680861,0.0,,,73.533800975,1828.0,124.05000000000001,,,,,,,31.0,54.9276,23.143288,75.13855199999999,1.859,1261442.0,,,,,0.0,1261442.0,175.174421276,1801.0,410.4,353.9,397.1,324.2,69,57,67,64,0.00324,0.00324,121.150439,121.150583
1791341435.48,유휴,1,0,66.95,13.089434825000001,2.266196132,6933199856.0,5208172992.0,1100448024.0,10.0,36.0,58.871488,34.290431999999996,90.75828,0.547,105581.0,1.0,,,,,,10.027437022,361.0,29.880000000000003,0.0,0.0,566501072.0,0.0,0.0,0.0,24.0,36.205768,0.0,77.138032,0.014,,,,,,,,0.0,0.0,421.15000000000003,193.418537435,32.825782592,84510088624.0,60606695728.0,18317388696.0,10.0,34.0,88.192408,47.045528,84.39999999999999,9.445,1261444.0,0.0,1261444.0,39.681311,0.0,,,73.546031851,1830.0,124.06,,,,,,,31.0,55.976175999999995,23.143288,75.140472,1.859,1261444.0,,,,,0.0,1261444.0,175.186167599,1803.0,410.4,353.9,397.1,324.2,69,57,67,64,0.00324,0.00324,121.150439,121.150583
1791341436.49,유휴,1,0,66.97,13.096345864,2.266875719,6934346304.0,5208319952.0,1100470800.0,10.0,36.0,59.920063999999996,34.290431999999996,90.81048799999999,0.547,105584.0,0.0,,,,,,10.032835597,363.0,29.89,0.0,0.0,567155688.0,0.0,0.0,0.0,24.0,37.254343999999996,0.0,77.142984,0.014,,,,,,,,0.0,0.0,421.18,193.42495068399998,32.826962,84511485000.0,60606838368.0,18317413160.0,10.0,34.0,89.240984,47.045528,84.407888,9.445,1261446.0,0.0,1261446.0,39.681761,0.0,,,73.572801011,1832.0,124.07000000000001,,,,,,,31.0,57.024752,23.143288,75.142136,1.859,1261446.0,,,,,0.0,1261446.0,175.209376028,1805.0,410.4,353.9,397.1,324.2,69,57,67,64,0.00324,0.00324,121.150439,121.150583
1791341437.5,유휴,1,0,67.0,13.104039521,2.267305784,6935420744.0,5208411032.0,1100478464.0,10.0,36.0,60.96864,34.290431999999996,90.816504,0.547,105585.0,0.0,,,,,,10.034976304,364.0,29.91,0.0,0.0,567809344.0,0.0,0.0,0.0,24.0,38.30292,0.0,77.15366399999999,0.014,,,,,,,,0.0,0.0,421.19000000000005,193.431536919,32.827417549,84512578304.0,60606929072.0,18317423632.0,10.0,34.0,90.28956,47.045528,84.42196799999999,9.445,1261447.0,0.0,1261447.0,39.681989,0.0,,,73.579355585,1833.0,124.09,,,,,,,31.0,58.073328,23.143288,75.14572,1.859,1261447.0,,,,,0.0,1261447.0,175.215561149,1806.0,410.5,354.0,398.0,325.9,69,57,67,64,0.004072,0.004072,123.848793,123.848937
1791341438.51,유휴,1,0,67.04,13.110917048000001,2.267305784,6936434288.0,5208448864.0,1100478464.0,10.0,36.0,62.017216,34.290431999999996,90.83659999999999,0.547,105585.0,0.0,,,,,,10.034976304,364.0,29.91,0.0,0.0,568462872.0,0.0,0.0,0.0,24.0,38.30292,0.0,77.15366399999999,0.014,,,,,,,,0.0,0.0,421.21000000000004,193.43804359900003,32.827417549,84513408840.0,60606966176.0,18317423632.0,10.0,34.0,91.33813599999999,47.045528,84.41870399999999,9.445,1261447.0,0.0,1261447.0,39.681989,0.0,,,73.579355585,1833.0,124.09,,,,,,,31.0,58.073328,23.143288,75.14572,1.859,1261447.0,,,,,0.0,1261447.0,175.215561149,1806.0,410.5,354.0,398.0,325.9,69,57,67,64,0.004072,0.004072,123.848793,123.848937
1791341439.53,유휴,1,0,67.06,13.116729001000001,2.267305784,6937446816.0,5208485104.0,1100478464.0,10.0,36.0,63.065791999999995,34.290431999999996,90.837496,0.547,105585.0,0.0,,,,,,10.034976304,364.0,29.96,0.0,0.0,569116272.0,0.0,0.0,0.0,24.0,39.351496,0.0,77.182464,0.014,,,,,,,,0.0,0.0,421.22,193.44423441700002,32.827417549,84514238736.0,60607002744.0,18317423632.0,10.0,34.0,92.386712,47.045528,84.41870399999999,9.445,1261447.0,0.0,1261447.0,39.681989,0.0,,,73.579355585,1833.0,124.10000000000001,,,,,,,31.0,59.121904,23.143288,75.14572,1.859,1261447.0,,,,,0.0,1261447.0,175.215561149,1806.0,410.5,354.0,398.0,325.9,69,57,67,64,0.004072,0.004072,123.848793,123.848937
1791341440.54,유휴,1,0,67.07000000000001,13.124653852,2.267804445,6938518968.0,5208571008.0,1100489040.0,10.0,36.0,64.114368,34.290431999999996,90.838264,0.547,105586.0,0.0,,,,,,10.03862674,365.0,29.98,0.0,0.0,569769800.0,0.0,0.0,0.0,24.0,40.400072,0.0,77.18784,0.014,,,,,,,,0.0,0.0,421.24,193.45263903300003,32.828255513,84515378584.0,60607096416.0,18317438760.0,10.0,34.0,93.435288,47.045528,84.41870399999999,9.445,1261448.0,0.0,1261448.0,39.682217,0.0,,,73.604990112,1834.0,124.12,,,,,,,31.0,61.219055999999995,23.143288,75.154296,1.859,1261448.0,,,,,0.0,1261448.0,175.240514612,1807.0,410.2,354.0,397.3,324.8,69,57,67,64,0.005616,0.005616,126.580953,126.581095
1791341441.55,유휴,1,0,67.09,13.132279824,2.268156589,6939601880.0,5208670016.0,1100497344.0,10.0,36.0,65.162944,34.290431999999996,90.83903199999999,0.547,105587.0,0.0,,,,,,10.040717118,366.0,29.98,0.0,0.0,570423296.0,0.0,0.0,0.0,24.0,40.400072,0.0,77.18959199999999,0.014,,,,,,,,0.0,0.0,421.26000000000005,193.459641805,32.82909241,84516474056.0,60607187240.0,18317449808.0,10.0,34.0,94.483864,47.045528,84.419984,9.445,1261449.0,0.0,1261449.0,39.682441,0.0,,,73.63344578,1835.0,124.13000000000001,,,,,,,31.0,62.267632,23.143288,75.154296,1.859,1261449.0,,,,,0.0,1261449.0,175.267190499,1808.0,410.2,354.0,397.3,324.8,69,57,67,64,0.005616,0.005616,126.580953,126.581095
1791341442.56,유휴,1,0,67.13000000000001,13.13848597,2.268156589,6940613736.0,5208706256.0,1100497344.0,10.0,36.0,66.21152,34.290431999999996,90.850872,0.547,105587.0,0.0,,,,,,10.040717118,366.0,29.990000000000002,0.0,0.0,571076696.0,0.0,0.0,0.0,24.0,41.448648,0.0,77.190872,0.014,,,,,,,,0.0,0.0,421.27000000000004,193.465986859,32.82909241,84517304224.0,60607223976.0,18317449808.0,10.0,34.0,95.53244,47.045528,84.419984,9.445,1261449.0,0.0,1261449.0,39.682441,0.0,,,73.63344578,1835.0,124.14000000000001,,,,,,,31.0,63.316207999999996,23.143288,75.155192,1.859,1261449.0,,,,,0.0,1261449.0,175.267190499,1808.0,409.7,353.5,396.8,324.7,69,57,67,64,0.003224,0.003224,129.330445,129.330571
1791341443.58,유휴,1,0,67.14,13.14481737,2.268156589,6941626168.0,5208742992.0,1100497344.0,10.0,36.0,67.26009599999999,34.290431999999996,90.850872,0.547,105587.0,0.0,,,,,,10.040717118,366.0,30.000000000000004,0.0,0.0,571730160.0,0.0,0.0,0.0,24.0,41.448648,0.0,77.190872,0.014,,,,,,,,0.0,0.0,421.28000000000003,193.47234260300002,32.82909241,84518130328.0,60607255408.0,18317449808.0,10.0,34.0,96.58101599999999,47.045528,84.420752,9.445,1261449.0,0.0,1261449.0,39.682441,0.0,,,73.63344578,1835.0,124.15,,,,,,,31.0,64.364784,23.143288,75.155192,1.859,1261449.0,,,,,0.0,1261449.0,175.267190499,1808.0,409.7,353.5,396.8,324.7,69,57,67,64,0.003224,0.003224,129.330445,129.330571
1791341444.59,유휴,1,0,67.15,13.151131581,2.268156589,6942638024.0,5208779280.0,1100497344.0,10.0,36.0,68.308672,34.290431999999996,90.850872,0.547,105587.0,0.0,,,,,,10.040717118,366.0,30.000000000000004,0.0,0.0,572383632.0,0.0,0.0,0.0,24.0,41.448648,0.0,77.190872,0.014,,,,,,,,0.0,0.0,421.3,193.478582244,32.82909241,84518960136.0,60607291720.0,18317449808.0,10.0,34.0,96.58101599999999,47.045528,84.424944,9.445,1261449.0,0.0,1261449.0,39.682441,0.0,,,73.63344578,1835.0,124.16000000000001,,,,,,,31.0,64.364784,23.143288,75.166584,1.859,1261449.0,,,,,0.0,1261449.0,175.267190499,1808.0,409.7,353.5,396.8,324.7,69,57,67,64,0.003224,0.003224,129.330445,129.330571
1791341445.6,유휴,1,0,67.18,13.159418594,2.268748868,6943742552.0,5208897648.0,1100507880.0,10.0,36.0,69.357248,34.290431999999996,90.851896,0.547,105588.0,1.0,,,,,,10.045016814,367.0,30.000000000000004,0.0,0.0,573037136.0,0.0,0.0,0.0,24.0,42.497223999999996,0.0,77.192664,0.014,,,,,,,,0.0,0.0,421.32000000000005,193.487025524,32.830242544,84520369416.0,60607408552.0,18317474272.0,10.0,34.0,98.678168,47.045528,84.424944,9.445,1261451.0,0.0,1261451.0,39.682891,0.0,,,73.648400402,1837.0,124.18,,,,,,,31.0,65.41336,23.143288,75.166584,1.859,1261451.0,,,,,0.0,1261451.0,175.278982528,1810.0,410.2,354.3,397.3,325.0,69,57,67,64,0.002776,0.002776,132.090693,132.090832
1791341446.62,유휴,1,0,67.19,13.166313359,2.269484439,6944889656.0,5209045208.0,1100530656.0,10.0,36.0,70.405824,34.290431999999996,90.854584,0.547,105591.0,0.0,,,,,,10.050759396,369.0,30.01,0.0,0.0,573691560.0,0.0,0.0,0.0,24.0,42.497223999999996,0.0,77.195864,0.014,,,,,,,,0.0,0.0,421.33000000000004,193.494598095,32.831185193,84521768616.0,60607550872.0,18317498736.0,10.0,34.0,99.726744,47.045528,84.424944,9.445,1261453.0,0.0,1261453.0,39.683341,0.0,,,73.686246553,1839.0,124.19000000000001,,,,,,,31.0,66.461936,23.143288,75.166584,1.859,1261453.0,,,,,0.0,1261453.0,175.316137473,1812.0,410.2,354.3,397.3,325.0,69,57,67,64,0.002776,0.002776,132.090693,132.090832
1791341447.63,유휴,1,0,67.21000000000001,13.173119752,2.270011527,6945962128.0,5209134416.0,1100538320.0,10.0,36.0,71.45439999999999,34.290431999999996,90.864952,0.547,105592.0,0.0,,,,,,10.053290226,370.0,30.020000000000003,0.0,0.0,574345032.0,0.0,0.0,0.0,24.0,43.5458,0.0,77.2038,0.014,,,,,,,,0.0,0.0,421.35,193.501805785,32.831810358,84522864216.0,60607642064.0,18317509208.0,10.0,34.0,100.77532,47.045528,84.424944,9.445,1261454.0,0.0,1261454.0,39.683569,0.0,,,73.692698517,1840.0,124.2,,,,,,,31.0,67.51051199999999,23.143288,75.172472,1.859,1261454.0,,,,,0.0,1261454.0,175.321290683,1813.0,410.2,354.3,397.3,325.0,69,57,67,64,0.002776,0.002776,132.090693,132.090832
1791341448.64,유휴,1,0,67.22,13.179818428,2.270011527,6946972608.0,5209169248.0,1100538320.0,10.0,36.0,72.50297599999999,34.290431999999996,90.86610399999999,0.547,105592.0,0.0,,,,,,10.053290226,370.0,30.03,0.0,0.0,574998528.0,0.0,0.0,0.0,24.0,44.594376,0.0,77.2038,0.014,,,,,,,,0.0,0.0,421.36,193.50846042799998,32.831810358,84523694776.0,60607679240.0,18317509208.0,10.0,34.0,101.82389599999999,47.045528,84.424944,9.445,1261454.0,0.0,1261454.0,39.683569,0.0,,,73.692698517,1840.0,124.22000000000001,,,,,,,31.0,68.559088,23.143288,75.175288,1.859,1261454.0,,,,,0.0,1261454.0,175.321290683,1813.0,409.8,354.1,397.8,325.1,69,57,67,64,0.006504,0.006504,134.818692,134.818802
1791341449.64,유휴,1,0,67.23,13.185804303000001,2.270011527,6947984576.0,5209205536.0,1100538320.0,10.0,36.0,73.551552,34.290431999999996,90.86610399999999,0.547,105592.0,0.0,,,,,,10.053290226,370.0,30.03,0.0,0.0,575652008.0,0.0,0.0,0.0,24.0,44.594376,0.0,77.20597599999999,0.014,,,,,,,,0.0,0.0,421.37,193.51437190500002,32.831810358,84524524712.0,60607715784.0,18317509208.0,10.0,34.0,102.872472,47.045528,84.424944,9.445,1261454.0,0.0,1261454.0,39.683569,0.0,,,73.692698517,1840.0,124.24000000000001,,,,,,,31.0,69.607664,23.143288,75.183224,1.859,1261454.0,,,,,0.0,1261454.0,175.321290683,1813.0,409.8,354.1,397.8,325.1,69,57,67,64,0.006504,0.006504,134.818692,134.818802
1791341450.66,유휴,1,0,67.26,13.192783536,2.27031756,6949057128.0,5209291888.0,1100548896.0,10.0,36.0,74.600128,34.290431999999996,90.876784,0.547,105593.0,0.0,,,,,,10.056641523,371.0,30.040000000000003,0.0,0.0,576305360.0,0.0,0.0,0.0,24.0,45.642952,0.0,77.20764,0.014,,,,,,,,0.0,0.0,421.39000000000004,193.52161432999998,32.83229808,84525666496.0,60607809616.0,18317524336.0,10.0,34.0,103.921048,47.045528,84.42571199999999,9.445,1261455.0,0.0,1261455.0,39.683797,0.0,,,73.699625824,1841.0,124.25000000000001,,,,,,,31.0,70.65624,23.143288,75.196344,1.859,1261455.0,,,,,0.0,1261455.0,175.325737974,1814.0,409.8,354.1,397.8,325.1,69,57,67,64,0.006504,0.006504,134.818692,134.818802
1791341451.67,유휴,1,0,67.27000000000001,13.199599082,2.270679738,6950140904.0,5209390696.0,1100557736.0,10.0,36.0,75.648704,34.290431999999996,91.503368,0.547,105594.0,0.0,,,,,,10.06009896,372.0,30.05,0.0,0.0,576958888.0,0.0,0.0,0.0,24.0,45.642952,0.0,77.208664,0.014,,,,,,,,0.0,0.0,421.40000000000003,193.527038657,32.832891458,84526763624.0,60607900208.0,18317535384.0,10.0,34.0,104.969624,47.045528,84.42571199999999,9.445,1261456.0,0.0,1261456.0,39.684021,0.0,,,73.712126255,1842.0,124.26,,,,,,,31.0,23.401087999999998,23.143288,75.19695999999999,1.862,1261456.0,,,,,0.0,1261456.0,175.33752707,1815.0,410.2,354.1,397.3,324.8,69,57,67,64,0.005272,0.005272,137.476592,137.476717
1791341452.68,유휴,1,0,67.29,13.205807187,2.270679738,6951152888.0,5209427056.0,1100557736.0,10.0,36.0,76.69727999999999,34.290431999999996,91.504392,0.547,105594.0,0.0,,,,,,10.06009896,372.0,30.05,0.0,0.0,577612384.0,0.0,0.0,0.0,24.0,46.691528,0.0,77.22576,0.014,,,,,,,,0.0,0.0,421.42,193.533375031,32.832891458,84527593784.0,60607936944.0,18317535384.0,10.0,34.0,106.0182,47.045528,84.429368,9.445,1261456.0,0.0,1261456.0,39.684021,0.0,,,73.712126255,1842.0,124.27000000000001,,,,,,,31.0,24.449664,23.143288,75.20988799999999,1.862,1261456.0,,,,,0.0,1261456.0,175.33752707,1815.0,410.2,354.1,397.3,324.8,69,57,67,64,0.005272,0.005272,137.476592,137.476717
1791341453.69,유휴,1,0,67.3,13.212490147,2.270679738,6952165456.0,5209463768.0,1100557736.0,10.0,36.0,77.745856,34.290431999999996,90.929288,0.547,105594.0,0.0,,,,,,10.06009896,372.0,30.060000000000002,0.0,0.0,578265784.0,0.0,0.0,0.0,24.0,47.740103999999995,0.0,77.22576,0.014,,,,,,,,0.0,0.0,421.45000000000005,193.54008126,32.832891458,84528447120.0,60607973208.0,18317535384.0,10.0,34.0,47.316728,47.045528,84.43172,9.448,1261456.0,0.0,1261456.0,39.684021,0.0,,,73.712126255,1842.0,124.28,,,,,,,31.0,24.449664,23.143288,75.213728,1.862,1261456.0,,,,,0.0,1261456.0,175.33752707,1815.0,409.3,353.6,396.8,324.9,70,57,67,64,0.00324,0.00324,140.262412,140.262565
1791341454.71,유휴,1,0,67.31,13.217890354,2.270679738,6953177216.0,5209500104.0,1100557736.0,10.0,36.0,78.794432,34.290431999999996,90.94156799999999,0.547,105594.0,0.0,,,,,,10.06009896,372.0,30.07,0.0,0.0,578919280.0,0.0,0.0,0.0,24.0,47.740103999999995,0.0,77.22576,0.014,,,,,,,,0.0,0.0,421.55,193.545513896,32.832891458,84529330728.0,60608004616.0,18317535384.0,10.0,34.0,47.316728,45.996952,84.428648,9.448,1261456.0,0.0,1261456.0,39.684021,0.0,,,73.712126255,1842.0,124.29,,,,,,,31.0,25.49824,23.143288,75.219368,1.862,1261456.0,,,,,0.0,1261456.0,175.33752707,1815.0,409.3,353.6,396.8,324.9,70,57,67,64,0.00324,0.00324,140.262412,140.262565
1791341455.72,유휴,1,0,67.33,13.224521793000001,2.271011189,6954274296.0,5209611216.0,1100568304.0,10.0,36.0,79.843008,34.290431999999996,90.954296,0.547,105595.0,1.0,,,,,,10.063988749,373.0,30.07,0.0,0.0,579572776.0,0.0,0.0,0.0,24.0,48.78868,0.0,77.226784,0.014,,,,,,,,0.0,0.0,421.57000000000005,193.552841603,32.8343831,84530746520.0,60608124400.0,18317559848.0,10.0,34.0,48.365303999999995,45.996952,84.430184,9.448,1261458.0,0.0,1261458.0,39.684470999999995,0.0,,,73.733444718,1844.0,124.30000000000001,,,,,,,31.0,26.546816,23.143288,75.241528,1.862,1261458.0,,,,,0.0,1261458.0,175.354178671,1817.0,409.3,353.6,396.8,324.9,70,57,67,64,0.00324,0.00324,140.262412,140.262565
1791341456.74,유휴,1,0,67.34,13.233000234,2.271875932,6955420920.0,5209758520.0,1100591080.0,10.0,36.0,80.891584,34.290431999999996,90.954296,0.547,105598.0,0.0,,,,,,10.083364693,375.0,30.080000000000002,0.0,0.0,580227216.0,0.0,0.0,0.0,24.0,49.837256,0.0,77.23164799999999,0.014,,,,,,,,0.0,0.0,421.59000000000003,193.56004742000002,32.835564963,84532146888.0,60608264176.0,18317584312.0,10.0,34.0,49.41388,45.996952,84.43383999999999,9.448,1261460.0,0.0,1261460.0,39.684920999999996,0.0,,,73.792393317,1846.0,124.31,,,,,,,31.0,27.595392,23.143288,75.245312,1.862,1261460.0,,,,,0.0,1261460.0,175.364702002,1819.0,410.6,354.1,398.3,325.3,69,57,67,64,0.003648,0.003648,142.975999,142.976132
1791341457.75,유휴,1,0,67.36,13.240611978,2.272250773,6956495968.0,5209849056.0,1100598744.0,10.0,36.0,81.94015999999999,34.290431999999996,90.959272,0.547,105599.0,0.0,,,,,,10.086436371,376.0,30.1,0.0,0.0,580880992.0,0.0,0.0,0.0,24.0,49.837256,0.0,77.236464,0.014,,,,,,,,0.0,0.0,421.6,193.56549928,32.836074159,84533244952.0,60608354904.0,18317594784.0,10.0,34.0,50.462455999999996,45.996952,84.437736,9.448,1261461.0,0.0,1261461.0,39.685148999999996,0.0,,,73.800279794,1847.0,124.33000000000001,,,,,,,31.0,28.643967999999997,23.143288,75.28567199999999,1.862,1261461.0,,,,,0.0,1261461.0,175.371929661,1820.0,410.6,354.1,398.3,325.3,69,57,67,64,0.003648,0.003648,142.975999,142.976132
1791341458.75,유휴,1,0,67.37,13.246677258,2.272250773,6957504368.0,5209882008.0,1100598744.0,10.0,36.0,82.988736,34.290431999999996,90.979624,0.547,105599.0,0.0,,,,,,10.086436371,376.0,30.1,0.0,0.0,581534488.0,0.0,0.0,0.0,24.0,50.885832,0.0,77.261736,0.014,,,,,,,,0.0,0.0,421.61,193.572152608,32.836074159,84534075528.0,60608392080.0,18317594784.0,10.0,34.0,51.511032,45.996952,84.437736,9.448,1261461.0,0.0,1261461.0,39.685148999999996,0.0,,,73.800279794,1847.0,124.34,,,,,,,31.0,29.692543999999998,23.143288,75.302528,1.862,1261461.0,,,,,0.0,1261461.0,175.371929661,1820.0,410.6,354.1,398.3,325.3,69,57,67,64,0.003648,0.003648,142.975999,142.976132
1791341459.77,유휴,1,0,67.39,13.252846361,2.272250773,6958516128.0,5209918320.0,1100598744.0,10.0,36.0,84.037312,34.290431999999996,90.979624,0.547,105599.0,0.0,,,,,,10.086436371,376.0,30.110000000000003,0.0,0.0,582187872.0,0.0,0.0,0.0,24.0,50.885832,0.0,77.267112,0.014,,,,,,,,0.0,0.0,421.62,193.578452381,32.836074159,84534905384.0,60608428600.0,18317594784.0,10.0,34.0,52.559608,45.996952,84.438632,9.448,1261461.0,0.0,1261461.0,39.685148999999996,0.0,,,73.800279794,1847.0,124.34,,,,,,,31.0,30.74112,23.143288,75.302528,1.862,1261461.0,,,,,0.0,1261461.0,175.371929661,1820.0,410.9,353.3,398.1,324.6,69,57,67,64,0.004072,0.004072,145.659122,145.659243
1791341460.78,유휴,1,0,67.4,13.259749561,2.272250773,6959551248.0,5209977992.0,1100598744.0,10.0,36.0,85.085888,34.290431999999996,90.979624,0.547,105599.0,1.0,,,,,,10.086436371,376.0,30.110000000000003,0.0,0.0,582841368.0,0.0,0.0,0.0,24.0,51.934408,0.0,77.267112,0.014,,,,,,,,0.0,0.0,421.64000000000004,193.587339349,32.837059731,84536048376.0,60608522064.0,18317609912.0,10.0,34.0,52.559608,45.996952,84.44068,9.448,1261462.0,0.0,1261462.0,39.685376999999995,0.0,,,73.812283079,1848.0,124.36000000000001,,,,,,,31.0,31.789696,23.143288,75.307648,1.862,1261462.0,,,,,0.0,1261462.0,175.378415007,1821.0,410.9,353.3,398.1,324.6,69,57,67,64,0.004072,0.004072,145.659122,145.659243
1791341461.79,유휴,1,0,67.42,13.2681917,2.273177519,6960672352.0,5210104744.0,1100617624.0,10.0,36.0,86.134464,34.290431999999996,90.98116,0.547,105601.0,0.0,,,,,,10.095186032,378.0,30.12,0.0,0.0,583494800.0,0.0,0.0,0.0,24.0,52.982983999999995,0.0,77.267112,0.014,,,,,,,,0.0,0.0,421.67,193.59387455799998,32.837543933,84537150336.0,60608614864.0,18317620960.0,10.0,34.0,54.65676,45.996952,84.446952,9.448,1261463.0,0.0,1261463.0,39.685601,0.0,,,73.818369466,1849.0,124.38000000000001,,,,,,,31.0,32.838271999999996,23.143288,75.316352,1.862,1261463.0,,,,,0.0,1261463.0,175.384329646,1822.0,410.5,353.9,397.1,325.4,69,57,67,64,0.003224,0.003224,148.423827,148.424064
1791341462.8,유휴,1,0,67.43,13.273614722000001,2.273177519,6961684096.0,5210141008.0,1100617624.0,10.0,36.0,87.18303999999999,34.290431999999996,90.98116,0.547,105601.0,0.0,,,,,,10.095186032,378.0,30.12,0.0,0.0,584148280.0,0.0,0.0,0.0,24.0,52.982983999999995,0.0,77.267112,0.014,,,,,,,,0.0,0.0,421.69000000000005,193.59984984099998,32.837543933,84537980784.0,60608651600.0,18317620960.0,10.0,34.0,54.65676,45.996952,84.446952,9.448,1261463.0,0.0,1261463.0,39.685601,0.0,,,73.818369466,1849.0,124.39000000000001,,,,,,,31.0,33.886848,23.143288,75.31996,1.862,1261463.0,,,,,0.0,1261463.0,175.384329646,1822.0,410.5,353.9,397.1,325.4,69,57,67,64,0.003224,0.003224,148.423827,148.424064
1791341463.8,-,1,1.0,67.63000000000001,13.383821567999998,2.287033129,7033508960.0,5272399304.0,1109166408.0,10.0,36.0,87.019984,32.385232,90.988888,0.55,106421.0,486.0,,,,,,10.216563211,379.0,30.14,0.0,0.0,584802224.0,0.0,0.0,0.0,24.0,54.03156,0.0,77.280416,0.014,,,,,,,,0.0,0.0,422.08000000000004,193.8778213,32.867302085,84708351192.0,60750963728.0,18338481952.0,10.0,34.0,82.614824,33.43468,84.462216,9.457,1262806.0,1188.0,1262806.0,40.612915,0.0,,,73.918772108,1851.0,124.44000000000001,,,,,,,31.0,53.809791999999995,23.143288,75.32188,1.862,1262806.0,,,,,1019.0,1261787.0,175.454646229,1823.0,410.5,353.9,397.1,325.4,69,57,67,64,0.003224,0.003224,148.423827,148.424064
1791341464.81,-,1,1.0,68.96000000000001,13.960931041,2.374041816,7346143120.0,5523974048.0,1168946416.0,10.0,36.0,99.081824,32.385232,84.11004799999999,0.58,111751.0,0.0,,,,,,10.639382909,382.0,30.14,0.0,0.0,585455808.0,0.0,0.0,0.0,24.0,55.080135999999996,0.0,77.281016,0.014,,,,,,,,0.0,0.0,422.95000000000005,194.265312444,32.954987221,84984183472.0,60921284768.0,18417698112.0,10.0,34.0,44.064375999999996,34.536311999999995,82.47091999999999,9.493,1267613.0,0.0,1267613.0,44.344435999999995,0.0,,,74.050776733,1854.0,124.72000000000001,,,,,,,31.0,58.351023999999995,25.08636,74.982168,1.878,1267613.0,,,,,0.0,1267613.0,175.957964446,1827.0,415.4,353.4,404.3,329.8,69,57,67,64,24.774624,6.604632,1.342562,1.342692
1791341465.81,-,1,1.0,69.02000000000001,13.990632338,2.378303164,7370609480.0,5543439896.0,1172943480.0,10.0,36.0,65.970272,50.868047999999995,84.131424,0.584,112162.0,1.0,,,,,,10.662599337,383.0,30.150000000000002,0.0,0.0,586109240.0,0.0,0.0,0.0,24.0,55.080135999999996,0.0,77.304104,0.014,,,,,,,,0.0,0.0,423.01000000000005,194.29975309099999,32.959433407,85011897560.0,60940675792.0,18423442496.0,10.0,34.0,72.375928,34.536311999999995,82.47731999999999,9.493,1268025.0,0.0,1268025.0,44.581866999999995,0.0,,,74.073918738,1856.0,124.75000000000001,,,,,,,31.0,63.593903999999995,25.08636,74.987544,1.878,1268025.0,,,,,0.0,1268025.0,175.995089526,1829.0,415.4,353.4,404.3,329.8,69,57,67,64,24.774624,6.604632,1.342562,1.342692
1791341466.83,-,1,1.0,69.07000000000001,14.028207012,2.384358706,7395091616.0,5562932584.0,1176956232.0,10.0,36.0,90.08752,50.868047999999995,84.13852,0.584,112575.0,0.0,,,,,,10.690155102,385.0,30.16,0.0,0.0,586763704.0,0.0,0.0,0.0,24.0,56.128712,0.0,77.304872,0.014,,,,,,,,0.0,0.0,423.05,194.32783286900002,32.964313001,85039571064.0,60960076816.0,18429187456.0,10.0,34.0,99.638904,34.536311999999995,82.478088,9.493,1268437.0,0.0,1268437.0,44.819327,0.0,,,74.098924322,1858.0,124.77000000000001,,,,,,,31.0,69.88535999999999,25.08636,74.987544,1.878,1268437.0,,,,,0.0,1268437.0,176.029903457,1831.0,415.4,353.4,404.3,329.8,69,57,67,64,24.774624,6.604632,1.342562,1.342692
1791341467.84,-,1,1.0,69.28,14.069845505,2.393294216,7419696720.0,5582402120.0,1181033184.0,10.0,36.0,48.438144,42.47944,84.13173599999999,0.587,112986.0,0.0,,,,,,10.737838309,387.0,30.17,0.0,0.0,587417200.0,0.0,0.0,0.0,24.0,57.177288,0.0,77.304872,0.014,,,,,,,,0.0,0.0,423.13000000000005,194.362312137,32.969526623,85067144976.0,60979435296.0,18434919080.0,10.0,34.0,46.241208,33.487736,82.483976,9.495,1268848.0,0.0,1268848.0,45.056554999999996,0.0,,,74.123346105,1860.0,124.79,,,,,,,31.0,75.12823999999999,25.08636,74.99292,1.878,1268848.0,,,,,0.0,1268848.0,176.093799983,1833.0,414.5,353.7,410.9,330.7,69,57,67,64,1.112968,1.112968,1.307802,0.308744
1791341468.84,-,1,1.0,69.32000000000001,14.102249561,2.397431379,7444145672.0,5601811416.0,1185095984.0,10.0,36.0,72.555392,42.47944,84.133912,0.587,113396.0,0.0,,,,,,10.762685822,388.0,30.17,0.0,0.0,588070680.0,0.0,0.0,0.0,24.0,57.177288,0.0,77.304872,0.014,,,,,,,,0.0,0.0,423.18,194.40051093199997,32.973811618,85094466584.0,60998783552.0,18440643392.0,10.0,34.0,74.55275999999999,33.487736,82.48563999999999,9.495,1269258.0,0.0,1269258.0,45.293552,0.0,,,74.134627269,1861.0,124.81,,,,,,,31.0,25.442359999999997,25.08636,74.997016,1.88,1269258.0,,,,,0.0,1269258.0,176.126391875,1834.0,414.5,353.7,410.9,330.7,69,57,67,64,1.112968,1.112968,1.307802,0.308744
1791341469.85,-,1,1.0,69.36,14.131814149,2.402006171,7468546888.0,5621214176.0,1189119336.0,10.0,36.0,97.721216,42.47944,84.137624,0.587,113806.0,0.0,,,,,,10.788405368,389.0,30.180000000000003,0.0,0.0,588724080.0,0.0,0.0,0.0,24.0,58.225863999999994,0.0,77.304872,0.014,,,,,,,,0.0,0.0,423.22,194.433057622,32.977946888,85121785800.0,61018110584.0,18446367640.0,10.0,34.0,100.76715999999999,33.487736,82.48563999999999,9.495,1269668.0,0.0,1269668.0,45.53055,0.0,,,74.149962257,1862.0,124.85000000000001,,,,,,,31.0,29.636664,25.08636,75.066968,1.88,1269668.0,,,,,0.0,1269668.0,176.157284559,1835.0,414.5,353.7,410.9,330.7,69,57,67,64,1.112968,1.112968,1.307802,0.308744
1791341470.86,-,1,1.0,69.44,14.167729134000002,2.405914477,7492974160.0,5640641632.0,1193114592.0,10.0,36.0,59.86184,42.47944,84.154264,0.59,114216.0,1.0,,,,,,10.806924998,390.0,30.19,0.0,0.0,589378352.0,0.0,0.0,0.0,24.0,58.225863999999994,0.0,77.30564,0.014,,,,,,,,0.0,0.0,423.27000000000004,194.46110164499999,32.982534231,85149516936.0,61037489504.0,18452103584.0,10.0,34.0,43.704768,28.251047999999997,82.48563999999999,9.497,1270079.0,0.0,1270079.0,45.767768,0.0,,,74.172693716,1864.0,124.89000000000001,,,,,,,31.0,35.92812,25.08636,77.051872,1.88,1270079.0,,,,,0.0,1270079.0,176.195346192,1837.0,415.0,354.2,410.8,330.2,69,57,67,64,0.845272,0.845272,1.001205,1.001366
1791341471.87,-,1,1.0,69.5,14.199724984,2.410294804,7517437544.0,5660119784.0,1197124136.0,10.0,36.0,85.027664,42.47944,84.172688,0.59,114628.0,0.0,,,,,,10.830912346,393.0,30.21,0.0,0.0,590031848.0,0.0,0.0,0.0,24.0,59.27444,0.0,77.31716,0.014,,,,,,,,0.0,0.0,423.31,194.48799245499998,32.98668227,85176902496.0,61056839760.0,18457834688.0,10.0,34.0,72.01632,28.251047999999997,82.48563999999999,9.497,1270490.0,0.0,1270490.0,46.004979,0.0,,,74.19131765,1865.0,124.9,,,,,,,31.0,41.171,25.08636,75.916304,1.88,1270490.0,,,,,0.0,1270490.0,176.220533706,1838.0,415.0,354.2,410.8,330.2,69,57,67,64,0.845272,0.845272,1.001205,1.001366
1791341472.87,-,1,1.0,69.65,14.23775256,2.417821481,7541892224.0,5679528816.0,1201193712.0,10.0,36.0,109.14491199999999,42.47944,84.220888,0.59,115038.0,0.0,,,,,,10.869063808,394.0,30.23,0.0,0.0,590716072.0,0.0,0.0,0.0,24.0,26.5966,0.0,77.937592,0.016,,,,,,,,0.0,0.0,423.36,194.523101121,32.992402033,85204177336.0,61076156944.0,18463558816.0,10.0,34.0,99.279296,28.251047999999997,82.49036,9.497,1270900.0,0.0,1270900.0,46.241965,0.0,,,74.208691218,1866.0,124.92,,,,,,,31.0,47.462455999999996,25.08636,75.347544,1.88,1270900.0,,,,,0.0,1270900.0,176.254846626,1839.0,415.0,354.2,410.8,330.2,69,57,67,64,0.845272,0.845272,1.001205,1.001366
1791341473.88,-,1,1.0,69.75,14.282015641000001,2.423633748,7566339776.0,5698934120.0,1205232272.0,10.0,36.0,49.501144,30.249575999999998,85.055264,0.593,115448.0,0.0,,,,,,10.91025008,395.0,30.26,0.0,0.0,591369760.0,0.0,0.0,0.0,24.0,27.645176,0.0,79.307656,0.016,,,,,,,,0.0,0.0,423.54,194.57040564000002,32.998504605,85231880752.0,61095513864.0,18469285352.0,10.0,34.0,46.716919999999995,28.251047999999997,83.12016799999999,9.5,1271310.0,0.0,1271310.0,46.478978,0.0,,,74.247414866,1868.0,124.93,,,,,,,31.0,52.705335999999996,25.08636,75.34996,1.88,1271310.0,,,,,0.0,1271310.0,176.303443379,1841.0,416.0,354.2,411.4,330.6,69,57,67,64,0.839776,0.839776,0.866583,0.8668
1791341474.88,-,1,1.0,69.81,14.312815631000001,2.429136921,7590785176.0,5718333880.0,1209302240.0,10.0,36.0,74.666968,30.249575999999998,85.09051199999999,0.593,115858.0,0.0,,,,,,10.945540116,396.0,30.270000000000003,0.0,0.0,592023912.0,0.0,0.0,0.0,24.0,27.645176,0.0,79.36517599999999,0.016,,,,,,,,0.0,0.0,423.59000000000003,194.60078079000002,33.002884981,85259198384.0,61114837528.0,18475009848.0,10.0,34.0,73.979896,28.251047999999997,83.184648,9.5,1271720.0,0.0,1271720.0,46.715982,0.0,,,74.26267033,1869.0,124.95,,,,,,,31.0,58.996792,25.08636,75.350856,1.88,1271720.0,,,,,0.0,1271720.0,176.333569483,1842.0,416.0,354.2,411.4,330.6,69,57,67,64,0.839776,0.839776,0.866583,0.8668
1791341475.9,-,1,1.0,69.85000000000001,14.344509934000001,2.434807987,7615304872.0,5737802000.0,1213377128.0,10.0,36.0,98.784216,30.249575999999998,84.513616,0.593,116269.0,1.0,,,,,,10.98100336,397.0,30.28,0.0,0.0,592677408.0,0.0,0.0,0.0,24.0,28.693752,0.0,77.64088799999999,0.016,,,,,,,,0.0,0.0,423.65000000000003,194.627968709,33.008298104,85287244232.0,61134215168.0,18480755264.0,10.0,34.0,42.750792,28.251047999999997,82.60916,9.503,1272132.0,0.0,1272132.0,46.953435999999996,0.0,,,74.286317118,1872.0,124.96000000000001,,,,,,,31.0,64.239672,25.08636,75.350856,1.88,1272132.0,,,,,0.0,1272132.0,176.381083122,1845.0,415.7,354.6,376.6,330.1,70,57,67,64,0.334792,0.82656,0.541863,0.542107
1791341476.91,-,1,1.0,70.02000000000001,14.378526333999998,2.445679693,7639917080.0,5757297576.0,1217435264.0,10.0,36.0,48.438888,30.249575999999998,84.01736,0.595,116682.0,0.0,,,,,,11.033975869,399.0,30.290000000000003,0.0,0.0,593331944.0,0.0,0.0,0.0,24.0,29.742327999999997,0.0,77.644472,0.016,,,,,,,,0.0,0.0,423.71000000000004,194.66498615799998,33.012345854,85314934816.0,61153618304.0,18486500096.0,10.0,34.0,71.062344,28.251047999999997,82.60916,9.503,1272544.0,0.0,1272544.0,47.190884,0.0,,,74.306070296,1874.0,124.99000000000001,,,,,,,31.0,70.531128,25.08636,75.35235999999999,1.88,1272544.0,,,,,0.0,1272544.0,176.432371011,1847.0,415.7,354.6,376.6,330.1,70,57,67,64,0.334792,0.82656,0.541863,0.542107
1791341477.92,-,1,1.0,70.13000000000001,14.408514482,2.451233078,7664402608.0,5776734072.0,1221508656.0,10.0,36.0,74.653288,30.249575999999998,84.05704,0.595,117093.0,0.0,,,,,,11.071569134,401.0,30.3,0.0,0.0,593986032.0,0.0,0.0,0.0,24.0,29.742327999999997,0.0,77.646008,0.016,,,,,,,,0.0,0.0,423.76000000000005,194.698944053,33.017182159,85342547384.0,61173000120.0,18492233832.0,10.0,34.0,36.643752,26.149767999999998,82.61236,9.506,1272955.0,0.0,1272955.0,47.428089,0.0,,,74.341648964,1876.0,125.00000000000001,,,,,,,31.0,75.774008,25.08636,75.36040799999999,1.882,1272955.0,,,,,0.0,1272955.0,176.498732849,1849.0,415.7,354.6,376.6,330.1,70,57,67,64,0.334792,0.82656,0.541863,0.542107
1791341478.93,-,1,1.0,70.2,14.447349591999998,2.457229239,7688803176.0,5796136344.0,1225503680.0,10.0,36.0,37.734615999999995,30.249575999999998,84.0692,0.597,117503.0,0.0,,,,,,11.10217297,402.0,30.3,0.0,0.0,594639528.0,0.0,0.0,0.0,24.0,30.790903999999998,0.0,77.648568,0.016,,,,,,,,0.0,0.0,423.81,194.73332196,33.021524673,85369849720.0,61192325208.0,18497955256.0,10.0,34.0,64.955304,26.149767999999998,82.61236,9.506,1273365.0,0.0,1273365.0,47.665091,0.0,,,74.357232412,1877.0,125.02000000000001,,,,,,,31.0,28.822488,24.14584,75.362016,1.882,1273365.0,,,,,0.0,1273365.0,176.529029388,1850.0,393.3,354.0,378.1,331.2,69,57,67,64,0.791032,0.791032,0.604494,0.604657
1791341479.94,-,1,1.0,70.27000000000001,14.481598892000001,2.462639952,7713182752.0,5815545504.0,1229498480.0,10.0,36.0,61.851864,30.249575999999998,84.088152,0.597,117913.0,0.0,,,,,,11.12944031,403.0,30.310000000000002,0.0,0.0,595291800.0,0.0,0.0,0.0,24.0,30.790903999999998,0.0,77.648568,0.016,,,,,,,,0.0,0.0,423.96000000000004,194.763774728,33.031140466,85397246296.0,61211642896.0,18503679072.0,10.0,34.0,34.09736,26.149767999999998,82.44864799999999,9.509,1273775.0,0.0,1273775.0,47.902062,0.0,,,74.378210043,1878.0,125.04,,,,,,,31.0,34.065368,24.14584,75.367496,1.882,1273775.0,,,,,0.0,1273775.0,176.560237406,1851.0,393.3,354.0,378.1,331.2,69,57,67,64,0.791032,0.791032,0.604494,0.604657
1791341480.95,-,1,1.0,70.31,14.514082577999998,2.466950364,7737586080.0,5834978064.0,1233493248.0,10.0,36.0,87.01768799999999,30.249575999999998,84.097072,0.597,118323.0,1.0,,,,,,11.154395992,404.0,30.310000000000002,0.0,0.0,595945280.0,0.0,0.0,0.0,24.0,31.83948,0.0,77.649832,0.016,,,,,,,,0.0,0.0,424.01000000000005,194.7942943,33.036272133,85424933496.0,61230992616.0,18509414800.0,10.0,34.0,62.408911999999994,26.149767999999998,82.449248,9.509,1274186.0,0.0,1274186.0,48.139274,0.0,,,74.402090739,1880.0,125.05000000000001,,,,,,,31.0,40.356823999999996,24.14584,75.367496,1.882,1274186.0,,,,,0.0,1274186.0,176.595799585,1853.0,393.3,354.0,378.1,331.2,69,57,67,64,0.791032,0.791032,0.604494,0.604657
1791341481.96,-,1,1.0,70.4,14.558698327000002,2.475088902,7762040664.0,5854424368.0,1237497944.0,10.0,36.0,48.080104,28.821479999999998,84.099248,0.602,118735.0,0.0,,,,,,11.192835608,406.0,30.32,0.0,0.0,596598600.0,0.0,0.0,0.0,24.0,32.888056,0.0,77.656616,0.016,,,,,,,,0.0,0.0,424.07000000000005,194.82478503200002,33.040812011,85452388552.0,61250371608.0,18515148792.0,10.0,34.0,33.320104,26.149767999999998,82.45295999999999,9.512,1274597.0,0.0,1274597.0,48.376484999999995,0.0,,,74.415516484,1881.0,125.07000000000001,,,,,,,31.0,45.599703999999996,24.14584,75.36994399999999,1.882,1274597.0,,,,,0.0,1274597.0,176.623184634,1854.0,392.5,354.6,374.7,330.4,69,57,67,64,0.79076,0.309976,0.345302,0.345498
1791341482.97,-,1,1.0,70.44,14.589184492000001,2.479359868,7786432464.0,5873845624.0,1241492896.0,10.0,36.0,73.24592799999999,28.821479999999998,84.101424,0.602,119145.0,0.0,,,,,,11.216479976,407.0,30.32,0.0,0.0,597250968.0,0.0,0.0,0.0,24.0,32.888056,0.0,77.656616,0.016,,,,,,,,0.0,0.0,424.12,194.849263772,33.043994701,85479678760.0,61269698208.0,18520870216.0,10.0,34.0,60.583079999999995,26.149767999999998,82.461664,9.512,1275007.0,0.0,1275007.0,48.613489,0.0,,,74.423919024,1882.0,125.08000000000001,,,,,,,31.0,51.89116,24.14584,75.39716,1.882,1275007.0,,,,,0.0,1275007.0,176.645000317,1855.0,392.5,354.6,374.7,330.4,69,57,67,64,0.79076,0.309976,0.345302,0.345498
1791341483.98,-,1,1.0,70.59,14.620012288000002,2.486058768,7810899408.0,5893258560.0,1245488552.0,10.0,36.0,37.258728,28.821479999999998,84.05534399999999,0.605,119555.0,0.0,,,,,,11.249356681,408.0,30.330000000000002,0.0,0.0,597904392.0,0.0,0.0,0.0,24.0,33.936631999999996,0.0,77.6646,0.016,,,,,,,,0.0,0.0,424.17,194.875595186,33.047975567,85507011360.0,61289020128.0,18526594792.0,10.0,34.0,30.432751999999997,25.101191999999998,82.463968,9.514,1275417.0,0.0,1275417.0,48.850496,0.0,,,74.446108342,1883.0,125.09,,,,,,,31.0,57.13404,24.14584,75.43016,1.882,1275417.0,,,,,0.0,1275417.0,176.706206842,1856.0,392.5,354.6,374.7,330.4,69,57,67,64,0.79076,0.309976,0.345302,0.345498
1791341484.99,-,1,1.0,70.63000000000001,14.649818274000001,2.491570098,7835278600.0,5912667608.0,1249482968.0,10.0,36.0,61.375975999999994,28.821479999999998,84.05534399999999,0.605,119965.0,0.0,,,,,,11.279191327,409.0,30.340000000000003,0.0,0.0,598557936.0,0.0,0.0,0.0,24.0,34.985208,0.0,77.666648,0.016,,,,,,,,0.0,0.0,424.22,194.903557902,33.053489396,85534626752.0,61308360816.0,18532320248.0,10.0,34.0,58.744304,25.101191999999998,82.463968,9.514,1275827.0,0.0,1275827.0,49.087469,0.0,,,74.466619104,1885.0,125.11000000000001,,,,,,,31.0,62.37692,24.14584,75.434488,1.882,1275827.0,,,,,0.0,1275827.0,176.738143665,1858.0,392.7,354.6,374.2,330.7,69,57,67,64,0.780096,0.780096,0.344258,0.344697
1791341486.01,-,1,1.0,70.69,14.68726968,2.497168821,7859753136.0,5932155784.0,1253492312.0,10.0,36.0,85.493224,28.821479999999998,84.0664,0.605,120377.0,0.0,,,,,,11.308509531,412.0,30.35,0.0,0.0,599211536.0,0.0,0.0,0.0,24.0,34.985208,0.0,77.694464,0.016,,,,,,,,0.0,0.0,424.36,194.937119829,33.060628393,85562621704.0,61327751592.0,18538066024.0,10.0,34.0,31.561864,25.101191999999998,82.461664,9.517,1276239.0,0.0,1276239.0,49.324915,0.0,,,74.509569093,1888.0,125.13000000000001,,,,,,,31.0,68.668376,24.14584,75.436512,1.882,1276239.0,,,,,0.0,1276239.0,176.782524883,1861.0,392.7,354.6,374.2,330.7,69,57,67,64,0.780096,0.780096,0.344258,0.344697
1791341487.01,-,1,1.0,70.75,14.720664760000002,2.502296708,7884227192.0,5951622488.0,1257496336.0,10.0,36.0,49.062016,28.821479999999998,84.10440799999999,0.608,120789.0,0.0,,,,,,11.3344991,414.0,30.360000000000003,0.0,0.0,599866456.0,0.0,0.0,0.0,24.0,34.985208,0.0,77.731072,0.016,,,,,,,,0.0,0.0,424.42,194.980162006,33.065950436,85590248136.0,61347165816.0,18543811080.0,10.0,34.0,58.824839999999995,25.101191999999998,82.46256,9.517,1276651.0,0.0,1276651.0,49.562374999999996,0.0,,,74.536407225,1890.0,125.15,,,,,,,31.0,73.911256,24.14584,75.441248,1.882,1276651.0,,,,,0.0,1276651.0,176.814463479,1863.0,392.7,354.6,374.2,330.7,69,57,67,64,0.780096,0.780096,0.344258,0.344697
1791341488.02,-,1,1.0,70.81,14.756201834999999,2.508020716,7908662752.0,5971079112.0,1261498472.0,10.0,36.0,73.179264,28.821479999999998,84.12004,0.608,121200.0,0.0,,,,,,11.383709091,416.0,30.360000000000003,0.0,0.0,600520080.0,0.0,0.0,0.0,24.0,36.033784,0.0,77.731072,0.016,,,,,,,,0.0,0.0,424.48,195.013336874,33.07085017,85617600192.0,61366514600.0,18549542280.0,10.0,34.0,31.385592,25.101191999999998,82.46332799999999,9.521,1277062.0,0.0,1277062.0,49.799594,0.0,,,74.575049775,1891.0,125.24000000000001,,,,,,,31.0,28.899327999999997,24.14584,75.324512,1.885,1277062.0,,,,,0.0,1277062.0,176.845056698,1864.0,392.8,354.1,375.3,330.4,69,57,67,64,0.471152,0.69316,1.047277,1.047407
1791341489.03,-,1,1.0,70.89,14.789477445,2.513778224,7933147016.0,5990490696.0,1265567656.0,10.0,36.0,36.4626,28.130312,84.12554399999999,0.611,121610.0,0.0,,,,,,11.418154022,417.0,30.37,0.0,0.0,601173416.0,0.0,0.0,0.0,24.0,36.033784,0.0,77.731072,0.016,,,,,,,,0.0,0.0,424.53000000000003,195.049936438,33.075460614,85644933112.0,61385860544.0,18555266152.0,10.0,34.0,58.648568,25.101191999999998,82.46448,9.521,1277472.0,0.0,1277472.0,50.036573999999995,0.0,,,74.588278661,1892.0,125.25000000000001,,,,,,,31.0,34.142208,24.14584,75.32527999999999,1.885,1277472.0,,,,,0.0,1277472.0,176.874913505,1865.0,392.8,354.1,375.3,330.4,69,57,67,64,0.471152,0.69316,1.047277,1.047407
1791341490.04,-,1,1.0,70.94,14.820642379000002,2.520885934,7957589120.0,6009890944.0,1269633888.0,10.0,36.0,61.628423999999995,28.130312,84.134632,0.611,122020.0,0.0,,,,,,11.449313404,418.0,30.380000000000003,0.0,0.0,601826944.0,0.0,0.0,0.0,24.0,37.08236,0.0,77.736576,0.016,,,,,,,,0.0,0.0,424.58000000000004,195.07869163700002,33.079040073,85672295280.0,61405189536.0,18560990048.0,10.0,34.0,29.563744,24.085639999999998,82.469616,9.524000000000001,1277882.0,0.0,1277882.0,50.273567,0.0,,,74.606939292,1893.0,125.27000000000001,,,,,,,31.0,39.385087999999996,24.14584,75.32527999999999,1.885,1277882.0,,,,,0.0,1277882.0,176.90615201,1866.0,392.8,354.1,375.3,330.4,69,57,67,64,0.471152,0.69316,1.047277,1.047407
1791341491.05,-,1,1.0,71.02000000000001,14.874732650999999,2.529673448,7982024352.0,6029346776.0,1273638384.0,10.0,36.0,85.745672,28.130312,84.14333599999999,0.611,122431.0,0.0,,,,,,11.496728335,421.0,30.39,0.0,0.0,602480392.0,0.0,0.0,0.0,24.0,37.08236,0.0,77.736576,0.016,,,,,,,,0.0,0.0,424.63000000000005,195.114679131,33.083944589,85699928264.0,61424558160.0,18566726200.0,10.0,34.0,57.875296,24.085639999999998,82.4734,9.524000000000001,1278293.0,0.0,1278293.0,50.510791,0.0,,,74.628217732,1895.0,125.28,,,,,,,31.0,45.676544,24.14584,75.32527999999999,1.885,1278293.0,,,,,0.0,1278293.0,176.938065501,1868.0,393.7,354.1,375.3,329.3,69,57,67,64,1.131704,1.131704,0.763061,0.76324
1791341492.05,-,1,1.0,71.21000000000001,14.926487886,2.537915498,8006561896.0,6048817240.0,1277647776.0,10.0,36.0,48.389784,28.130312,84.03555999999999,0.614,122842.0,0.0,,,,,,11.546584191,423.0,30.39,0.0,0.0,603133888.0,0.0,0.0,0.0,24.0,38.130936,0.0,77.736576,0.016,,,,,,,,0.0,0.0,424.81,195.15621206400002,33.093858125,85727581472.0,61443924896.0,18572460008.0,10.0,34.0,30.606216,24.085639999999998,82.45597599999999,9.529,1278704.0,0.0,1278704.0,50.747996,0.0,,,74.65604867,1897.0,125.29,,,,,,,31.0,50.919424,24.14584,75.333344,1.885,1278704.0,,,,,0.0,1278704.0,177.018196176,1870.0,393.7,354.1,375.3,329.3,69,57,67,64,1.131704,1.131704,0.763061,0.76324
1791341493.06,-,1,1.0,71.25,14.958902966,2.543931671,8030936488.0,6068219048.0,1281645568.0,10.0,36.0,72.507032,28.130312,84.03811999999999,0.614,123252.0,0.0,,,,,,11.583274919,425.0,30.400000000000002,0.0,0.0,603787312.0,0.0,0.0,0.0,24.0,39.179511999999995,0.0,77.737472,0.016,,,,,,,,0.0,0.0,424.87,195.18963045700002,33.098940931,85754882664.0,61463254008.0,18578181832.0,10.0,34.0,57.869192,24.085639999999998,82.474408,9.529,1279114.0,0.0,1279114.0,50.985009,0.0,,,74.666661417,1898.0,125.32000000000001,,,,,,,31.0,57.210879999999996,24.14584,75.34846399999999,1.885,1279114.0,,,,,0.0,1279114.0,177.053761997,1871.0,386.9,354.9,371.4,329.2,69,57,67,64,0.786832,0.786832,0.592131,0.592287
1791341494.08,평시 x1,1,1.0,71.30000000000001,14.987863433000001,2.549073382,8055336776.0,6087619336.0,1285642920.0,10.0,36.0,39.439664,28.130312,84.051856,0.617,123662.0,0.0,,,,,,11.61438757,427.0,30.400000000000002,0.0,0.0,604440840.0,0.0,0.0,0.0,24.0,39.179511999999995,0.0,77.755984,0.016,,,,,,,,0.0,0.0,424.92,195.21721279800002,33.103003619,85782229720.0,61482582864.0,18583906176.0,10.0,34.0,31.289959999999997,24.085639999999998,82.499888,9.532,1279524.0,0.0,1279524.0,51.222007,0.0,,,74.680491982,1899.0,125.33000000000001,,,,,,,31.0,62.453759999999996,24.14584,75.362168,1.885,1279524.0,,,,,0.0,1279524.0,177.078300679,1872.0,386.9,354.9,371.4,329.2,69,57,67,64,0.786832,0.786832,0.592131,0.592287
1791341495.08,평시 x1,1,1.0,71.35000000000001,15.018515638000002,2.554938062,8079718928.0,6107021104.0,1289648368.0,10.0,36.0,63.556912,28.130312,84.07609599999999,0.617,124072.0,0.0,,,,,,11.645242642,429.0,30.41,0.0,0.0,605105440.0,0.0,0.0,0.0,24.0,40.228088,0.0,77.76392,0.016,,,,,,,,0.0,0.0,424.96000000000004,195.244540614,33.106909825,85809577080.0,61501918256.0,18589630456.0,10.0,34.0,58.552935999999995,24.085639999999998,82.537416,9.532,1279934.0,0.0,1279934.0,51.459004,0.0,,,74.698081339,1900.0,125.34,,,,,,,31.0,67.69664,24.14584,75.36395999999999,1.885,1279934.0,,,,,0.0,1279934.0,177.104808463,1873.0,386.9,354.9,371.4,329.2,69,57,67,64,0.786832,0.786832,0.592131,0.592287
1791341496.09,평시 x1,1,1.0,71.44,15.060943790999998,2.562747909,8104285096.0,6126493624.0,1293738136.0,10.0,36.0,32.268176,27.346632,84.085352,0.621,124484.0,0.0,,,,,,11.698626931,433.0,30.42,0.0,0.0,605760008.0,0.0,0.0,0.0,24.0,41.276664,0.0,77.76992,0.016,,,,,,,,0.0,0.0,425.07000000000005,195.280975087,33.112339301,85837451384.0,61521329656.0,18595365120.0,10.0,34.0,33.116887999999996,24.085639999999998,82.60617599999999,9.535,1280346.0,0.0,1280346.0,51.696445,0.0,,,74.725577959,1902.0,125.37,,,,,,,30.0,73.988096,24.14584,75.39614399999999,1.885,1280346.0,,,,,0.0,1280346.0,177.155141166,1876.0,386.1,354.9,371.7,330.2,69,57,67,64,1.286552,0.803336,0.43258,0.432799
1791341497.1,평시 x1,1,1.0,71.48,15.085271872,2.567814839,8128796080.0,6145952224.0,1297815488.0,10.0,36.0,56.385424,27.346632,84.091752,0.621,124896.0,0.0,,,,,,11.74293738,436.0,30.42,0.0,0.0,606413520.0,0.0,0.0,0.0,24.0,41.276664,0.0,77.76992,0.016,,,,,,,,0.0,0.0,425.11,195.306601311,33.117500052,85865355640.0,61540693256.0,18601120304.0,10.0,34.0,61.428439999999995,24.085639999999998,82.61350399999999,9.535,1280758.0,0.0,1280758.0,51.93389,0.0,,,74.762989626,1906.0,125.4,,,,,,,30.0,29.858576,24.14584,75.398376,1.887,1280758.0,,,,,0.0,1280758.0,177.198274185,1879.0,386.1,354.9,371.7,330.2,69,57,67,64,1.286552,0.803336,0.43258,0.432799
1791341498.11,평시 x1,1,1.0,71.65,15.135708373,2.574692881,8153308496.0,6165483832.0,1301821272.0,10.0,36.0,80.50267199999999,27.346632,84.185392,0.621,125307.0,0.0,,,,,,11.786404321,438.0,30.430000000000003,0.0,0.0,607067000.0,0.0,0.0,0.0,24.0,42.32524,0.0,77.785984,0.016,,,,,,,,0.0,0.0,425.28000000000003,195.34800660300002,33.126715247,85892874144.0,61560145296.0,18606851504.0,10.0,34.0,33.73916,24.085639999999998,82.605184,9.538,1281169.0,0.0,1281169.0,52.171105999999995,0.0,,,74.783375383,1907.0,125.42,,,,,,,30.0,34.05288,24.14584,75.398376,1.887,1281169.0,,,,,0.0,1281169.0,177.23152077,1880.0,386.1,354.9,371.7,330.2,69,57,67,64,1.286552,0.803336,0.43258,0.432799
1791341499.12,평시 x1,1,1.0,71.83,15.183009744,2.583539958,8177810032.0,6184918832.0,1305830032.0,10.0,36.0,47.605912,27.346632,84.162088,0.624,125717.0,0.0,,,,,,11.833378348,440.0,30.44,0.0,0.0,607720496.0,0.0,0.0,0.0,24.0,42.32524,0.0,77.794992,0.016,,,,,,,,0.0,0.0,425.35,195.384488377,33.132015257,85920509728.0,61579502376.0,18612577264.0,10.0,34.0,62.050712,24.085639999999998,82.61644799999999,9.538,1281579.0,0.0,1281579.0,52.408083,0.0,,,74.799502581,1909.0,125.43,,,,,,,30.0,40.344336,24.14584,75.398376,1.887,1281579.0,,,,,0.0,1281579.0,177.275182326,1882.0,386.7,354.2,367.4,329.3,69,57,67,63,0.649312,0.649312,1.152596,1.152832
1791341500.14,평시 x1,1,1.0,71.87,15.216299113999998,2.588169298,8202191552.0,6204329384.0,1309825424.0,10.0,36.0,71.72316,27.346632,84.17077599999999,0.624,126127.0,0.0,,,,,,11.85812273,441.0,30.450000000000003,0.0,0.0,608373992.0,0.0,0.0,0.0,24.0,43.373816,0.0,77.794992,0.016,,,,,,,,0.0,0.0,425.40000000000003,195.416754568,33.136442804,85947875008.0,61598824504.0,18618301656.0,10.0,34.0,36.621928,24.085639999999998,82.61644799999999,9.541,1281989.0,0.0,1281989.0,52.645078999999996,0.0,,,74.809457175,1910.0,125.44000000000001,,,,,,,30.0,45.587216,24.14584,75.398376,1.887,1281989.0,,,,,0.0,1281989.0,177.299311697,1883.0,386.7,354.2,367.4,329.3,69,57,67,63,0.649312,0.649312,1.152596,1.152832
1791341501.15,평시 x1,1,1.0,71.93,15.248567947000002,2.592079189,8226615160.0,6223758104.0,1313817616.0,10.0,36.0,39.647072,27.346632,84.17322399999999,0.627,126537.0,1.0,,,,,,11.889654023,442.0,30.46,0.0,0.0,609027488.0,0.0,0.0,0.0,24.0,44.422391999999995,0.0,77.800904,0.016,,,,,,,,0.0,0.0,425.45000000000005,195.455284984,33.142395097,85975514352.0,61618183696.0,18624038488.0,10.0,34.0,64.93348,24.085639999999998,82.617344,9.541,1282400.0,0.0,1282400.0,52.882310999999994,0.0,,,74.835247019,1912.0,125.46000000000001,,,,,,,30.0,50.830096,24.14584,75.40344,1.887,1282400.0,,,,,0.0,1282400.0,177.334821198,1885.0,386.4,354.7,368.3,329.2,69,57,67,63,0.792272,0.792272,0.852434,0.852588
1791341502.16,평시 x1,1,1.0,71.98,15.284314591,2.597158527,8251061304.0,6243218920.0,1317827896.0,10.0,36.0,63.76432,27.346632,84.17412,0.627,126949.0,0.0,,,,,,11.92139166,445.0,30.46,0.0,0.0,609680936.0,0.0,0.0,0.0,24.0,44.422391999999995,0.0,77.800904,0.016,,,,,,,,0.0,0.0,425.51000000000005,195.488112689,33.146735709,86003140176.0,61637559304.0,18629772424.0,10.0,34.0,39.622631999999996,24.095959999999998,82.617344,9.543,1282811.0,0.0,1282811.0,53.119516,0.0,,,74.858337307,1914.0,125.47000000000001,,,,,,,30.0,57.121551999999994,24.14584,75.40344,1.887,1282811.0,,,,,0.0,1282811.0,177.368599896,1887.0,386.4,354.7,368.3,329.2,69,57,67,63,0.792272,0.792272,0.852434,0.852588
1791341503.17,평시 x1,1,1.0,72.03,15.310160784999999,2.601404514,8275476624.0,6262635360.0,1321823944.0,10.0,36.0,32.868207999999996,26.99552,84.1764,0.629,127359.0,0.0,,,,,,11.945600118,446.0,30.470000000000002,0.0,0.0,610335104.0,0.0,0.0,0.0,24.0,45.470968,0.0,77.802184,0.016,,,,,,,,0.0,0.0,425.56,195.51729624299998,33.150275237,86030480832.0,61656916368.0,18635497440.0,10.0,34.0,66.88560799999999,24.095959999999998,82.618112,9.543,1283221.0,0.0,1283221.0,53.356538,0.0,,,74.872556374,1915.0,125.50000000000001,,,,,,,30.0,62.364431999999994,24.14584,75.410528,1.887,1283221.0,,,,,0.0,1283221.0,177.393426764,1888.0,386.4,354.7,368.3,329.2,69,57,67,63,0.792272,0.792272,0.852434,0.852588
1791341504.17,평시 x1,1,1.0,72.08,15.342842925,2.606137722,8299858480.0,6282047016.0,1325819104.0,10.0,36.0,56.985456,26.99552,84.180696,0.629,127769.0,0.0,,,,,,11.968296265,447.0,30.470000000000002,0.0,0.0,610988664.0,0.0,0.0,0.0,24.0,46.519543999999996,0.0,77.81474399999999,0.016,,,,,,,,0.0,0.0,425.70000000000005,195.553122377,33.154555316,86057879576.0,61676236528.0,18641218800.0,10.0,34.0,40.579671999999995,24.095959999999998,82.464432,9.546,1283631.0,0.0,1283631.0,53.593537999999995,0.0,,,74.882962827,1916.0,125.51,,,,,,,30.0,68.65588799999999,24.14584,75.4136,1.887,1283631.0,,,,,0.0,1283631.0,177.420728079,1889.0,387.7,354.5,365.4,329.2,69,57,67,63,0.7912,0.7912,0.625097,0.62526
1791341505.19,평시 x1,1,1.0,72.12,15.382415191,2.611307993,8324231976.0,6301453192.0,1329811376.0,10.0,36.0,81.102704,26.99552,84.1818,0.629,128179.0,0.0,,,,,,11.997643863,448.0,30.48,0.0,0.0,611642080.0,0.0,0.0,0.0,24.0,46.519543999999996,0.0,77.829152,0.016,,,,,,,,0.0,0.0,425.76000000000005,195.590926918,33.158998519,86085238984.0,61695558992.0,18646943152.0,10.0,34.0,67.842648,24.095959999999998,82.475064,9.546,1284041.0,0.0,1284041.0,53.830541,0.0,,,74.907364439,1917.0,125.54,,,,,,,31.0,73.89876799999999,24.14584,75.41936,1.887,1284041.0,,,,,0.0,1284041.0,177.450654713,1890.0,387.7,354.5,365.4,329.2,69,57,67,63,0.7912,0.7912,0.625097,0.62526
1791341506.2,평시 x1,1,1.0,72.37,15.414940925000002,2.616478656,8348745072.0,6320905048.0,1333813928.0,10.0,36.0,48.289504,26.99552,84.093448,0.632,128590.0,1.0,,,,,,12.018778962,450.0,30.490000000000002,0.0,0.0,612296672.0,0.0,0.0,0.0,24.0,47.56812,0.0,77.83401599999999,0.016,,,,,,,,0.0,0.0,425.81,195.620538097,33.163012949,86112949552.0,61714960520.0,18652677776.0,10.0,34.0,44.525064,24.095959999999998,82.47916,9.549,1284452.0,1.0,1284452.0,54.067752999999996,0.0,,,74.939053418,1919.0,125.57000000000001,,,,,,,31.0,29.599263999999998,24.121184,75.42835199999999,1.888,1284453.0,,,,,0.0,1284453.0,177.490345655,1893.0,387.7,354.5,365.4,329.2,69,57,67,63,0.7912,0.7912,0.625097,0.62526
1791341507.21,평시 x1,1,1.0,72.43,15.456936348,2.622110262,8373230432.0,6340401424.0,1337827864.0,10.0,36.0,72.406752,26.99552,84.10816799999999,0.632,129003.0,0.0,,,,,,12.047756904,453.0,30.51,0.0,0.0,612950120.0,0.0,0.0,0.0,24.0,48.616696,0.0,77.842592,0.016,,,,,,,,0.0,0.0,425.88000000000005,195.653471298,33.168084678,86144448128.0,61737946880.0,18658431320.0,10.0,34.0,25.400232,24.093895999999997,82.48236,9.552,1284865.0,88.0,1284865.0,54.305425,0.0,,,74.964231537,1922.0,125.59,,,,,,,31.0,33.793568,24.121184,75.43537599999999,1.888,1284865.0,,,,,0.0,1284865.0,177.521861689,1895.0,382.6,354.7,365.6,329.2,69,57,67,64,0.448784,0.448784,0.323388,0.323553
1791341508.22,평시 x1,1,1.0,72.5,15.487597227999998,2.626861892,8397769984.0,6359938072.0,1341828264.0,10.0,36.0,42.278472,26.99552,84.12833599999999,0.635,129414.0,0.0,,,,,,12.077474334,454.0,30.520000000000003,0.0,0.0,613603648.0,0.0,0.0,0.0,24.0,48.616696,0.0,77.84388799999999,0.016,,,,,,,,0.0,0.0,425.92,195.681965614,33.173783092,86168594128.0,61753821248.0,18664165648.0,10.0,34.0,48.468903999999995,24.093895999999997,82.490144,9.552,1285276.0,0.0,1285276.0,54.542646999999995,0.0,,,74.994954493,1924.0,125.59,,,,,,,31.0,40.085024,24.121184,75.4366,1.888,1285276.0,,,,,0.0,1285276.0,177.561557975,1897.0,382.6,354.7,365.6,329.2,69,57,67,64,0.448784,0.448784,0.323388,0.323553
1791341509.23,평시 x1,1,1.0,72.55000000000001,15.525138845,2.637053355,8422141120.0,6379341992.0,1345820456.0,10.0,36.0,66.39572,26.99552,84.13549599999999,0.635,129824.0,0.0,,,,,,12.11323975,455.0,30.520000000000003,0.0,0.0,614257120.0,0.0,0.0,0.0,24.0,49.665271999999995,0.0,77.85404799999999,0.016,,,,,,,,0.0,0.0,426.28000000000003,195.712767303,33.178955948,86196000160.0,61773143344.0,18669886928.0,10.0,34.0,28.795944,24.093895999999997,82.456616,9.555,1285686.0,0.0,1285686.0,54.779633,0.0,,,75.028602917,1925.0,125.62,,,,,,,31.0,45.327904,24.121184,75.448376,1.888,1285686.0,,,,,0.0,1285686.0,177.597500907,1898.0,382.6,354.7,365.6,329.2,69,57,67,64,0.448784,0.448784,0.323388,0.323553
1791341510.24,평시 x1,1,1.0,72.62,15.554343185,2.644804198,8446545168.0,6398738664.0,1349825032.0,10.0,36.0,35.638968,26.273743999999997,84.136392,0.638,130234.0,0.0,,,,,,12.144514754,456.0,30.540000000000003,0.0,0.0,614910520.0,0.0,0.0,0.0,24.0,49.665271999999995,0.0,77.85530399999999,0.016,,,,,,,,0.0,0.0,426.33000000000004,195.746280701,33.183477971,86223348536.0,61792467240.0,18675611632.0,10.0,34.0,56.05892,24.093895999999997,82.45738399999999,9.555,1286096.0,0.0,1286096.0,55.016641,0.0,,,75.039052158,1926.0,125.63000000000001,,,,,,,31.0,50.570783999999996,24.121184,75.462792,1.888,1286096.0,,,,,0.0,1286096.0,177.634000733,1899.0,383.3,354.2,367.2,329.3,69,57,67,64,0.9986,0.9986,1.101441,1.101638
1791341511.25,평시 x1,1,1.0,72.7,15.605500574999999,2.649775508,8470966552.0,6418180024.0,1353830016.0,10.0,36.0,60.804792,26.273743999999997,84.14967999999999,0.638,130644.0,1.0,,,,,,12.17043049,457.0,30.55,0.0,0.0,615564016.0,0.0,0.0,0.0,24.0,50.713848,0.0,77.864752,0.016,,,,,,,,0.0,0.0,426.40000000000003,195.798248282,33.189227185,86267620248.0,61828468720.0,18681348632.0,10.0,34.0,49.690951999999996,24.093895999999997,82.45738399999999,9.558,1286507.0,410.0,1286507.0,55.253890999999996,0.0,,,75.054842744,1928.0,125.64000000000001,,,,,,,31.0,56.86224,24.121184,75.464968,1.888,1286507.0,,,,,0.0,1286507.0,177.668813712,1901.0,383.3,354.2,367.2,329.3,69,57,67,64,0.9986,0.9986,1.101441,1.101638
1791341512.25,평시 x1,1,1.0,72.89,15.660756045000001,2.657201739,8495508544.0,6437653296.0,1357840600.0,10.0,36.0,31.455503999999998,26.273743999999997,84.157304,0.641,131056.0,0.0,,,,,,12.236214416,460.0,30.560000000000002,0.0,0.0,616217656.0,0.0,0.0,0.0,24.0,51.762423999999996,0.0,77.89145599999999,0.016,,,,,,,,0.0,0.0,426.49,195.835480186,33.194235806,86292753240.0,61845347440.0,18687082728.0,10.0,34.0,25.187096,23.193928,82.46916,9.561,1286918.0,349.0,1286918.0,55.491108,0.0,,,75.087281826,1930.0,125.67,,,,,,,31.0,62.10512,24.121184,75.467648,1.888,1286918.0,,,,,0.0,1286918.0,177.722371222,1903.0,382.6,354.0,367.1,329.1,69,57,67,64,0.312424,0.312424,0.875621,0.875815
1791341513.27,평시 x1,1,1.0,72.94,15.703555168000001,2.663636885,8519955920.0,6457059048.0,1361907200.0,10.0,36.0,54.524176,26.273743999999997,84.167856,0.641,131466.0,0.0,,,,,,12.271663965,461.0,30.560000000000002,0.0,0.0,616871328.0,0.0,0.0,0.0,24.0,51.762423999999996,0.0,77.902568,0.016,,,,,,,,0.0,0.0,426.66,195.849885537,33.19826014,86305930472.0,61850528664.0,18692804048.0,10.0,34.0,36.721432,23.193928,82.533416,9.561,1287328.0,0.0,1287328.0,55.7281,0.0,,,75.103205393,1931.0,125.68,,,,,,,31.0,68.396576,24.121184,75.467648,1.888,1287328.0,,,,,0.0,1287328.0,177.77650069,1904.0,382.6,354.0,367.1,329.1,69,57,67,64,0.312424,0.312424,0.875621,0.875815
1791341514.28,평시 x1,1,1.0,72.99000000000001,15.737348876,2.668874941,8544398608.0,6476456984.0,1365976992.0,10.0,36.0,78.641424,26.273743999999997,84.167856,0.641,131876.0,0.0,,,,,,12.302451827,462.0,30.580000000000002,0.0,0.0,617524680.0,0.0,0.0,0.0,24.0,52.811,0.0,77.919136,0.016,,,,,,,,0.0,0.0,426.72,195.887004006,33.202376252,86333259584.0,61869849832.0,18698528160.0,10.0,34.0,65.032984,23.193928,82.53608799999999,9.561,1287738.0,0.0,1287738.0,55.965089,0.0,,,75.112577166,1932.0,125.7,,,,,,,31.0,73.639456,24.121184,75.485952,1.888,1287738.0,,,,,0.0,1287738.0,177.81365068,1905.0,382.6,354.0,367.1,329.1,69,57,67,64,0.312424,0.312424,0.875621,0.875815
1791341515.29,평시 x1,1,1.0,73.06,15.783325546999999,2.674174184,8585519272.0,6512580040.0,1369971968.0,10.0,36.0,65.40084,26.273743999999997,84.17730399999999,0.644,132286.0,410.0,,,,,,12.335844974,463.0,30.610000000000003,0.0,0.0,618178176.0,0.0,0.0,0.0,24.0,53.859576,0.0,77.942152,0.016,,,,,,,,0.0,0.0,426.87,195.94735627,33.206956956,86380211288.0,61908707696.0,18704252104.0,10.0,34.0,60.56404,23.193928,82.52661599999999,9.564,1288548.0,0.0,1288148.0,56.202065999999995,0.0,,,75.123998593,1933.0,125.80000000000001,,,,,,,31.0,32.745616,24.121184,75.43424,1.89,1288558.0,,,,,0.0,1288558.0,177.842067916,1906.0,382.1,355.1,366.8,330.2,69,57,67,64,0.79556,0.79556,0.603428,0.603562
1791341516.3,평시 x1,1,1.0,73.09,15.799710585000001,2.679715045,8595425664.0,6517502928.0,1373975160.0,10.0,36.0,74.83802399999999,26.273743999999997,84.17730399999999,0.644,132697.0,55.0,,,,,,12.365051866,465.0,30.610000000000003,0.0,0.0,618832712.0,0.0,0.0,0.0,24.0,53.859576,0.0,77.942152,0.016,,,,,,,,0.0,0.0,426.93,195.97598333,33.212021289,86404958152.0,61925206744.0,18709987600.0,10.0,34.0,37.134631999999996,23.193928,82.53403999999999,9.567,1288559.0,411.0,1288559.0,56.43929,0.0,,,75.14590613,1935.0,125.81,,,,,,,31.0,33.794191999999995,24.121184,75.43424,1.89,1288559.0,,,,,0.0,1288559.0,177.875653769,1908.0,382.1,355.1,366.8,330.2,69,57,67,64,0.79556,0.79556,0.603428,0.603562
1791341517.31,평시 x1,1,1.0,73.16000000000001,15.830058378,2.686326852,8617761168.0,6534825032.0,1377989648.0,10.0,36.0,42.14992,25.856016,84.182424,0.647,133110.0,0.0,,,,,,12.4099626,468.0,30.630000000000003,0.0,0.0,619486168.0,0.0,0.0,0.0,24.0,54.908151999999994,0.0,77.994608,0.016,,,,,,,,0.0,0.0,426.97,195.990957385,33.221988013,86416259928.0,61927977720.0,18715742592.0,10.0,34.0,47.620391999999995,23.193928,82.53403999999999,9.567,1288972.0,0.0,1288972.0,56.676952,0.0,,,75.182365286,1938.0,125.83000000000001,,,,,,,31.0,40.085648,24.121184,75.43786399999999,1.89,1288972.0,,,,,0.0,1288972.0,177.919529078,1911.0,382.1,355.1,366.8,330.2,69,57,67,64,0.79556,0.79556,0.603428,0.603562
1791341518.32,평시 x1,1,1.0,73.21000000000001,15.871351706,2.69343922,8642214608.0,6554268072.0,1382019984.0,10.0,36.0,66.267168,25.856016,84.201824,0.647,133521.0,0.0,,,,,,12.464260841,470.0,30.630000000000003,0.0,0.0,620139712.0,0.0,0.0,0.0,24.0,55.956728,0.0,77.996912,0.016,,,,,,,,0.0,0.0,427.05,196.03714783,33.227726018,86443933856.0,61947341760.0,18721474296.0,10.0,34.0,27.674304,23.177415999999997,82.536344,9.571,1289383.0,0.0,1289383.0,56.914179999999995,0.0,,,75.21197294,1940.0,125.85000000000001,,,,,,,31.0,45.328528,24.121184,75.43786399999999,1.89,1289383.0,,,,,0.0,1289383.0,177.969628172,1913.0,382.5,354.1,362.5,329.8,69,57,67,64,0.567824,0.567824,0.41461,0.414782
1791341519.33,평시 x1,1,1.0,73.38000000000001,15.927243215,2.698533624,8689862152.0,6596831640.0,1386046288.0,10.0,36.0,59.317055999999994,25.856016,84.211888,0.65,134341.0,0.0,,,,,,12.492786992,471.0,30.64,0.0,0.0,620793064.0,0.0,0.0,0.0,24.0,55.956728,0.0,77.998528,0.016,,,,,,,,0.0,0.0,427.25,196.095004598,33.237609736,86497537968.0,61985834640.0,18732710416.0,10.0,34.0,33.823623999999995,23.177415999999997,82.538264,9.573,1290188.0,0.0,1290188.0,57.37947,0.0,,,75.245309331,1942.0,125.87,,,,,,,31.0,55.814288,24.121184,75.444696,1.89,1290188.0,,,,,0.0,1290188.0,178.030080083,1915.0,382.5,354.1,362.5,329.8,69,57,67,64,0.567824,0.567824,0.41461,0.414782
1791341520.34,평시 x1,1,1.0,73.43,15.951271865,2.704315047,8712195160.0,6614155536.0,1390038608.0,10.0,36.0,29.562967999999998,25.856016,84.22272,0.654,134751.0,0.0,,,,,,12.519634328,472.0,30.650000000000002,0.0,0.0,621446512.0,0.0,0.0,0.0,24.0,57.005303999999995,0.0,78.013576,0.016,,,,,,,,0.0,0.0,427.3,196.128351121,33.243682253,86523373744.0,62004677048.0,18737389968.0,10.0,34.0,58.989447999999996,23.177415999999997,82.54685599999999,9.573,1290523.0,0.0,1290523.0,57.573077999999995,0.0,,,75.287391594,1944.0,125.89000000000001,,,,,,,31.0,61.057168,24.121184,75.461392,1.89,1290523.0,,,,,0.0,1290523.0,178.079990823,1917.0,382.5,354.1,362.5,329.8,69,57,67,64,0.567824,0.567824,0.41461,0.414782
1791341521.35,평시 x1,1,1.0,73.46000000000001,15.954928271,2.711622838,8715474336.0,6612480600.0,1394033792.0,10.0,36.0,32.708695999999996,25.856016,84.22272,0.654,134751.0,0.0,,,,,,12.579912369,473.0,30.650000000000002,0.0,0.0,622100008.0,0.0,0.0,0.0,24.0,57.005303999999995,0.0,78.015928,0.016,,,,,,,,0.0,0.0,427.36,196.15847017099998,33.248884738,86550345880.0,62023802192.0,18742611336.0,10.0,34.0,38.506736,23.177415999999997,82.548136,9.576,1290897.0,0.0,1290897.0,57.788897,0.0,,,75.312866252,1947.0,125.91000000000001,,,,,,,31.0,66.300048,24.121184,75.474912,1.89,1290897.0,,,,,0.0,1290897.0,178.119946726,1920.0,378.8,354.6,363.3,329.1,69,57,67,64,1.112648,1.112648,1.143261,0.127035
1791341522.36,평시 x1,1,1.0,73.5,15.989686124999999,2.718040364,8739946912.0,6631969904.0,1398042464.0,10.0,36.0,55.777367999999996,25.856016,84.231448,0.654,135163.0,0.0,,,,,,12.613864848,475.0,30.66,0.0,0.0,622753360.0,0.0,0.0,0.0,24.0,58.05388,0.0,78.02479199999999,0.016,,,,,,,,0.0,0.0,427.38000000000005,196.165072329,33.250824437,86554789592.0,62024721840.0,18744398648.0,10.0,34.0,42.70104,23.177415999999997,82.548136,9.576,1291025.0,0.0,1291025.0,57.862604999999995,0.0,,,75.327835272,1949.0,125.92,,,,,,,31.0,68.3972,24.121184,75.52336799999999,1.89,1291025.0,,,,,0.0,1291025.0,178.13342352,1922.0,378.8,354.6,363.3,329.1,69,57,67,64,1.112648,1.112648,1.143261,0.127035
1791341523.36,평시 x1,1,1.0,73.58,16.020928374,2.724336689,8764358168.0,6651382792.0,1402037920.0,10.0,36.0,29.701648,25.479983999999998,84.270944,0.657,135573.0,0.0,,,,,,12.647635886,476.0,30.67,0.0,0.0,623406952.0,0.0,0.0,0.0,24.0,59.102456,0.0,78.027016,0.016,,,,,,,,0.0,0.0,427.43,196.195816668,33.255436183,86582121400.0,62044057448.0,18750123144.0,10.0,34.0,69.964016,23.177415999999997,82.548136,9.576,1291435.0,0.0,1291435.0,58.099607,0.0,,,75.338670339,1950.0,125.95,,,,,,,31.0,24.236576,24.121184,75.52997599999999,1.894,1291435.0,,,,,0.0,1291435.0,178.164926931,1923.0,379.5,355.2,363.1,329.2,69,57,67,64,0.482104,0.482104,0.939453,0.939695
1791341524.37,평시 x1,1,1.0,74.88000000000001,16.707719002999998,2.767877025,9091888056.0,6953287576.0,1426336168.0,10.0,36.0,61.213871999999995,25.479983999999998,84.38809599999999,0.696,139620.0,1651.0,,,,,,12.918415029,479.0,30.680000000000003,0.0,0.0,624061088.0,0.0,0.0,0.0,24.0,59.102456,0.0,78.040112,0.016,,,,,,,,0.0,0.0,428.75,196.86773274,33.300690868,86918440080.0,62328104672.0,18788930232.0,10.0,34.0,55.552352,32.99364,82.5466,9.623,1293852.0,1397.0,1293852.0,59.879023999999994,0.0,,,75.436971927,1952.0,126.04,,,,,,,31.0,61.985312,24.121184,75.56191199999999,1.894,1293852.0,,,,,0.0,1293852.0,178.483175733,1925.0,379.5,355.2,363.1,329.2,69,57,67,64,0.482104,0.482104,0.939453,0.939695
1791341525.39,평시 x1,1,1.0,75.14,16.769011776,2.833172773,9148861840.0,6965072312.0,1470468504.0,10.0,36.0,85.91823199999999,46.533808,84.403792,0.7,141723.0,0.0,,,,,,13.186663174,482.0,30.69,0.0,0.0,624714584.0,0.0,0.0,0.0,24.0,60.151032,0.0,78.06088,0.016,,,,,,,,0.0,0.0,429.09000000000003,196.958708293,33.365849843,87055268680.0,62375803944.0,18855919912.0,10.0,34.0,92.193272,45.022072,82.5466,9.635,1297995.0,0.0,1297995.0,62.995439,0.0,,,75.53201541,1955.0,126.23,,,,,,,31.0,50.797712,24.22224,75.546312,1.9040000000000001,1297995.0,,,,,0.0,1297995.0,178.680772488,1928.0,379.5,355.2,363.1,329.2,69,57,67,64,0.482104,0.482104,0.939453,0.939695
1791341526.41,평시 x1,1,1.0,75.34,16.832472347,2.838804058,9190160992.0,7001282040.0,1474471240.0,10.0,36.0,49.537264,47.431135999999995,84.406768,0.706,142134.0,411.0,,,,,,13.221784361,484.0,30.71,0.0,0.0,625369120.0,0.0,0.0,0.0,24.0,60.151032,0.0,78.065264,0.018,,,,,,,,0.0,0.0,429.15000000000003,196.996754856,33.371820192,87083044816.0,62395212000.0,18861665024.0,10.0,34.0,120.504824,45.022072,82.5466,9.635,1298407.0,0.0,1298407.0,63.232901,0.0,,,75.5503402,1957.0,126.24000000000001,,,,,,,31.0,54.992016,24.22224,75.55162399999999,1.9040000000000001,1298407.0,,,,,0.0,1298407.0,178.720754688,1930.0,385.7,355.0,412.5,336.2,69,57,67,64,2.091256,2.091256,0.716963,0.71713
1791341527.41,평시 x1,1,1.0,75.4,16.864567464,2.844547995,9214639352.0,7020769248.0,1478485976.0,10.0,36.0,73.654512,47.431135999999995,86.295272,0.706,142547.0,410.0,,,,,,13.253455597,487.0,30.720000000000002,0.0,0.0,626052976.0,0.0,0.0,0.0,24.0,26.778184,0.0,78.11513599999999,0.018,,,,,,,,0.0,0.0,429.21000000000004,197.03619761000002,33.372776185,87109843512.0,62420317112.0,18861689408.0,10.0,34.0,62.918791999999996,39.888135999999996,82.55524799999999,9.638,1298819.0,0.0,1298819.0,63.47033,0.0,,,75.563831495,1959.0,126.26,,,,,,,31.0,61.283471999999996,24.22224,75.565264,1.9040000000000001,1298819.0,,,,,410.0,1298409.0,178.73063954,1932.0,385.7,355.0,412.5,336.2,69,57,67,64,2.091256,2.091256,0.716963,0.71713
1791341528.42,평시 x1,1,1.0,75.48,16.906780010000002,2.851904703,9239087104.0,7040214960.0,1482484488.0,10.0,36.0,59.41572,47.431135999999995,86.486656,0.709,142958.0,410.0,,,,,,13.289289913,489.0,30.740000000000002,0.0,0.0,626706304.0,0.0,0.0,0.0,24.0,27.82676,0.0,78.159088,0.018,,,,,,,,0.0,0.0,429.27000000000004,197.06702767000002,33.384451637,87138535512.0,62434019272.0,18873144936.0,10.0,34.0,91.230344,39.888135999999996,82.55524799999999,9.638,1299230.0,0.0,1299230.0,63.707559999999994,0.0,,,75.610047749,1962.0,126.28,,,,,,,31.0,66.526352,24.22224,75.59952799999999,1.9040000000000001,1299230.0,,,,,0.0,1299230.0,178.779710794,1934.0,385.7,355.0,412.5,336.2,69,57,67,64,2.091256,2.091256,0.716963,0.71713
1791341529.43,평시 x1,1,1.0,75.52000000000001,16.919891041,2.857159142,9246739888.0,7042897368.0,1486479752.0,10.0,36.0,66.755752,47.431135999999995,86.497152,0.709,143368.0,0.0,,,,,,13.318068355,490.0,30.750000000000004,0.0,0.0,627360336.0,0.0,0.0,0.0,24.0,27.82676,0.0,78.186376,0.018,,,,,,,,0.0,0.0,429.33000000000004,197.104475159,33.390159609,87165927216.0,62453319720.0,18878866464.0,10.0,34.0,39.910528,32.802023999999996,82.55524799999999,9.641,1299640.0,0.0,1299640.0,63.944559999999996,0.0,,,75.627252863,1963.0,126.30000000000001,,,,,,,31.0,72.817808,24.22224,75.629536,1.9040000000000001,1299640.0,,,,,0.0,1299640.0,178.841201434,1936.0,386.8,355.0,415.5,335.9,72,57,67,64,0.495672,0.495672,0.492301,0.492462
1791341530.45,평시 x1,1,1.0,75.62,16.97597425,2.869085058,9294490624.0,7081656656.0,1494467664.0,10.0,36.0,64.901856,36.949504,85.938008,0.712,144188.0,0.0,,,,,,13.377852646,492.0,30.76,0.0,0.0,628013776.0,0.0,0.0,0.0,24.0,28.875335999999997,0.0,78.19716,0.018,,,,,,,,0.0,0.0,429.37,197.129190274,33.391134561,87184262104.0,62470191464.0,18879205472.0,10.0,34.0,58.784895999999996,32.802023999999996,82.55524799999999,9.641,1299664.0,0.0,1299664.0,63.9584,0.0,,,75.641429129,1964.0,126.32000000000001,,,,,,,31.0,73.866384,24.22224,75.63568,1.9040000000000001,1299664.0,,,,,0.0,1299664.0,178.856798899,1937.0,386.8,355.0,415.5,335.9,72,57,67,64,0.495672,0.495672,0.492301,0.492462
1791341531.46,평시 x1,1,1.0,75.68,17.016123784,2.869085058,9318842400.0,7105005544.0,1494467664.0,10.0,36.0,31.888911999999998,28.585663999999998,85.945208,0.714,144599.0,0.0,,,,,,13.377852646,492.0,30.770000000000003,0.0,0.0,628667168.0,0.0,0.0,0.0,24.0,29.923911999999998,0.0,78.209368,0.018,,,,,,,,0.0,0.0,429.43,197.170724378,33.395627096,87211289648.0,62489421632.0,18884608288.0,10.0,34.0,86.047872,32.802023999999996,82.55657599999999,9.641,1300051.0,353.0,1300051.0,64.181801,0.0,,,75.665068749,1966.0,126.34,,,,,,,31.0,79.109264,24.22224,75.66972,1.9040000000000001,1300051.0,,,,,0.0,1300051.0,178.893421158,1939.0,386.8,355.0,415.5,335.9,72,57,67,64,0.495672,0.495672,0.492301,0.492462
1791341532.47,평시 x1,1,1.0,75.71000000000001,17.035583824,2.873933677,9336755944.0,7117936144.0,1498476304.0,10.0,36.0,49.714704,28.585663999999998,84.80773599999999,0.714,144600.0,410.0,,,,,,13.407235903,494.0,30.78,0.0,0.0,629320592.0,0.0,0.0,0.0,24.0,29.923911999999998,0.0,78.22972,0.018,,,,,,,,0.0,0.0,429.59000000000003,197.21603392400002,33.408017471,87246059624.0,62510686464.0,18894430992.0,10.0,34.0,41.448904,32.802023999999996,82.56264,9.644,1300755.0,0.0,1300755.0,64.588304,0.0,,,75.743956276,1969.0,126.36000000000001,,,,,,,31.0,30.929216,24.22224,75.72659999999999,1.9060000000000001,1300755.0,,,,,0.0,1300755.0,178.967138023,1942.0,385.6,355.3,416.2,335.7,71,57,67,64,0.36832,0.691152,0.24611,1.248188
1791341533.47,평시 x1,1,1.0,75.77000000000001,17.061944246,2.879301495,9351146592.0,7127355224.0,1502471200.0,10.0,36.0,64.394768,28.585663999999998,84.82505599999999,0.714,145010.0,165.0,,,,,,13.43424219,495.0,30.78,0.0,0.0,629973904.0,0.0,0.0,0.0,24.0,30.972488,0.0,78.23789599999999,0.018,,,,,,,,0.0,0.0,429.64000000000004,197.241740623,33.412802515,87274123320.0,62530135328.0,18900447168.0,10.0,34.0,69.76045599999999,32.802023999999996,82.56264,9.644,1301186.0,0.0,1301186.0,64.837445,0.0,,,75.767000067,1971.0,126.39000000000001,,,,,,,31.0,36.172095999999996,24.22224,75.80777599999999,1.9060000000000001,1301282.0,,,,,96.0,1301186.0,178.997693851,1944.0,385.6,355.3,416.2,335.7,71,57,67,64,0.36832,0.691152,0.24611,1.248188
1791341534.48,평시 x1,1,1.0,75.98,17.130115328000002,2.889374578,9392202808.0,7159367800.0,1510458696.0,10.0,36.0,49.964223999999994,28.585663999999998,84.85247199999999,0.716,145830.0,0.0,,,,,,13.485727306,497.0,30.790000000000003,0.0,0.0,630627248.0,0.0,0.0,0.0,24.0,32.021063999999996,0.0,78.265456,0.018,,,,,,,,0.0,0.0,429.69000000000005,197.28101349,33.414257225,87303954192.0,62555766768.0,18901791312.0,10.0,34.0,100.16915999999999,32.802023999999996,82.565072,9.644,1301692.0,0.0,1301692.0,65.129986,0.0,,,75.778864804,1972.0,126.42,,,,,,,31.0,42.463552,24.22224,77.69813599999999,1.9060000000000001,1301692.0,,,,,0.0,1301692.0,179.005695574,1945.0,385.8,355.1,400.8,336.9,69,57,67,64,0.965208,0.965208,1.046934,1.047072
1791341535.49,평시 x1,1,1.0,76.02000000000001,17.157314839,2.89267134,9416594856.0,7178790424.0,1514453152.0,10.0,36.0,74.08147199999999,28.585663999999998,84.88581599999999,0.716,146240.0,0.0,,,,,,13.503203703,498.0,30.8,0.0,0.0,631280816.0,0.0,0.0,0.0,24.0,32.021063999999996,0.0,78.296776,0.018,,,,,,,,0.0,0.0,429.73,197.29695430200002,33.419085788,87321520152.0,62566766600.0,18907515512.0,10.0,34.0,48.790872,32.802023999999996,82.573888,9.647,1301692.0,410.0,1301692.0,65.129986,0.0,,,75.802313732,1973.0,126.45,,,,,,,31.0,43.512128,24.22224,77.367424,1.9060000000000001,1301692.0,,,,,0.0,1301692.0,179.038535998,1946.0,385.8,355.1,400.8,336.9,69,57,67,64,0.965208,0.965208,1.046934,1.047072
1791341536.5,평시 x1,1,1.0,76.08,17.193891233,2.897454477,9437235424.0,7196630496.0,1516249616.0,10.0,36.0,38.938992,28.585663999999998,85.007848,0.719,146397.0,0.0,,,,,,13.532677221,500.0,30.82,0.0,0.0,631935576.0,0.0,0.0,0.0,24.0,33.06964,0.0,78.397296,0.018,,,,,,,,0.0,0.0,429.78000000000003,197.331110791,33.424132587,87349162728.0,62586143944.0,18913250496.0,10.0,34.0,75.00527199999999,32.802023999999996,82.584136,9.647,1302103.0,411.0,1302103.0,65.36719599999999,0.0,,,75.834377033,1975.0,126.49000000000001,,,,,,,31.0,49.803584,24.22224,77.58192799999999,1.9060000000000001,1302103.0,,,,,0.0,1302103.0,179.078899402,1948.0,385.8,355.1,400.8,336.9,69,57,67,64,0.965208,0.965208,1.046934,1.047072
1791341537.51,평시 x1,1,1.0,76.15,17.232381008999997,2.905902735,9465551992.0,7217746184.0,1522474848.0,10.0,36.0,66.201968,28.585663999999998,85.18396,0.719,147064.0,0.0,,,,,,13.584211413,504.0,30.830000000000002,0.0,0.0,632589096.0,0.0,0.0,0.0,24.0,34.118216,0.0,78.52845599999999,0.018,,,,,,,,0.0,0.0,429.85,197.369956258,33.433317995,87386647928.0,62608156768.0,18924724864.0,10.0,34.0,37.684951999999996,27.204535999999997,82.59647199999999,9.65,1302926.0,0.0,1302926.0,65.841827,0.0,,,75.88524548,1978.0,126.52000000000001,,,,,,,31.0,60.289344,24.22224,77.051688,1.9060000000000001,1302926.0,,,,,0.0,1302926.0,179.158245105,1951.0,387.1,356.0,401.4,336.2,69,57,67,65,0.31404,0.31404,0.840159,0.840287
1791341538.53,평시 x1,1,1.0,76.23,17.261666007000002,2.909368535,9486683688.0,7235714808.0,1524634680.0,10.0,36.0,31.24384,26.488512,87.140704,0.722,147247.0,0.0,,,,,,13.62094345,506.0,30.87,0.0,0.0,633242928.0,0.0,0.0,0.0,24.0,34.118216,0.0,79.41632,0.018,,,,,,,,0.0,0.0,429.91,197.408038819,33.438417727,87414293528.0,62627531808.0,18930459352.0,10.0,34.0,65.996504,27.204535999999997,82.680944,9.65,1303337.0,0.0,1303337.0,66.079039,0.0,,,75.924657127,1980.0,126.54,,,,,,,31.0,65.532224,24.22224,77.070608,1.9060000000000001,1303337.0,,,,,0.0,1303337.0,179.22514873,1953.0,387.1,356.0,401.4,336.2,69,57,67,65,0.31404,0.31404,0.840159,0.840287
1791341539.54,평시 x1,1,1.0,76.32000000000001,17.294773720000002,2.917791098,9514506856.0,7256571552.0,1530625896.0,10.0,36.0,58.506816,26.488512,86.911552,0.722,147885.0,0.0,,,,,,13.674954902,508.0,30.89,0.0,0.0,633896584.0,0.0,0.0,0.0,24.0,35.166792,0.0,79.573256,0.018,,,,,,,,0.0,0.0,429.97,197.443083654,33.443772741,87441605216.0,62646880376.0,18936183408.0,10.0,34.0,93.25948,27.204535999999997,82.737112,9.65,1303747.0,0.0,1303747.0,66.316026,0.0,,,75.938142787,1981.0,126.55000000000001,,,,,,,31.0,71.82368,24.22224,77.070608,1.9060000000000001,1303747.0,,,,,0.0,1303747.0,179.263311283,1954.0,387.1,356.0,401.4,336.2,69,57,67,65,0.31404,0.31404,0.840159,0.840287
1791341540.55,평시 x1,1,1.0,76.5,17.326638939,2.924984146,9539063904.0,7276007864.0,1534688960.0,10.0,36.0,28.793143999999998,26.488512,86.90028799999999,0.725,148295.0,0.0,,,,,,13.722029342,509.0,30.900000000000002,0.0,0.0,634550128.0,0.0,0.0,0.0,24.0,36.215368,0.0,79.575048,0.018,,,,,,,,0.0,0.0,430.15000000000003,197.480901469,33.44912749,87469094712.0,62666205896.0,18941907864.0,10.0,34.0,49.539896,27.204535999999997,82.73595999999999,9.653,1304157.0,0.0,1304157.0,66.553015,0.0,,,75.960358514,1982.0,126.56,,,,,,,31.0,77.06656,24.22224,76.498336,1.9060000000000001,1304157.0,,,,,0.0,1304157.0,179.296553488,1955.0,387.5,355.7,401.0,335.6,72,58,67,65,0.82236,0.82236,0.598376,0.59851
1791341541.56,평시 x1,1,1.0,76.53,17.349466814,2.930190043,9563549952.0,7295441680.0,1538766200.0,10.0,36.0,53.958968,26.488512,86.90028799999999,0.725,148706.0,0.0,,,,,,13.758588474,511.0,30.910000000000004,0.0,0.0,635203576.0,0.0,0.0,0.0,24.0,36.215368,0.0,79.575048,0.018,,,,,,,,0.0,0.0,430.19000000000005,197.514598859,33.453427726,87496426384.0,62685567280.0,18947640696.0,10.0,34.0,77.85144799999999,27.204535999999997,82.73595999999999,9.653,1304568.0,0.0,1304568.0,66.790255,0.0,,,75.974266486,1983.0,126.59,,,,,,,31.0,27.171063999999998,23.26908,76.525472,1.9080000000000001,1304568.0,,,,,0.0,1304568.0,179.334964303,1956.0,387.5,355.7,401.0,335.6,72,58,67,65,0.82236,0.82236,0.598376,0.59851
1791341542.57,평시 x1,1,1.0,76.59,17.388569277000002,2.93548542,9587968800.0,7314885472.0,1542766224.0,10.0,36.0,77.02763999999999,26.488512,86.90028799999999,0.725,149117.0,0.0,,,,,,13.794089845,513.0,30.910000000000004,0.0,0.0,635857000.0,0.0,0.0,0.0,24.0,37.263943999999995,0.0,79.575048,0.018,,,,,,,,0.0,0.0,430.26000000000005,197.553528505,33.458874758,87524064800.0,62704943048.0,18953375456.0,10.0,34.0,47.533015999999996,27.204535999999997,82.73595999999999,9.656,1304979.0,0.0,1304979.0,67.02747699999999,0.0,,,75.995568429,1985.0,126.61000000000001,,,,,,,31.0,32.413944,23.26908,76.527776,1.9080000000000001,1304979.0,,,,,0.0,1304979.0,179.389402544,1958.0,387.5,355.7,401.0,335.6,72,58,67,65,0.82236,0.82236,0.598376,0.59851
1791341543.57,평시 x1,1,1.0,76.65,17.423068249,2.940167801,9612113440.0,7334182704.0,1546610936.0,10.0,36.0,46.784991999999995,26.488512,86.903888,0.728,149508.0,0.0,,,,,,13.820659663,514.0,30.92,0.0,0.0,636510424.0,0.0,0.0,0.0,24.0,37.263943999999995,0.0,79.57852,0.018,,,,,,,,0.0,0.0,430.3,197.58175863600002,33.462740586,87551394632.0,62724274488.0,18959100040.0,10.0,34.0,75.844568,27.204535999999997,82.73595999999999,9.656,1305389.0,0.0,1305389.0,67.264484,0.0,,,76.068522391,1986.0,126.62,,,,,,,31.0,37.656824,23.26908,76.527776,1.9080000000000001,1305389.0,,,,,0.0,1305389.0,179.418927587,1959.0,386.1,355.9,380.6,336.8,71,58,67,64,0.794632,0.48332,0.578649,0.578835
1791341544.58,평시 x1,1,1.0,76.68,17.448634188,2.944473028,9634485808.0,7352708920.0,1549481448.0,10.0,36.0,69.853664,26.488512,86.358176,0.728,149776.0,0.0,,,,,,13.84842639,516.0,30.92,0.0,0.0,637163872.0,0.0,0.0,0.0,24.0,38.31252,0.0,79.605656,0.018,,,,,,,,0.0,0.0,430.35,197.609520267,33.467308361,87578694560.0,62743597072.0,18964826112.0,10.0,34.0,44.516664,26.153896,82.740864,9.659,1305799.0,0.0,1305799.0,0.23699299999999998,0.0,,,76.093551,1987.0,126.63000000000001,,,,,,,31.0,43.94828,23.26908,76.527776,1.9080000000000001,1305799.0,,,,,0.0,1305799.0,179.455174184,1960.0,386.1,355.9,380.6,336.8,71,58,67,64,0.794632,0.48332,0.578649,0.578835
1791341545.58,평시 x1,1,1.0,76.73,17.474864849,2.947323081,9655920864.0,7371012376.0,1551610248.0,10.0,36.0,34.017911999999995,25.788743999999998,86.358176,0.73,150008.0,0.0,,,,,,13.870371209,518.0,30.930000000000003,0.0,0.0,637817096.0,0.0,0.0,0.0,24.0,39.361095999999996,0.0,79.605656,0.018,,,,,,,,0.0,0.0,430.39000000000004,197.639295036,33.470949897,87605983832.0,62762922728.0,18970547976.0,10.0,34.0,71.77964,26.153896,82.740864,9.659,1306209.0,0.0,1306209.0,0.473996,0.0,,,76.105181426,1988.0,126.64000000000001,,,,,,,31.0,49.191159999999996,23.26908,76.527776,1.9080000000000001,1306209.0,,,,,0.0,1306209.0,179.491872335,1961.0,386.1,355.9,380.6,336.8,71,58,67,64,0.794632,0.48332,0.578649,0.578835
1791341546.59,평시 x1,1,1.0,76.79,17.515630992,2.957965258,9685793992.0,7392640960.0,1558878544.0,10.0,36.0,64.426616,25.788743999999998,86.359864,0.73,150759.0,0.0,,,,,,13.944195528,521.0,30.930000000000003,0.0,0.0,638471920.0,0.0,0.0,0.0,24.0,39.361095999999996,0.0,79.605656,0.018,,,,,,,,0.0,0.0,430.55,197.679389041,33.477480077,87633727736.0,62782304696.0,18976292984.0,10.0,34.0,42.580264,26.153896,82.734208,9.662,1306621.0,0.0,1306621.0,0.7114499999999999,0.0,,,76.139561891,1990.0,126.65,,,,,,,31.0,55.482616,23.26908,76.527776,1.9080000000000001,1306621.0,,,,,0.0,1306621.0,179.54633186,1963.0,386.4,356.1,361.3,337.3,70,58,67,64,0.907528,0.907528,0.44812,0.44299
1791341547.61,평시 x1,1,1.0,76.94,17.542270158,2.966965701,9710367184.0,7412078152.0,1562955496.0,10.0,36.0,33.411111999999996,25.788743999999998,86.34271199999999,0.733,151171.0,0.0,,,,,,13.994551518,522.0,30.94,0.0,0.0,639125504.0,0.0,0.0,0.0,24.0,40.409672,0.0,79.605656,0.018,,,,,,,,0.0,0.0,430.6,197.70994363900002,33.482500206,87661439672.0,62801714064.0,18982037344.0,10.0,34.0,70.89181599999999,26.153896,82.734208,9.662,1307033.0,0.0,1307033.0,0.9488869999999999,0.0,,,76.175766832,1992.0,126.69000000000001,,,,,,,31.0,60.725496,23.26908,76.539424,1.9080000000000001,1307033.0,,,,,0.0,1307033.0,179.601415818,1965.0,386.4,356.1,361.3,337.3,70,58,67,64,0.907528,0.907528,0.44812,0.44299
1791341548.61,평시 x1,1,1.0,76.98,17.57645935,2.976671322,9734811496.0,7431545048.0,1566957840.0,10.0,36.0,57.52836,25.788743999999998,85.765816,0.733,151582.0,0.0,,,,,,14.086953663,524.0,30.94,0.0,0.0,639779048.0,0.0,0.0,0.0,24.0,41.458248,0.0,79.030808,0.018,,,,,,,,0.0,0.0,430.67,197.757554604,33.48722343,87689174152.0,62821090048.0,18987772176.0,10.0,34.0,43.56832,26.153896,82.734208,9.672,1307444.0,0.0,1307444.0,1.186102,0.0,,,76.263225125,1994.0,126.71000000000001,,,,,,,31.0,67.016952,23.26908,76.539424,1.9080000000000001,1307444.0,,,,,0.0,1307444.0,179.661191275,1967.0,386.4,356.1,361.3,337.3,70,58,67,64,0.907528,0.907528,0.44812,0.44299
1791341549.63,평시 x1,1,1.0,77.04,17.603522142,2.982292581,9759315496.0,7450976488.0,1571027760.0,10.0,36.0,28.040855999999998,25.788743999999998,85.767608,0.736,151992.0,0.0,,,,,,14.126061489,525.0,30.950000000000003,0.0,0.0,640432400.0,0.0,0.0,0.0,24.0,41.458248,0.0,79.032984,0.018,,,,,,,,0.0,0.0,430.71000000000004,197.780648958,33.490731264,87716445784.0,62840410736.0,18993493784.0,10.0,34.0,70.831296,26.153896,82.742144,9.672,1307854.0,0.0,1307854.0,1.423104,0.0,,,76.275197548,1995.0,126.72000000000001,,,,,,,31.0,72.259832,23.26908,76.539424,1.9080000000000001,1307854.0,,,,,0.0,1307854.0,179.693536304,1968.0,383.3,355.9,357.9,336.0,70,57,67,64,0.653776,0.653776,1.201839,1.202019
1791341550.64,평시 x1,1,1.0,77.09,17.632341152,2.988788195,9783758376.0,7470377816.0,1575094328.0,10.0,36.0,52.158103999999994,25.788743999999998,85.76837599999999,0.736,152402.0,0.0,,,,,,14.172598429,526.0,30.96,0.0,0.0,641085808.0,0.0,0.0,0.0,24.0,42.506823999999995,0.0,79.032984,0.018,,,,,,,,0.0,0.0,430.77000000000004,197.812844754,33.496292894,87743758568.0,62859726072.0,18999217728.0,10.0,34.0,41.51804,25.107384,82.736896,9.675,1308264.0,0.0,1308264.0,1.660086,0.0,,,76.29104346,1996.0,126.80000000000001,,,,,,,31.0,23.403464,23.26908,76.520608,1.9100000000000001,1308264.0,,,,,0.0,1308264.0,179.740620031,1969.0,383.3,355.9,357.9,336.0,70,57,67,64,0.653776,0.653776,1.201839,1.202019
1791341551.65,평시 x1,1,1.0,77.13000000000001,17.659855942,2.993417646,9808221480.0,7489796576.0,1579163664.0,10.0,36.0,77.323928,25.788743999999998,85.769144,0.736,152812.0,1.0,,,,,,14.208019976,527.0,30.970000000000002,0.0,0.0,641739232.0,0.0,0.0,0.0,24.0,43.5554,0.0,79.032984,0.018,,,,,,,,0.0,0.0,430.81,197.842296239,33.500351908,87771160192.0,62879088920.0,19004952680.0,10.0,34.0,68.781016,25.107384,82.738432,9.675,1308675.0,0.0,1308675.0,1.8972849999999999,0.0,,,76.357096468,1997.0,126.82000000000001,,,,,,,31.0,28.646344,23.26908,76.520608,1.9100000000000001,1308675.0,,,,,0.0,1308675.0,179.777659508,1970.0,383.3,355.9,357.9,336.0,70,57,67,64,0.653776,0.653776,1.201839,1.202019
1791341552.65,평시 x1,1,1.0,77.18,17.691548648999998,2.997975742,9832785128.0,7509273272.0,1583248504.0,10.0,36.0,47.679663999999995,25.339184,85.789744,0.739,153224.0,0.0,,,,,,14.246893269,530.0,30.970000000000002,0.0,0.0,642392784.0,0.0,0.0,0.0,24.0,43.5554,0.0,79.05044,0.018,,,,,,,,0.0,0.0,430.99,197.871542053,33.505997679,87799143448.0,62898418848.0,19010685680.0,10.0,34.0,41.557496,25.107384,82.78272,9.677,1309086.0,0.0,1309086.0,2.134503,0.0,,,76.398408526,2000.0,126.83000000000001,,,,,,,31.0,33.889224,23.26908,76.520608,1.9100000000000001,1309086.0,,,,,0.0,1309086.0,179.832676065,1973.0,382.6,355.3,356.7,324.3,69,57,67,64,0.711416,1.214776,0.332009,1.332736
1791341553.66,평시 x1,1,1.0,77.24000000000001,17.71916054,3.001975479,9857172664.0,7528691184.0,1587243984.0,10.0,36.0,71.79691199999999,25.339184,85.865616,0.739,153634.0,0.0,,,,,,14.279774177,531.0,30.98,0.0,0.0,643046256.0,0.0,0.0,0.0,24.0,43.5554,0.0,79.11636,0.018,,,,,,,,0.0,0.0,431.03000000000003,197.900772364,33.510681415,87826812848.0,62917762824.0,19016412176.0,10.0,34.0,69.86904799999999,25.107384,82.78272,9.677,1309496.0,0.0,1309496.0,2.371511,0.0,,,76.429607509,2002.0,126.85000000000001,,,,,,,31.0,40.180679999999995,23.26908,76.5256,1.9100000000000001,1309496.0,,,,,0.0,1309496.0,179.876836859,1975.0,382.6,355.3,356.7,324.3,69,57,67,64,0.711416,1.214776,0.332009,1.332736
1791341554.66,평시 x1,1,1.0,77.37,17.747313247,3.006783774,9881619920.0,7548088712.0,1591236848.0,10.0,36.0,41.630311999999996,25.339184,85.861008,0.742,154044.0,0.0,,,,,,14.310566903,532.0,30.98,0.0,0.0,643699744.0,0.0,0.0,0.0,24.0,43.5554,0.0,79.11828,0.018,,,,,,,,0.0,0.0,431.23,197.932253078,33.514725139,87854144728.0,62937113048.0,19022136880.0,10.0,34.0,43.479991999999996,25.107384,82.857344,9.679,1309906.0,0.0,1309906.0,2.60852,0.0,,,76.443201064,2003.0,126.87,,,,,,,31.0,45.423559999999995,23.26908,76.562264,1.9100000000000001,1309906.0,,,,,0.0,1309906.0,179.90281572,1976.0,382.9,356.0,355.9,326.0,69,57,67,64,1.09372,1.09372,0.162986,1.16355
1791341555.67,평시 x1,1,1.0,77.42,17.778391154999998,3.012855933,9905986632.0,7567486144.0,1595232064.0,10.0,36.0,65.74756,25.339184,85.861008,0.742,154454.0,0.0,,,,,,14.342647214,533.0,30.990000000000002,0.0,0.0,644353072.0,0.0,0.0,0.0,24.0,44.603975999999996,0.0,79.11828,0.018,,,,,,,,0.0,0.0,431.28000000000003,197.970408544,33.51842671,87881445776.0,62956441968.0,19027860944.0,10.0,34.0,71.791544,25.107384,82.857344,9.679,1310316.0,0.0,1310316.0,2.845507,0.0,,,76.456013418,2004.0,126.89000000000001,,,,,,,31.0,50.666439999999994,23.26908,76.570584,1.9100000000000001,1310316.0,,,,,0.0,1310316.0,179.93439104,1977.0,382.9,356.0,355.9,326.0,69,57,67,64,1.09372,1.09372,0.162986,1.16355
1791341556.68,평시 x1,1,1.0,77.48,17.812712476999998,3.01760175,9930476592.0,7586941416.0,1599264040.0,10.0,36.0,37.6994,25.339184,85.862544,0.745,154865.0,1.0,,,,,,14.379254803,534.0,31.000000000000004,0.0,0.0,645007560.0,0.0,0.0,0.0,24.0,45.652552,0.0,79.124296,0.018,,,,,,,,0.0,0.0,431.34000000000003,198.009247723,33.523204589,87908862672.0,62975829120.0,19033595656.0,10.0,34.0,45.491848,25.107384,82.85964799999999,9.682,1310727.0,1.0,1310727.0,3.082747,0.0,,,76.469021688,2005.0,126.9,,,,,,,31.0,56.957896,23.26908,76.570584,1.9100000000000001,1310727.0,,,,,0.0,1310727.0,179.968137399,1978.0,382.9,356.0,355.9,326.0,69,57,67,64,1.09372,1.09372,0.162986,1.16355
1791341557.7,평시 x1,1,1.0,77.52000000000001,17.848982889,3.022204427,9954998416.0,7606445544.0,1603307552.0,10.0,36.0,61.816648,25.339184,85.862544,0.745,155278.0,0.0,,,,,,14.429614471,536.0,31.000000000000004,0.0,0.0,645661072.0,0.0,0.0,0.0,24.0,45.652552,0.0,79.124296,0.018,,,,,,,,0.0,0.0,431.40000000000003,198.048176586,33.527929603,87936576368.0,62995216696.0,19039347472.0,10.0,34.0,73.8034,25.107384,82.85964799999999,9.682,1311140.0,0.0,1311140.0,3.320419,0.0,,,76.511600872,2007.0,126.92,,,,,,,31.0,62.200776,23.26908,76.57095199999999,1.9100000000000001,1311140.0,,,,,0.0,1311140.0,180.074417098,1980.0,379.3,355.5,355.0,325.3,69,57,67,64,0.314384,0.314384,0.956581,0.956728
1791341558.7,평시 x1,1,1.0,77.57000000000001,17.876563649999998,3.027173722,9979472232.0,7625886680.0,1607338232.0,10.0,36.0,33.707296,25.329504,85.862544,0.748,155689.0,0.0,,,,,,14.470718874,538.0,31.01,0.0,0.0,646314472.0,0.0,0.0,0.0,24.0,46.701128,0.0,79.124296,0.018,,,,,,,,0.0,0.0,431.53000000000003,198.083259639,33.532151987,87964384512.0,63014599624.0,19045082576.0,10.0,34.0,47.418184,25.107384,82.83648,9.685,1311551.0,0.0,1311551.0,3.557644,0.0,,,76.551571935,2009.0,126.94000000000001,,,,,,,31.0,68.492232,23.26908,76.596176,1.9100000000000001,1311551.0,,,,,0.0,1311551.0,180.11658578,1982.0,379.3,355.5,355.0,325.3,69,57,67,64,0.314384,0.314384,0.956581,0.956728
1791341559.71,평시 x1,1,1.0,77.60000000000001,17.902085277,3.032311729,10003868864.0,7645282816.0,1611364648.0,10.0,36.0,57.824543999999996,25.329504,85.87558399999999,0.748,156099.0,0.0,,,,,,14.501878666,539.0,31.01,0.0,0.0,646967968.0,0.0,0.0,0.0,24.0,47.749704,0.0,79.13864,0.018,,,,,,,,0.0,0.0,431.57000000000005,198.11210778999998,33.535377363,87991678592.0,63033933952.0,19050807016.0,10.0,34.0,75.729736,25.107384,82.83648,9.685,1311961.0,0.0,1311961.0,3.794647,0.0,,,76.563082403,2010.0,126.97000000000001,,,,,,,31.0,26.477967999999997,23.26908,76.661952,1.912,1311961.0,,,,,0.0,1311961.0,180.149728151,1983.0,379.3,355.5,355.0,325.3,69,57,67,64,0.314384,0.314384,0.956581,0.956728
1791341560.71,평시 x1,1,1.0,77.76,17.944300968,3.039360569,10028326032.0,7664687592.0,1615360256.0,10.0,36.0,30.290312,25.329504,85.853824,0.752,156509.0,0.0,,,,,,14.535388684,540.0,31.020000000000003,0.0,0.0,647621320.0,0.0,0.0,0.0,24.0,47.749704,0.0,79.14088,0.018,,,,,,,,0.0,0.0,431.62,198.138448816,33.539724459,88018998560.0,63053251128.0,19056528664.0,10.0,34.0,49.415192,25.107384,82.839168,9.688,1312371.0,0.0,1312371.0,4.03165,0.0,,,76.575407407,2011.0,126.98,,,,,,,31.0,31.720848,23.26908,76.66272,1.912,1312371.0,,,,,0.0,1312371.0,180.1837205,1984.0,380.6,355.5,355.8,325.1,69,57,67,64,0.791504,0.791504,0.639723,0.639829
1791341561.72,평시 x1,1,1.0,77.82000000000001,17.984168346,3.044448301,10052727928.0,7684120360.0,1619355264.0,10.0,36.0,53.358984,25.329504,85.854592,0.752,156919.0,1.0,,,,,,14.562560191,541.0,31.03,0.0,0.0,648274720.0,0.0,0.0,0.0,24.0,48.79828,0.0,79.14088,0.018,,,,,,,,0.0,0.0,431.69000000000005,198.16822292199998,33.544982491,88046647528.0,63072603152.0,19062264384.0,10.0,34.0,25.278912,25.107384,82.842112,9.691,1312782.0,0.0,1312782.0,4.268861,0.0,,,76.599730686,2013.0,126.99000000000001,,,,,,,31.0,36.963727999999996,23.26908,76.66272,1.912,1312782.0,,,,,0.0,1312782.0,180.228771799,1986.0,380.6,355.5,355.8,325.1,69,57,67,64,0.791504,0.791504,0.639723,0.639829
1791341562.73,평시 x1,1,1.0,77.9,18.035643377,3.049419976,10077295488.0,7703601608.0,1623439848.0,10.0,36.0,25.500152,25.329504,85.854592,0.756,157331.0,0.0,,,,,,14.597368536,544.0,31.040000000000003,0.0,0.0,648928264.0,0.0,0.0,0.0,24.0,48.79828,0.0,79.141776,0.018,,,,,,,,0.0,0.0,431.75,198.209373336,33.551179486,88074381968.0,63091983032.0,19067999200.0,10.0,34.0,52.541888,25.107384,82.842112,9.691,1313193.0,0.0,1313193.0,4.506085,0.0,,,76.629937399,2015.0,127.01,,,,,,,31.0,43.255184,23.26908,76.66361599999999,1.912,1313193.0,,,,,0.0,1313193.0,180.318358343,1988.0,380.6,355.5,355.8,325.1,69,57,67,64,0.791504,0.791504,0.639723,0.639829
1791341563.74,평시 x1,1,1.0,77.95,18.066673957000003,3.056782266,10101736720.0,7723002232.0,1627506464.0,10.0,36.0,49.617399999999996,25.329504,85.859072,0.756,157741.0,0.0,,,,,,14.636598431,545.0,31.040000000000003,0.0,0.0,649581664.0,0.0,0.0,0.0,24.0,49.846855999999995,0.0,79.14369599999999,0.018,,,,,,,,0.0,0.0,431.89000000000004,198.23918590099998,33.556697325,88101823024.0,63111308608.0,19073723312.0,10.0,34.0,28.804192,24.089768,82.774912,9.694,1313603.0,0.0,1313603.0,4.743069,0.0,,,76.649347339,2016.0,127.03,,,,,,,31.0,48.498064,23.26908,76.665024,1.912,1313603.0,,,,,0.0,1313603.0,180.362223444,1989.0,379.6,355.5,355.5,324.9,69,57,67,64,0.719008,0.719008,0.469864,0.47001
1791341564.75,평시 x1,1,1.0,78.0,18.10496,3.061789859,10126105592.0,7742401832.0,1631501696.0,10.0,36.0,73.73464799999999,25.329504,85.86035199999999,0.756,158151.0,0.0,,,,,,14.666802518,546.0,31.05,0.0,0.0,650235064.0,0.0,0.0,0.0,24.0,50.895432,0.0,79.14369599999999,0.018,,,,,,,,0.0,0.0,431.94000000000005,198.268704221,33.561823406,88129348464.0,63130628192.0,19079449440.0,10.0,34.0,56.067167999999995,24.089768,82.779136,9.694,1314013.0,0.0,1314013.0,4.980071,0.0,,,76.680367751,2018.0,127.05000000000001,,,,,,,31.0,54.789519999999996,23.26908,76.665024,1.912,1314013.0,,,,,0.0,1314013.0,180.410491618,1991.0,379.6,355.5,355.5,324.9,69,57,67,64,0.719008,0.719008,0.469864,0.47001
1791341565.76,평시 x1,1,1.0,78.06,18.142935639,3.066768372,10150522768.0,7761821656.0,1635497200.0,10.0,36.0,45.320448,25.143743999999998,85.862016,0.758,158561.0,0.0,,,,,,14.693829296,547.0,31.05,0.0,0.0,650888984.0,0.0,0.0,0.0,24.0,50.895432,0.0,79.14536,0.018,,,,,,,,0.0,0.0,432.0,198.300000622,33.566875251,88156945496.0,63149953592.0,19085175664.0,10.0,34.0,31.921591999999997,24.089768,82.780928,9.697000000000001,1314423.0,0.0,1314423.0,5.2170749999999995,0.0,,,76.707749483,2020.0,127.06,,,,,,,31.0,60.032399999999996,23.26908,76.665024,1.912,1314423.0,,,,,0.0,1314423.0,180.454409175,1993.0,380.1,356.3,356.4,324.8,69,57,67,64,0.747584,1.23112,0.287902,0.289793
1791341566.76,평시 x1,1,1.0,78.11,18.174356751,3.071753185,10174940504.0,7781272232.0,1639489208.0,10.0,36.0,69.437696,25.143743999999998,85.862016,0.758,158973.0,2.0,,,,,,14.728071783,548.0,31.060000000000002,0.0,0.0,651543376.0,0.0,0.0,0.0,24.0,51.944008,0.0,79.15214399999999,0.018,,,,,,,,0.0,0.0,432.05,198.329923958,33.572619762,88184620352.0,63169326192.0,19090910536.0,10.0,34.0,59.184568,24.089768,82.780928,9.697000000000001,1314834.0,0.0,1314834.0,5.454308,0.0,,,76.735051234,2022.0,127.08000000000001,,,,,,,31.0,65.27528,23.26908,76.666688,1.912,1314834.0,,,,,0.0,1314834.0,180.517961827,1995.0,380.1,356.3,356.4,324.8,69,57,67,64,0.747584,1.23112,0.287902,0.289793
1791341567.76,평시 x1,1,1.0,78.27000000000001,18.212694439,3.077645908,10199487512.0,7800743816.0,1643508984.0,10.0,36.0,41.395776,25.143743999999998,85.858176,0.76,159385.0,0.0,,,,,,14.783966428,551.0,31.07,0.0,0.0,652196824.0,0.0,0.0,0.0,24.0,52.992584,0.0,79.152912,0.018,,,,,,,,0.0,0.0,432.1,198.356490922,33.576481712,88212385328.0,63188731968.0,19096655312.0,10.0,34.0,34.065376,23.502495999999997,82.780928,9.699,1315246.0,0.0,1315246.0,5.691751,0.0,,,76.795861817,2024.0,127.10000000000001,,,,,,,31.0,23.26916,23.15004,76.670272,1.915,1315246.0,,,,,0.0,1315246.0,180.589677291,1997.0,380.1,356.3,356.4,324.8,69,57,67,64,0.747584,1.23112,0.287902,0.289793
1791341568.78,평시 x1,1,1.0,78.32000000000001,18.248173551999997,3.081795921,10223916728.0,7820197496.0,1647510432.0,10.0,36.0,65.513024,25.143743999999998,85.865344,0.76,159796.0,0.0,,,,,,14.82863246,553.0,31.07,0.0,0.0,652850224.0,0.0,0.0,0.0,24.0,52.992584,0.0,79.152912,0.018,,,,,,,,0.0,0.0,432.15000000000003,198.386833285,33.581801961,88240159976.0,63208100152.0,19102396592.0,10.0,34.0,62.376928,23.502495999999997,82.780928,9.699,1315658.0,0.0,1315658.0,5.929183,0.0,,,76.959992025,2027.0,127.12,,,,,,,31.0,28.51204,23.15004,76.670272,1.915,1315658.0,,,,,0.0,1315658.0,180.713899637,2000.0,379.1,355.5,356.3,325.2,69,57,67,64,0.348376,0.348376,1.178928,1.179104
1791341569.79,평시 x1,1,1.0,78.33,18.254292382,3.081795921,10224951376.0,7820258008.0,1647510432.0,10.0,36.0,66.5616,25.143743999999998,85.866624,0.76,159796.0,0.0,,,,,,14.82863246,553.0,31.090000000000003,0.0,0.0,653503576.0,0.0,0.0,0.0,24.0,54.04116,0.0,79.16784,0.018,,,,,,,,0.0,0.0,432.16,198.393344836,33.581801961,88241012424.0,63208160392.0,19102396592.0,10.0,34.0,63.425504,23.502495999999997,82.78246399999999,9.699,1315658.0,0.0,1315658.0,5.929183,0.0,,,76.959992025,2027.0,127.13000000000001,,,,,,,31.0,29.560616,23.15004,76.677184,1.915,1315658.0,,,,,0.0,1315658.0,180.713899637,2000.0,379.1,355.5,356.3,325.2,69,57,67,64,0.348376,0.348376,1.178928,1.179104
1791341570.8,평시 x1,1,1.0,78.45,18.322906036,3.093546818,10272703024.0,7859020752.0,1655497728.0,10.0,36.0,62.540208,25.143743999999998,85.88118399999999,0.762,160616.0,0.0,,,,,,14.905529528,555.0,31.1,0.0,0.0,654157024.0,0.0,0.0,0.0,24.0,54.04116,0.0,79.181552,0.018,,,,,,,,0.0,0.0,432.33000000000004,198.451767235,33.593792011,88294882304.0,63246756552.0,19113842368.0,10.0,34.0,64.266488,23.502495999999997,82.77503999999999,9.703,1316478.0,0.0,1316478.0,6.403175,0.0,,,77.051020062,2029.0,127.16000000000001,,,,,,,31.0,38.9978,23.15004,76.68512,1.915,1316478.0,,,,,0.0,1316478.0,180.799681897,2002.0,379.1,355.5,356.3,325.2,69,57,67,64,0.348376,0.348376,1.178928,1.179104
1791341571.81,평시 x1,1,1.0,78.51,18.350310016,3.098762672,10297145880.0,7878466328.0,1659493040.0,10.0,36.0,33.517824,25.142623999999998,85.888736,0.765,161026.0,1.0,,,,,,14.959237702,556.0,31.110000000000003,0.0,0.0,654810448.0,0.0,0.0,0.0,24.0,55.089735999999995,0.0,79.182448,0.018,,,,,,,,0.0,0.0,432.40000000000003,198.489133987,33.599176455,88322550888.0,63266146840.0,19119578336.0,10.0,34.0,42.950919999999996,23.502495999999997,82.77503999999999,9.707,1316889.0,0.0,1316889.0,6.640391999999999,0.0,,,77.151755004,2031.0,127.18,,,,,,,31.0,45.289255999999995,23.15004,76.686144,1.915,1316889.0,,,,,0.0,1316889.0,180.903797541,2004.0,380.6,356.3,348.6,325.6,69,57,67,64,0.703216,1.185472,0.228487,1.224956
1791341572.82,평시 x1,1,1.0,78.55000000000001,18.382789917,3.104126531,10321607992.0,7897944624.0,1663502784.0,10.0,36.0,57.635071999999994,25.142623999999998,85.890912,0.765,161438.0,0.0,,,,,,15.048411017,559.0,31.12,0.0,0.0,655463896.0,0.0,0.0,0.0,24.0,56.138312,0.0,79.184624,0.018,,,,,,,,0.0,0.0,432.44000000000005,198.514227627,33.60288961,88349984888.0,63285489808.0,19125309520.0,10.0,34.0,71.262472,23.502495999999997,82.77503999999999,9.707,1317300.0,0.0,1317300.0,6.8776019999999995,0.0,,,77.217599707,2032.0,127.19000000000001,,,,,,,31.0,50.532135999999994,23.15004,76.68831999999999,1.915,1317300.0,,,,,0.0,1317300.0,180.98806619,2005.0,380.6,356.3,348.6,325.6,69,57,67,64,0.703216,1.185472,0.228487,1.224956
1791341573.83,평시 x1,1,1.0,78.69000000000001,18.415958365999998,3.110934221,10346071360.0,7917355744.0,1667498208.0,10.0,36.0,30.002623999999997,25.142623999999998,85.884256,0.768,161848.0,0.0,,,,,,15.080155612,560.0,31.12,0.0,0.0,656117344.0,0.0,0.0,0.0,24.0,56.138312,0.0,79.18552,0.018,,,,,,,,0.0,0.0,432.48,198.539669852,33.606397853,88377311320.0,63304835840.0,19131034136.0,10.0,34.0,48.775583999999995,23.466336,82.77632,9.71,1317710.0,0.0,1317710.0,7.114611999999999,0.0,,,77.238220134,2033.0,127.2,,,,,,,31.0,56.823592,23.15004,76.689984,1.915,1317710.0,,,,,0.0,1317710.0,181.024337076,2006.0,380.6,356.3,348.6,325.6,69,57,67,64,0.703216,1.185472,0.228487,1.224956
1791341574.84,평시 x1,1,1.0,78.73,18.445572845,3.116417017,10370474328.0,7936761296.0,1671521416.0,10.0,36.0,54.119872,25.142623999999998,85.88528,0.768,162258.0,0.0,,,,,,15.113154672,561.0,31.130000000000003,0.0,0.0,656770696.0,0.0,0.0,0.0,24.0,57.186887999999996,0.0,79.186416,0.018,,,,,,,,0.0,0.0,432.64000000000004,198.571568947,33.611694393,88404721856.0,63324159080.0,19136758496.0,10.0,34.0,28.717976,23.466336,82.78016,9.712,1318120.0,0.0,1318120.0,7.351615,0.0,,,77.257766467,2034.0,127.21000000000001,,,,,,,31.0,62.066472,23.15004,76.694544,1.915,1318120.0,,,,,0.0,1318120.0,181.054645672,2007.0,379.7,355.8,349.8,325.6,69,57,67,64,0.957656,0.957656,1.036772,1.037033
1791341575.85,평시 x1,1,1.0,78.79,18.478314175999998,3.1210783,10394905584.0,7956164456.0,1675547880.0,10.0,36.0,27.507247999999997,25.142623999999998,85.888224,0.771,162668.0,0.0,,,,,,15.148042095,562.0,31.14,0.0,0.0,657424736.0,0.0,0.0,0.0,24.0,58.235464,0.0,79.186416,0.018,,,,,,,,0.0,0.0,432.68,198.604543839,33.615882292,88432045392.0,63343493440.0,19142482856.0,10.0,34.0,57.029528,23.466336,82.78016,9.712,1318530.0,0.0,1318530.0,7.5886119999999995,0.0,,,77.27564325,2035.0,127.23,,,,,,,31.0,67.30935199999999,23.15004,76.694544,1.915,1318530.0,,,,,0.0,1318530.0,181.08796622,2008.0,379.7,355.8,349.8,325.6,69,57,67,64,0.957656,0.957656,1.036772,1.037033
1791341576.86,평시 x1,1,1.0,78.84,18.517964629999998,3.126726987,10419328000.0,7975617008.0,1679542664.0,10.0,36.0,51.624496,25.142623999999998,85.889504,0.771,163078.0,2.0,,,,,,15.176638011,563.0,31.14,0.0,0.0,658079288.0,0.0,0.0,0.0,24.0,58.235464,0.0,79.187696,0.018,,,,,,,,0.0,0.0,432.74,198.641322041,33.620932369,88459769832.0,63362876928.0,19148217408.0,10.0,34.0,36.056024,23.466336,82.78016,9.715,1318941.0,1.0,1318941.0,7.8258209999999995,0.0,,,77.307833998,2037.0,127.33000000000001,,,,,,,31.0,26.480639999999998,23.15004,76.57729599999999,1.918,1318941.0,,,,,0.0,1318941.0,181.135909102,2010.0,379.7,355.8,349.8,325.6,69,57,67,64,0.957656,0.957656,1.036772,1.037033
1791341577.87,평시 x1,1,1.0,78.9,18.5514689,3.132453737,10443919784.0,7995213816.0,1683562328.0,10.0,36.0,75.741744,25.142623999999998,85.96079999999999,0.771,163492.0,0.0,,,,,,15.222424213,566.0,31.150000000000002,0.0,0.0,658732808.0,0.0,0.0,0.0,24.0,59.28404,0.0,79.187696,0.018,,,,,,,,0.0,0.0,432.8,198.673370961,33.626073211,88487832936.0,63382369088.0,19153962288.0,10.0,34.0,63.318999999999996,23.466336,82.78016,9.715,1319353.0,1.0,1319353.0,8.063272,0.0,,,77.362519315,2040.0,127.34,,,,,,,31.0,31.723519999999997,23.15004,76.592072,1.918,1319354.0,,,,,1.0,1319353.0,181.195659897,2013.0,380.3,355.5,350.7,325.6,69,57,67,64,0.081928,0.795376,0.894141,0.894266
1791341578.88,평시 x1,1,1.0,78.98,18.582296947,3.139415794,10468357088.0,8014651656.0,1687559960.0,10.0,36.0,48.434543999999995,24.963224,85.975392,0.774,163903.0,0.0,,,,,,15.255588477,567.0,31.160000000000004,0.0,0.0,659386208.0,0.0,0.0,0.0,24.0,60.332615999999994,0.0,79.187696,0.018,,,,,,,,0.0,0.0,432.95000000000005,198.708538406,33.631019577,88515650664.0,63401732016.0,19159704248.0,10.0,34.0,41.381223999999996,22.944024,82.826928,9.718,1319765.0,0.0,1319765.0,8.300723999999999,0.0,,,77.407640809,2043.0,127.36000000000001,,,,,,,31.0,38.014976,23.15004,76.59322399999999,1.918,1319765.0,,,,,0.0,1319765.0,181.248182179,2016.0,380.3,355.5,350.7,325.6,69,57,67,64,0.081928,0.795376,0.894141,0.894266
1791341579.89,평시 x1,1,1.0,79.04,18.619109041999998,3.145715286,10492753232.0,8034078456.0,1691555272.0,10.0,36.0,72.55179199999999,24.963224,85.97910399999999,0.774,164313.0,0.0,,,,,,15.288288248,568.0,31.160000000000004,0.0,0.0,660039704.0,0.0,0.0,0.0,24.0,60.332615999999994,0.0,79.187696,0.018,,,,,,,,0.0,0.0,433.0,198.75186595,33.635512027,88542960824.0,63421067096.0,19165428752.0,10.0,34.0,69.692776,22.944024,82.826928,9.718,1320175.0,0.0,1320175.0,8.537732,0.0,,,77.424774836,2044.0,127.39000000000001,,,,,,,31.0,42.20928,23.15004,76.598728,1.918,1320175.0,,,,,0.0,1320175.0,181.281743549,2017.0,380.3,355.5,350.7,325.6,69,57,67,64,0.081928,0.795376,0.894141,0.894266
1791341580.9,평시 x1,1,1.0,79.19000000000001,18.656916965,3.151993327,10517204304.0,8053478096.0,1695549848.0,10.0,36.0,44.201104,24.963224,85.96715999999999,0.777,164723.0,0.0,,,,,,15.318583157,569.0,31.180000000000003,0.0,0.0,660723856.0,0.0,0.0,0.0,24.0,26.79,0.0,79.230848,0.02,,,,,,,,0.0,0.0,433.14000000000004,198.79006271600002,33.642122146,88570348504.0,63440385880.0,19171149624.0,10.0,34.0,47.291264,22.944024,82.81656,9.721,1320585.0,0.0,1320585.0,8.774702999999999,0.0,,,77.44153938,2045.0,127.41000000000001,,,,,,,31.0,48.500735999999996,23.15004,76.600008,1.918,1320585.0,,,,,0.0,1320585.0,181.316111764,2018.0,380.5,355.8,348.9,324.8,69,57,68,64,0.78436,0.78436,0.756634,0.75676
1791341581.92,평시 x1,1,1.0,79.23,18.684631775,3.156849363,10541610792.0,8072914760.0,1699545560.0,10.0,36.0,68.31835199999999,24.963224,85.969976,0.777,165133.0,1.0,,,,,,15.345576121,570.0,31.19,0.0,0.0,661377280.0,0.0,0.0,0.0,24.0,27.838576,0.0,79.230848,0.02,,,,,,,,0.0,0.0,433.20000000000005,198.822516708,33.646924547,88598066320.0,63459747416.0,19176886200.0,10.0,34.0,30.114976,22.944024,82.822544,9.724,1320996.0,0.0,1320996.0,9.011947,0.0,,,77.466682457,2047.0,127.42,,,,,,,31.0,53.743615999999996,23.15004,76.600008,1.918,1320996.0,,,,,0.0,1320996.0,181.352407695,2020.0,380.5,355.8,348.9,324.8,69,57,68,64,0.78436,0.78436,0.756634,0.75676
1791341582.92,평시 x1,1,1.0,79.30000000000001,18.72486445,3.162276328,10566064024.0,8092360736.0,1703550608.0,10.0,36.0,41.15944,24.963224,85.97484,0.781,165545.0,0.0,,,,,,15.37938676,572.0,31.21,0.0,0.0,662030760.0,0.0,0.0,0.0,24.0,27.838576,0.0,79.242368,0.02,,,,,,,,0.0,0.0,433.26000000000005,198.866549904,33.651940955,88625486416.0,63479124640.0,19182620256.0,10.0,34.0,57.377952,22.944024,82.84307199999999,9.724,1321407.0,0.0,1321407.0,9.249157,0.0,,,77.492297866,2048.0,127.44000000000001,,,,,,,31.0,60.035072,23.15004,76.60256799999999,1.918,1321407.0,,,,,0.0,1321407.0,181.42271872,2021.0,377.8,356.4,356.5,325.7,69,57,67,64,0.834288,0.306712,0.66374,0.663911
1791341583.94,평시 x1,1,1.0,79.77000000000001,18.971949739000003,3.172830787,10700928448.0,8217523840.0,1712118504.0,10.0,36.0,34.6708,24.703312,85.946936,0.795,167220.0,687.0,,,,,,15.444548205,573.0,31.240000000000002,0.0,0.0,662684264.0,0.0,0.0,0.0,24.0,28.887152,0.0,79.257984,0.02,,,,,,,,0.0,0.0,434.11,199.288724563,33.684529233,88897790328.0,63705846584.0,19216366008.0,10.0,34.0,49.082376,31.156568,82.825024,9.756,1323521.0,1971.0,1323521.0,10.788217,0.0,,,77.572245533,2050.0,127.50000000000001,,,,,,,31.0,43.670688,23.15004,76.61376,1.922,1323521.0,,,,,1294.0,1322227.0,181.48429715,2022.0,377.8,356.4,356.5,325.7,69,57,67,64,0.834288,0.306712,0.66374,0.663911
1791341584.95,평시 x1,1,1.0,80.76,19.407183013,3.288908677,10950551840.0,8406043168.0,1771961728.0,10.0,36.0,99.35324,24.703312,85.94604,0.823,171695.0,0.0,,,,,,15.956380534,577.0,31.250000000000004,0.0,0.0,663337280.0,0.0,0.0,0.0,24.0,29.935727999999997,0.0,79.257984,0.02,,,,,,,,0.0,0.0,434.93,199.559998509,33.79053375,89072039688.0,63791579464.0,19282693832.0,10.0,34.0,73.015832,50.148056,82.83116799999999,9.793,1327557.0,0.0,1327557.0,13.908021,0.0,,,77.771229818,2052.0,127.61000000000001,,,,,,,31.0,44.186992,24.999456,76.618496,1.926,1327557.0,,,,,0.0,1327557.0,181.989588226,2025.0,377.8,356.4,356.5,325.7,69,57,67,64,0.834288,0.306712,0.66374,0.663911
1791341585.96,평시 x1,1,1.0,80.81,19.435417335,3.293411043,10975016312.0,8425438024.0,1776028008.0,10.0,36.0,59.172535999999994,24.703312,85.94604,0.826,172105.0,0.0,,,,,,15.998270016,578.0,31.26,0.0,0.0,663990344.0,0.0,0.0,0.0,24.0,29.935727999999997,0.0,79.257984,0.02,,,,,,,,0.0,0.0,434.97,199.590550636,33.79618537,89099324944.0,63810902376.0,19288417688.0,10.0,34.0,99.230232,50.148056,82.83232,9.793,1327967.0,0.0,1327967.0,14.145000999999999,0.0,,,77.796872462,2053.0,127.62,,,,,,,31.0,49.429871999999996,24.999456,76.61939199999999,1.926,1327967.0,,,,,0.0,1327967.0,182.034524948,2026.0,420.5,356.2,387.0,326.1,69,57,67,64,4.20696,1.713096,0.389341,0.38946
1791341586.98,평시 x1,1,1.0,80.86,19.467450862,3.299065276,10999464240.0,8444916936.0,1780022856.0,10.0,36.0,83.289784,24.703312,85.96247199999999,0.826,172515.0,2.0,,,,,,16.035379039,579.0,31.26,0.0,0.0,664644544.0,0.0,0.0,0.0,24.0,30.984303999999998,0.0,79.27224799999999,0.02,,,,,,,,0.0,0.0,435.05,199.61681341899998,33.801591604,89127011904.0,63830284656.0,19294161136.0,10.0,34.0,62.241279999999996,48.348472,82.836416,9.796,1328379.0,0.0,1328379.0,14.382439,0.0,,,77.844713446,2055.0,127.64000000000001,,,,,,,31.0,54.672751999999996,24.999456,76.6208,1.926,1328379.0,,,,,0.0,1328379.0,182.09911333,2028.0,420.5,356.2,387.0,326.1,69,57,67,64,4.20696,1.713096,0.389341,0.38946
1791341587.98,평시 x1,1,1.0,80.93,19.50101617,3.304101019,11024064424.0,8464523312.0,1784042528.0,10.0,36.0,107.407032,24.703312,85.977704,0.826,172929.0,0.0,,,,,,16.075419804,582.0,31.270000000000003,0.0,0.0,665297496.0,0.0,0.0,0.0,24.0,32.03288,0.0,79.27224799999999,0.02,,,,,,,,0.0,0.0,435.09000000000003,199.646267013,33.807963738,89154826160.0,63849783504.0,19299904464.0,10.0,34.0,90.552832,48.348472,82.84295999999999,9.796,1328791.0,0.0,1328791.0,14.619905,0.0,,,77.89295323,2057.0,127.69000000000001,,,,,,,31.0,59.915631999999995,24.999456,76.63577599999999,1.926,1328791.0,,,,,0.0,1328791.0,182.145643689,2030.0,420.5,356.2,387.0,326.1,69,57,67,64,4.20696,1.713096,0.389341,0.38946
1791341588.98,평시 x1,1,1.0,80.98,19.537090416,3.311171454,11048574640.0,8483959344.0,1788114712.0,10.0,36.0,55.627128,37.2712,85.977704,0.828,173340.0,0.0,,,,,,16.150983736,583.0,31.270000000000003,0.0,0.0,665950512.0,0.0,0.0,0.0,24.0,32.03288,0.0,79.27224799999999,0.02,,,,,,,,0.0,0.0,435.15000000000003,199.680622987,33.813952185,89182236552.0,63869137528.0,19305636032.0,10.0,34.0,57.44204,40.827768,82.84884799999999,9.799,1329202.0,0.0,1329202.0,14.857125,0.0,,,77.944246057,2058.0,127.7,,,,,,,31.0,66.207088,24.999456,76.63577599999999,1.926,1329202.0,,,,,0.0,1329202.0,182.196677689,2031.0,420.1,356.2,387.7,326.3,69,57,67,64,0.50452,0.50452,0.309233,0.309525
1791341589.99,평시 x1,1,1.0,81.03,19.572503727,3.317312143,11073045008.0,8503386168.0,1792184176.0,10.0,36.0,79.744376,37.2712,85.977704,0.828,173750.0,0.0,,,,,,16.190576842,585.0,31.28,0.0,0.0,666603480.0,0.0,0.0,0.0,24.0,32.03288,0.0,79.27224799999999,0.02,,,,,,,,0.0,0.0,435.19000000000005,199.710159667,33.818252275,89209516232.0,63888468520.0,19311360528.0,10.0,34.0,84.705016,40.827768,82.84884799999999,9.799,1329612.0,0.0,1329612.0,15.094123999999999,0.0,,,77.958338666,2059.0,127.71000000000001,,,,,,,31.0,71.449968,24.999456,76.63820799999999,1.926,1329612.0,,,,,0.0,1329612.0,182.233342884,2032.0,420.1,356.2,387.7,326.3,69,57,67,64,0.50452,0.50452,0.309233,0.309525
1791341590.99,평시 x1,1,1.0,81.07000000000001,19.602751264000002,3.322838707,11097493752.0,8522811456.0,1796233576.0,10.0,36.0,103.86162399999999,37.2712,85.977704,0.828,174160.0,0.0,,,,,,16.235864077,587.0,31.290000000000003,0.0,0.0,667257488.0,0.0,0.0,0.0,24.0,33.081455999999996,0.0,79.274552,0.02,,,,,,,,0.0,0.0,435.33000000000004,199.74869196699998,33.824168189,89236888648.0,63907793048.0,19317084520.0,10.0,34.0,48.240992,37.68204,82.846672,9.802,1330022.0,0.0,1330022.0,15.331109,0.0,,,77.98213441,2060.0,127.80000000000001,,,,,,,31.0,26.953799999999998,22.902303999999997,76.61644799999999,1.928,1330022.0,,,,,0.0,1330022.0,182.276150963,2033.0,420.1,356.2,387.7,326.3,69,57,67,64,0.50452,0.50452,0.309233,0.309525
1791341592.01,평시 x1,1,1.0,81.22,19.639245368,3.330337857,11122057024.0,8542246608.0,1800304808.0,10.0,36.0,52.569024,37.2712,85.982056,0.831,174570.0,0.0,,,,,,16.29179873,589.0,31.290000000000003,0.0,0.0,667910552.0,0.0,0.0,0.0,24.0,33.081455999999996,0.0,79.275448,0.02,,,,,,,,0.0,0.0,435.37,199.77928201699999,33.82941994,89264544256.0,63927171344.0,19322820656.0,10.0,34.0,75.503968,37.68204,82.846672,9.802,1330433.0,0.0,1330433.0,15.56833,0.0,,,78.009491977,2062.0,127.82000000000001,,,,,,,31.0,32.19668,22.902303999999997,76.6176,1.928,1330433.0,,,,,0.0,1330433.0,182.325923153,2035.0,420.6,356.8,389.6,322.4,69,57,67,64,0.804872,0.804872,0.39217,0.392296
1791341593.02,평시 x1,1,1.0,81.26,19.666490985000003,3.334681414,11146504368.0,8561714984.0,1804309664.0,10.0,36.0,76.686272,37.2712,85.98474399999999,0.831,174982.0,0.0,,,,,,16.320748713,591.0,31.3,0.0,0.0,668563504.0,0.0,0.0,0.0,24.0,34.130032,0.0,79.277368,0.02,,,,,,,,0.0,0.0,435.43,199.808197766,33.83343186,89291938192.0,63946523728.0,19328551168.0,10.0,34.0,40.993967999999995,37.68204,82.847824,9.805,1330844.0,0.0,1330844.0,15.805537,0.0,,,78.025022511,2063.0,127.84,,,,,,,31.0,37.43956,22.902303999999997,76.6176,1.928,1330844.0,,,,,0.0,1330844.0,182.359464116,2036.0,420.6,356.8,389.6,322.4,69,57,67,64,0.804872,0.804872,0.39217,0.392296
1791341594.03,평시 x1,1,1.0,81.30000000000001,19.69520486,3.338664096,11170875312.0,8581117072.0,1808304464.0,10.0,36.0,100.80351999999999,37.2712,85.986408,0.831,175392.0,0.0,,,,,,16.345021792,592.0,31.3,0.0,0.0,669217216.0,0.0,0.0,0.0,24.0,34.130032,0.0,79.281216,0.02,,,,,,,,0.0,0.0,435.47,199.833489343,33.837809969,89319300856.0,63965842480.0,19334275272.0,10.0,34.0,68.25694399999999,37.68204,82.84987199999999,9.805,1331254.0,0.0,1331254.0,16.042523,0.0,,,78.045632504,2064.0,127.85000000000001,,,,,,,31.0,42.68244,22.902303999999997,76.618496,1.928,1331254.0,,,,,0.0,1331254.0,182.387863785,2037.0,420.6,356.8,389.6,322.4,69,57,67,64,0.804872,0.804872,0.39217,0.392296
1791341595.04,평시 x1,1,1.0,81.37,19.734335566,3.344898863,11195316680.0,8600550792.0,1812310440.0,10.0,36.0,50.895039999999995,37.2712,85.987304,0.833,175802.0,0.0,,,,,,16.401029225,594.0,31.3,0.0,0.0,669870168.0,0.0,0.0,0.0,24.0,35.178608,0.0,79.281216,0.02,,,,,,,,0.0,0.0,435.52000000000004,199.868959839,33.842649935,89346591680.0,63985179168.0,19340000032.0,10.0,34.0,95.51992,37.68204,82.85281599999999,9.805,1331664.0,0.0,1331664.0,16.279536,0.0,,,78.093429768,2065.0,127.86000000000001,,,,,,,31.0,48.973895999999996,22.902303999999997,76.618496,1.928,1331664.0,,,,,0.0,1331664.0,182.487654042,2038.0,420.9,356.0,389.1,321.8,69,57,67,64,0.524056,1.011584,0.177838,1.171927
1791341596.05,평시 x1,1,1.0,81.42,19.763054035,3.349147175,11219693520.0,8619956936.0,1816305720.0,10.0,36.0,75.012288,37.2712,85.994728,0.833,176212.0,0.0,,,,,,16.427420287,595.0,31.310000000000002,0.0,0.0,670523120.0,0.0,0.0,0.0,24.0,36.227184,0.0,79.281216,0.02,,,,,,,,0.0,0.0,435.58000000000004,199.898011128,33.846885699,89373900456.0,64004491888.0,19345721464.0,10.0,34.0,43.709744,27.204535999999997,82.85448,9.808,1332074.0,0.0,1332074.0,16.516529,0.0,,,78.108036909,2066.0,127.91000000000001,,,,,,,31.0,54.216775999999996,22.902303999999997,76.634368,1.928,1332074.0,,,,,0.0,1332074.0,182.515661931,2039.0,420.9,356.0,389.1,321.8,69,57,67,64,0.524056,1.011584,0.177838,1.171927
1791341597.06,평시 x1,1,1.0,81.45,19.78723885,3.353745333,11244133160.0,8639413176.0,1820314944.0,10.0,36.0,99.129536,37.2712,85.996776,0.833,176624.0,0.0,,,,,,16.459887702,598.0,31.32,0.0,0.0,671177208.0,0.0,0.0,0.0,24.0,36.227184,0.0,79.281216,0.02,,,,,,,,0.0,0.0,435.62,199.926301867,33.851876775,89401571816.0,64023869552.0,19351465416.0,10.0,34.0,72.02129599999999,27.204535999999997,82.85448,9.808,1332486.0,0.0,1332486.0,16.753975999999998,0.0,,,78.13117688,2068.0,127.92,,,,,,,31.0,59.459655999999995,22.902303999999997,76.637056,1.928,1332486.0,,,,,0.0,1332486.0,182.555526411,2041.0,420.9,356.0,389.1,321.8,69,57,67,64,0.524056,1.011584,0.177838,1.171927
1791341598.08,평시 x1,1,1.0,81.51,19.824099556999997,3.359183734,11268643304.0,8658901736.0,1824334456.0,10.0,36.0,40.715168,29.931168,85.997928,0.835,177036.0,0.0,,,,,,16.502508959,601.0,31.32,0.0,0.0,671830336.0,0.0,0.0,0.0,24.0,37.27576,0.0,79.281216,0.02,,,,,,,,0.0,0.0,435.78000000000003,199.959218152,33.857473114,89429390760.0,64043276392.0,19357209088.0,10.0,34.0,30.51052,27.204535999999997,82.860112,9.811,1332898.0,0.0,1332898.0,16.991418,0.0,,,78.185459406,2070.0,127.93,,,,,,,31.0,65.75111199999999,22.902303999999997,76.638464,1.928,1332898.0,,,,,0.0,1332898.0,182.608340015,2043.0,419.8,355.7,389.8,321.6,69,57,67,64,0.169976,0.169976,1.055758,1.055896
1791341599.08,평시 x1,1,1.0,81.56,19.856313358,3.36398065,11293099376.0,8678373816.0,1828344272.0,10.0,36.0,65.88099199999999,29.931168,85.997928,0.835,177447.0,0.0,,,,,,16.541570979,603.0,31.330000000000002,0.0,0.0,672483328.0,0.0,0.0,0.0,24.0,38.324335999999995,0.0,79.284768,0.02,,,,,,,,0.0,0.0,435.82000000000005,199.985971594,33.860667395,89456818096.0,64062663832.0,19362943184.0,10.0,34.0,58.822072,27.204535999999997,82.860112,9.811,1333309.0,0.0,1333309.0,17.228654,0.0,,,78.205366226,2071.0,127.96000000000001,,,,,,,31.0,25.446351999999997,22.902303999999997,76.657496,1.93,1333309.0,,,,,0.0,1333309.0,182.636092386,2044.0,419.8,355.7,389.8,321.6,69,57,67,64,0.169976,0.169976,1.055758,1.055896
1791341600.1,평시 x1,1,1.0,81.60000000000001,19.882713725000002,3.368781689,11317553952.0,8697784624.0,1832413912.0,10.0,36.0,89.99824,29.931168,85.997928,0.835,177857.0,0.0,,,,,,16.575173377,604.0,31.330000000000002,0.0,0.0,673136392.0,0.0,0.0,0.0,24.0,38.324335999999995,0.0,79.284768,0.02,,,,,,,,0.0,0.0,435.86,200.016615839,33.864603591,89484107768.0,64081994368.0,19368667560.0,10.0,34.0,86.085048,27.204535999999997,82.860112,9.811,1333719.0,0.0,1333719.0,17.465653,0.0,,,78.225124695,2072.0,127.97000000000001,,,,,,,31.0,30.689231999999997,22.902303999999997,76.661592,1.93,1333719.0,,,,,0.0,1333719.0,182.668137434,2045.0,420.2,355.7,374.3,322.2,69,57,67,64,0.750552,0.750552,0.797359,0.797473
1791341601.11,평시 x1,1,1.0,81.75,19.916921661,3.375536013,11342055048.0,8717180608.0,1836462024.0,10.0,36.0,39.26704,29.931168,85.999336,0.838,178267.0,0.0,,,,,,16.613420902,606.0,31.340000000000003,0.0,0.0,673789408.0,0.0,0.0,0.0,24.0,39.372912,0.0,79.284768,0.02,,,,,,,,0.0,0.0,435.95000000000005,200.04939092799998,33.869058369,89511429080.0,64101315920.0,19374388816.0,10.0,34.0,51.653216,27.204535999999997,82.88391999999999,9.814,1334129.0,0.0,1334129.0,17.702652999999998,0.0,,,78.235858166,2073.0,127.98,,,,,,,31.0,35.932112,22.902303999999997,76.66427999999999,1.93,1334129.0,,,,,0.0,1334129.0,182.69912057,2046.0,420.2,355.7,374.3,322.2,69,57,67,64,0.750552,0.750552,0.797359,0.797473
1791341602.11,평시 x1,1,1.0,81.81,19.964694994,3.380449874,11366460720.0,8736588024.0,1840486216.0,10.0,36.0,63.384288,29.931168,86.022904,0.838,178677.0,0.0,,,,,,16.639950882,607.0,31.340000000000003,0.0,0.0,674442496.0,0.0,0.0,0.0,24.0,40.421488,0.0,79.297248,0.02,,,,,,,,0.0,0.0,436.01000000000005,200.087047266,33.87480253,89539115768.0,64120673096.0,19380126024.0,10.0,34.0,78.916192,27.204535999999997,82.88647999999999,9.814,1334540.0,0.0,1334540.0,17.939898,0.0,,,78.261843593,2075.0,128.0,,,,,,,31.0,42.223568,22.902303999999997,76.66427999999999,1.93,1334540.0,,,,,0.0,1334540.0,182.739451428,2048.0,420.2,355.7,374.3,322.2,69,57,67,64,0.750552,0.750552,0.797359,0.797473
1791341603.12,평시 x1,1,1.0,81.87,20.000739037,3.385858695,11390926176.0,8756062120.0,1844503384.0,10.0,36.0,87.501536,29.931168,86.11867199999999,0.838,179089.0,0.0,,,,,,16.677857314,609.0,31.35,0.0,0.0,675095464.0,0.0,0.0,0.0,24.0,40.421488,0.0,79.313352,0.02,,,,,,,,0.0,0.0,436.07000000000005,200.12086007599999,33.880800956,89566552264.0,64140057456.0,19385859312.0,10.0,34.0,44.570471999999995,26.153896,82.887376,9.816,1334951.0,0.0,1334951.0,18.177104,0.0,,,78.275778236,2076.0,128.04000000000002,,,,,,,31.0,47.466448,22.902303999999997,76.674392,1.93,1334951.0,,,,,0.0,1334951.0,182.775772042,2049.0,394.8,356.3,373.4,322.9,71,57,67,64,0.316464,0.316464,0.597059,0.597179
1791341604.14,평시 x1,1,1.0,81.92,20.034509368000002,3.39027813,11415345616.0,8775476224.0,1848507416.0,10.0,36.0,50.22204,29.931168,86.120336,0.84,179499.0,0.0,,,,,,16.704400277,610.0,31.360000000000003,0.0,0.0,675748624.0,0.0,0.0,0.0,24.0,41.470064,0.0,79.31412,0.02,,,,,,,,0.0,0.0,436.11,200.15318715,33.885753198,89593916984.0,64159389256.0,19391583456.0,10.0,34.0,71.83344,26.153896,82.887376,9.816,1335361.0,0.0,1335361.0,18.414089999999998,0.0,,,78.286678257,2077.0,128.05,,,,,,,31.0,52.709328,22.902303999999997,76.674392,1.93,1335361.0,,,,,0.0,1335361.0,182.803674008,2050.0,394.8,356.3,373.4,322.9,71,57,67,64,0.316464,0.316464,0.597059,0.597179
1791341605.15,평시 x1,1,1.0,81.97,20.065335198,3.395412145,11439748416.0,8794881344.0,1852530976.0,10.0,36.0,74.339288,29.931168,86.121872,0.84,179909.0,0.0,,,,,,16.735786194,611.0,31.360000000000003,0.0,0.0,676401712.0,0.0,0.0,0.0,24.0,41.470064,0.0,79.31412,0.02,,,,,,,,0.0,0.0,436.23,200.180600949,33.889875062,89621278768.0,64178713088.0,19397305088.0,10.0,34.0,37.639663999999996,26.153896,82.877648,9.818,1335771.0,0.0,1335771.0,18.651094,0.0,,,78.305239236,2078.0,128.07000000000002,,,,,,,31.0,59.000783999999996,22.902303999999997,76.674392,1.93,1335771.0,,,,,0.0,1335771.0,182.834986393,2051.0,394.8,356.3,373.4,322.9,71,57,67,64,0.316464,0.316464,0.597059,0.597179
1791341606.16,평시 x1,1,1.0,82.04,20.099929364,3.401308646,11464219736.0,8814286392.0,1856594472.0,10.0,36.0,36.689264,28.2594,86.160144,0.843,180319.0,0.0,,,,,,16.79005508,612.0,31.360000000000003,0.0,0.0,677055920.0,0.0,0.0,0.0,24.0,42.51864,0.0,79.31412,0.02,,,,,,,,0.0,0.0,436.29,200.217492828,33.894383096,89648585248.0,64198039704.0,19403030016.0,10.0,34.0,65.951216,26.153896,82.885328,9.818,1336181.0,0.0,1336181.0,18.888106999999998,0.0,,,78.332694646,2079.0,128.08,,,,,,,31.0,64.243664,22.902303999999997,76.6758,1.93,1336181.0,,,,,0.0,1336181.0,182.90128816,2052.0,394.3,356.0,364.1,322.0,69,57,67,64,0.81796,0.81796,0.349298,0.349425
1791341607.18,평시 x1,1,1.0,82.10000000000001,20.135345279,3.407265295,11488714288.0,8833736608.0,1860664624.0,10.0,36.0,60.806512,28.2594,86.22055999999999,0.843,180729.0,2.0,,,,,,16.82602996,613.0,31.37,0.0,0.0,677709024.0,0.0,0.0,0.0,24.0,43.567215999999995,0.0,79.315016,0.02,,,,,,,,0.0,0.0,436.35,200.24901096399998,33.898875676,89676312640.0,64217431808.0,19408774440.0,10.0,34.0,38.699208,26.153896,82.885328,9.82,1336593.0,0.0,1336593.0,19.125555,0.0,,,78.357807812,2081.0,128.11,,,,,,,31.0,25.205959999999997,22.546688,76.681688,1.933,1336593.0,,,,,0.0,1336593.0,182.95157235,2054.0,394.3,356.0,364.1,322.0,69,57,67,64,0.81796,0.81796,0.349298,0.349425
1791341608.19,평시 x1,1,1.0,82.15,20.183932984000002,3.412835709,11513196224.0,8853235904.0,1864671952.0,10.0,36.0,85.972336,28.2594,86.22145599999999,0.843,181141.0,2.0,,,,,,16.860645259,615.0,31.37,0.0,0.0,678362240.0,0.0,0.0,0.0,24.0,43.567215999999995,0.0,79.315016,0.02,,,,,,,,0.0,0.0,436.40000000000003,200.289331801,33.90457272,89704067160.0,64236840344.0,19414518264.0,10.0,34.0,65.962184,26.153896,82.885328,9.82,1337005.0,0.0,1337005.0,19.363011999999998,0.0,,,78.378012559,2083.0,128.13,,,,,,,31.0,29.400264,22.546688,76.681688,1.933,1337005.0,,,,,0.0,1337005.0,183.013270182,2056.0,394.3,356.0,364.1,322.0,69,57,67,64,0.81796,0.81796,0.349298,0.349425
1791341609.2,평시 x1,1,1.0,82.35000000000001,20.218782953,3.418986805,11537739112.0,8872710736.0,1868684256.0,10.0,36.0,48.481352,28.2594,86.253968,0.846,181554.0,0.0,,,,,,16.89366176,617.0,31.380000000000003,0.0,0.0,679015160.0,0.0,0.0,0.0,24.0,44.615792,0.0,79.315016,0.02,,,,,,,,0.0,0.0,436.46000000000004,200.320267876,33.909261745,89731639632.0,64256193864.0,19420252152.0,10.0,34.0,37.680152,25.109448,82.887632,9.822,1337416.0,0.0,1337416.0,19.600213999999998,0.0,,,78.404262518,2085.0,128.15,,,,,,,31.0,35.69172,22.546688,76.681688,1.933,1337416.0,,,,,0.0,1337416.0,183.057926044,2058.0,394.3,356.0,364.0,322.2,69,57,67,64,0.954728,0.954728,1.074796,1.074951
1791341610.2,평시 x1,1,1.0,82.4,20.256867726,3.424433034,11562105296.0,8892111224.0,1872675904.0,10.0,36.0,73.647176,28.2594,86.253968,0.846,181964.0,0.0,,,,,,16.918275954,618.0,31.380000000000003,0.0,0.0,679668256.0,0.0,0.0,0.0,24.0,45.664367999999996,0.0,79.315016,0.02,,,,,,,,0.0,0.0,436.51000000000005,200.35459305,33.913170607,89758924160.0,64275515768.0,19425973096.0,10.0,34.0,64.943128,25.109448,82.887632,9.822,1337826.0,0.0,1337826.0,19.837201,0.0,,,78.420360554,2086.0,128.16,,,,,,,31.0,40.934599999999996,22.546688,76.682968,1.933,1337826.0,,,,,0.0,1337826.0,183.083739266,2059.0,394.3,356.0,364.0,322.2,69,57,67,64,0.954728,0.954728,1.074796,1.074951
1791341611.21,평시 x1,1,1.0,82.47,20.295539840000004,3.433577368,11586510792.0,8911520152.0,1876671144.0,10.0,36.0,39.64396,28.2594,86.253968,0.849,182374.0,0.0,,,,,,16.969016493,619.0,31.39,0.0,0.0,680321232.0,0.0,0.0,0.0,24.0,45.664367999999996,0.0,79.315016,0.02,,,,,,,,0.0,0.0,436.66,200.393117479,33.92258886,89786579344.0,64294871064.0,19431699248.0,10.0,34.0,37.618559999999995,25.109448,82.86984,9.825,1338236.0,0.0,1338236.0,20.07421,0.0,,,78.446788534,2088.0,128.18,,,,,,,31.0,46.177479999999996,22.546688,76.682968,1.933,1338236.0,,,,,0.0,1338236.0,183.133134621,2061.0,391.3,356.3,362.1,323.4,69,57,67,64,0.805904,0.805904,0.797968,0.798079
1791341612.23,평시 x1,1,1.0,82.52000000000001,20.331880067,3.439078587,11610895016.0,8930934912.0,1880666552.0,10.0,36.0,63.761207999999996,28.2594,86.256784,0.849,182784.0,0.0,,,,,,16.995302631,620.0,31.400000000000002,0.0,0.0,680974296.0,0.0,0.0,0.0,24.0,46.712944,0.0,79.315016,0.02,,,,,,,,0.0,0.0,436.71000000000004,200.433585428,33.926258603,89817620256.0,64317651480.0,19437423688.0,10.0,34.0,69.07584,25.109448,82.86984,9.825,1338647.0,85.0,1338647.0,20.311438,0.0,,,78.477334125,2089.0,128.20000000000002,,,,,,,31.0,52.468936,22.546688,76.69308,1.933,1338647.0,,,,,0.0,1338647.0,183.185420786,2063.0,391.3,356.3,362.1,323.4,69,57,67,64,0.805904,0.805904,0.797968,0.798079
1791341613.23,평시 x1,1,1.0,82.57000000000001,20.361633685,3.44452923,11635415480.0,8950399080.0,1884749200.0,10.0,36.0,87.878456,28.2594,86.256784,0.851,183196.0,0.0,,,,,,17.031934056,622.0,31.400000000000002,0.0,0.0,681627424.0,0.0,0.0,0.0,24.0,46.712944,0.0,79.315016,0.02,,,,,,,,0.0,0.0,436.77000000000004,200.46233985700002,33.931087959,89841921016.0,64333585920.0,19443169904.0,10.0,34.0,39.614224,25.109448,82.86984,9.828,1339058.0,0.0,1339058.0,20.54865,0.0,,,78.536877476,2092.0,128.22,,,,,,,31.0,58.760391999999996,22.546688,76.69308,1.933,1339058.0,,,,,0.0,1339058.0,183.263023042,2065.0,391.3,356.3,362.1,323.4,69,57,67,64,0.805904,0.805904,0.797968,0.798079
1791341614.24,평시 x1,1,1.0,82.62,20.401655745,3.449735477,11659881728.0,8969798584.0,1888814936.0,10.0,36.0,51.588704,27.210824,86.25768,0.851,183606.0,0.0,,,,,,17.064861344,623.0,31.410000000000004,0.0,0.0,682280400.0,0.0,0.0,0.0,24.0,47.76152,0.0,79.315016,0.02,,,,,,,,0.0,0.0,436.83000000000004,200.50156040399997,33.936599039,89869424104.0,64352905768.0,19448892008.0,10.0,34.0,67.925776,25.109448,82.86984,9.828,1339468.0,0.0,1339468.0,20.785614,0.0,,,78.563380841,2094.0,128.27,,,,,,,31.0,64.003272,22.546688,76.723328,1.933,1339468.0,,,,,0.0,1339468.0,183.311333413,2067.0,391.6,356.0,361.6,322.3,69,57,67,64,0.617376,0.617376,0.614025,0.614159
1791341615.25,평시 x1,1,1.0,82.66000000000001,20.425333327,3.453512547,11684264384.0,8989212256.0,1892810232.0,10.0,36.0,76.754528,27.210824,86.261648,0.851,184016.0,0.0,,,,,,17.083693475,624.0,31.410000000000004,0.0,0.0,682933440.0,0.0,0.0,0.0,24.0,48.810095999999994,0.0,79.318984,0.02,,,,,,,,0.0,0.0,436.92,200.52923129,33.939933529,89896751624.0,64372237768.0,19454616504.0,10.0,34.0,41.538232,25.103256,82.9012,9.831,1339878.0,0.0,1339878.0,21.022617,0.0,,,78.572364115,2095.0,128.37,,,,,,,31.0,24.202351999999998,22.546688,76.69004799999999,1.935,1339878.0,,,,,0.0,1339878.0,183.344925843,2068.0,391.6,356.0,361.6,322.3,69,57,67,64,0.617376,0.617376,0.614025,0.614159
1791341616.27,평시 x1,1,1.0,82.80000000000001,20.453142841000002,3.4579292,11708721408.0,9008616744.0,1896805544.0,10.0,36.0,41.491175999999996,27.210824,86.199952,0.854,184426.0,0.0,,,,,,17.103735151,625.0,31.430000000000003,0.0,0.0,683587456.0,0.0,0.0,0.0,24.0,48.810095999999994,0.0,79.32436,0.02,,,,,,,,0.0,0.0,437.11,200.590761823,33.94341433,89939735440.0,64407196632.0,19460340928.0,10.0,34.0,33.119223999999996,25.103256,82.89992,9.834999999999999,1340288.0,387.0,1340288.0,21.259617,0.0,,,78.586082139,2096.0,128.4,,,,,,,31.0,29.445231999999997,22.546688,76.699264,1.935,1340288.0,,,,,0.0,1340288.0,183.370949611,2069.0,391.6,356.0,361.6,322.3,69,57,67,64,0.617376,0.617376,0.614025,0.614159
1791341617.28,평시 x1,1,1.0,82.86,20.500125236000002,3.466524669,11733156152.0,9028074512.0,1900808832.0,10.0,36.0,66.657,27.210824,86.20514399999999,0.854,184837.0,0.0,,,,,,17.139725799,627.0,31.430000000000003,0.0,0.0,684240616.0,0.0,0.0,0.0,24.0,49.858672,0.0,79.32436,0.02,,,,,,,,0.0,0.0,437.16,200.612986674,33.948206904,89960030480.0,64419214064.0,19466076744.0,10.0,34.0,51.993592,25.103256,82.89992,9.834999999999999,1340699.0,205.0,1340699.0,21.496852,0.0,,,78.603278746,2098.0,128.43,,,,,,,31.0,34.688112,22.546688,76.70464,1.935,1340699.0,,,,,0.0,1340699.0,183.402246961,2071.0,387.9,356.4,361.1,322.3,69,57,67,64,0.826848,1.300928,0.37658,0.376726
1791341618.28,평시 x1,1,1.0,82.91000000000001,20.530748479,3.474152994,11757674416.0,9047580416.0,1904820248.0,10.0,36.0,33.82376,27.210824,86.20734399999999,0.857,185250.0,0.0,,,,,,17.175135909,629.0,31.44,0.0,0.0,684893608.0,0.0,0.0,0.0,24.0,49.858672,0.0,79.32436,0.02,,,,,,,,0.0,0.0,437.19000000000005,200.63517346599997,33.953117097,89979533064.0,64430358912.0,19471829296.0,10.0,34.0,71.916536,25.103256,82.944496,9.834999999999999,1341112.0,0.0,1341112.0,21.734479999999998,0.0,,,78.621290931,2100.0,128.5,,,,,,,31.0,40.979568,22.546688,76.727552,1.935,1341112.0,,,,,0.0,1341112.0,183.436890552,2073.0,387.9,356.4,361.1,322.3,69,57,67,64,0.826848,1.300928,0.37658,0.376726
1791341619.29,평시 x1,1,1.0,82.97,20.553925104999998,3.478552346,11782094936.0,9067028136.0,1908819456.0,10.0,36.0,58.989584,27.210824,86.217072,0.857,185661.0,0.0,,,,,,17.196185321,631.0,31.450000000000003,0.0,0.0,685546672.0,0.0,0.0,0.0,24.0,50.907247999999996,0.0,79.329352,0.02,,,,,,,,0.0,0.0,437.25,200.66327869100002,33.956801074,90007140384.0,64449733488.0,19477561064.0,10.0,34.0,45.483832,25.103256,82.96471199999999,9.838,1341523.0,0.0,1341523.0,21.971723,0.0,,,78.643194365,2102.0,128.51000000000002,,,,,,,31.0,46.222448,22.546688,76.729344,1.935,1341523.0,,,,,0.0,1341523.0,183.47017844,2075.0,387.9,356.4,361.1,322.3,69,57,67,64,0.826848,1.300928,0.37658,0.376726
1791341620.3,평시 x1,1,1.0,83.05000000000001,20.609475019999998,3.483765633,11823225008.0,9103161776.0,1912814784.0,10.0,36.0,42.140375999999996,27.206167999999998,86.223856,0.859,186071.0,410.0,,,,,,17.220881386,632.0,31.48,0.0,0.0,686199736.0,0.0,0.0,0.0,24.0,51.955824,0.0,79.33895199999999,0.02,,,,,,,,0.0,0.0,437.36,200.72878065700002,33.965910754,90060910096.0,64488329696.0,19489007112.0,10.0,34.0,46.451408,25.103256,84.783592,9.841,1342343.0,0.0,1342343.0,22.445722999999997,0.0,,,78.663199206,2104.0,128.53,,,,,,,31.0,56.708208,22.546688,76.73011199999999,1.935,1342343.0,,,,,0.0,1342343.0,183.521194032,2077.0,388.2,355.9,361.6,322.5,69,57,67,64,0.40128,0.40128,0.302609,1.302362
1791341621.32,평시 x1,1,1.0,83.08,20.62071318,3.488377661,11830872200.0,9105842832.0,1916807184.0,10.0,36.0,49.480408,27.206167999999998,86.229232,0.859,186481.0,0.0,,,,,,17.242125814,633.0,31.490000000000002,0.0,0.0,686852888.0,0.0,0.0,0.0,24.0,51.955824,0.0,79.340616,0.02,,,,,,,,0.0,0.0,437.39000000000004,200.739316839,33.965910754,90065068248.0,64491673448.0,19489007112.0,10.0,34.0,50.645711999999996,25.103256,84.25904,9.841,1342423.0,0.0,1342343.0,22.445722999999997,0.0,,,78.663199206,2104.0,128.54000000000002,,,,,,,31.0,58.80536,22.546688,76.730992,1.935,1342423.0,,,,,80.0,1342343.0,183.521194032,2077.0,388.2,355.9,361.6,322.5,69,57,67,64,0.40128,0.40128,0.302609,1.302362
1791341622.33,평시 x1,1,1.0,83.14,20.664181255000003,3.495430216,11855246432.0,9125248168.0,1920802448.0,10.0,36.0,73.597656,27.206167999999998,86.229232,0.859,186891.0,0.0,,,,,,17.275289162,634.0,31.490000000000002,0.0,0.0,687505904.0,0.0,0.0,0.0,24.0,53.0044,0.0,79.340616,0.02,,,,,,,,0.0,0.0,437.44000000000005,200.779687818,33.97178086,90089418984.0,64507762952.0,19494733336.0,10.0,34.0,74.76295999999999,25.103256,84.28656,9.841,1342753.0,2.0,1342753.0,22.682727,0.0,,,78.692507128,2106.0,128.55,,,,,,,31.0,64.04823999999999,22.546688,76.739672,1.935,1342754.0,,,,,0.0,1342753.0,183.559045529,2079.0,388.5,356.4,361.7,323.1,69,57,69,64,0.781928,0.781928,0.990878,0.991015
1791341623.35,평시 x1,1,1.0,83.28,20.70225527,3.502652036,11879808648.0,9144746536.0,1924811064.0,10.0,36.0,41.49564,27.206167999999998,86.19874399999999,0.861,187303.0,0.0,,,,,,17.308673771,636.0,31.500000000000004,0.0,0.0,688158872.0,0.0,0.0,0.0,24.0,54.052976,0.0,79.343688,0.02,,,,,,,,0.0,0.0,437.61,200.834399163,33.977013897,90134113248.0,64543789672.0,19500479832.0,10.0,34.0,67.21444,25.103256,84.26671999999999,9.844,1343165.0,410.0,1343165.0,22.920171999999997,0.0,,,78.725692075,2109.0,128.57000000000002,,,,,,,31.0,22.819727999999998,22.546688,76.741592,1.938,1343165.0,,,,,0.0,1343165.0,183.59781607,2082.0,388.5,356.4,361.7,323.1,69,57,69,64,0.781928,0.781928,0.990878,0.991015
1791341624.36,평시 x1,1,1.0,83.35000000000001,20.758206837,3.508059108,11920941032.0,9180901360.0,1928815040.0,10.0,36.0,82.390104,27.206167999999998,86.203976,0.861,187713.0,410.0,,,,,,17.338821981,638.0,31.500000000000004,0.0,0.0,688812528.0,0.0,0.0,0.0,24.0,54.052976,0.0,79.353248,0.02,,,,,,,,0.0,0.0,437.66,200.86005211399998,33.981942652,90161417992.0,64563105200.0,19506204488.0,10.0,34.0,44.278487999999996,25.103256,84.26671999999999,9.847,1343575.0,410.0,1343575.0,23.157176999999997,0.0,,,78.738575504,2110.0,128.59,,,,,,,31.0,28.062607999999997,22.546688,76.741592,1.938,1343575.0,,,,,0.0,1343575.0,183.624303653,2083.0,388.5,356.4,361.7,323.1,69,57,69,64,0.781928,0.781928,0.990878,0.991015
1791341625.37,평시 x1,1,1.0,83.42,20.798501515,3.515207411,11945347536.0,9200303016.0,1932819024.0,10.0,36.0,50.567592,27.206167999999998,86.22633599999999,0.864,188123.0,410.0,,,,,,17.369584476,639.0,31.560000000000002,0.0,0.0,689465480.0,0.0,0.0,0.0,24.0,55.101552,0.0,79.37168,0.02,,,,,,,,0.0,0.0,437.72,200.90411787,33.988766494,90188723448.0,64582431912.0,19511928632.0,10.0,34.0,71.54146399999999,25.103256,84.26671999999999,9.847,1343985.0,410.0,1343985.0,23.394168,0.0,,,78.756700683,2111.0,128.61,,,,,,,31.0,33.305488,22.546688,76.741592,1.938,1343985.0,,,,,0.0,1343985.0,183.657101843,2084.0,388.3,356.4,362.2,321.7,69,57,69,64,0.804472,0.804472,0.738295,0.738431
1791341626.38,평시 x1,1,1.0,83.46000000000001,20.814833073,3.521739503,11954881040.0,9204846056.0,1936823040.0,10.0,36.0,60.004776,27.206167999999998,86.22735999999999,0.864,188533.0,46.0,,,,,,17.397102824,640.0,31.57,0.0,0.0,690119592.0,0.0,0.0,0.0,24.0,56.150127999999995,0.0,79.372704,0.02,,,,,,,,0.0,0.0,437.8,200.945401988,33.993230277,90216077040.0,64601763112.0,19517652712.0,10.0,34.0,47.309016,25.103256,83.689824,9.85,1344395.0,410.0,1344395.0,23.631158,0.0,,,78.769469374,2112.0,128.62,,,,,,,31.0,38.548367999999996,22.546688,76.742488,1.938,1344395.0,,,,,0.0,1344395.0,183.686459788,2085.0,388.3,356.4,362.2,321.7,69,57,69,64,0.804472,0.804472,0.738295,0.738431
1791341627.38,평시 x1,1,1.0,83.52000000000001,20.860394958999997,3.526758691,11977412104.0,9222419768.0,1940818584.0,10.0,36.0,82.024872,27.206167999999998,86.230944,0.864,188943.0,1.0,,,,,,17.418963933,641.0,31.57,0.0,0.0,690772640.0,0.0,0.0,0.0,24.0,56.150127999999995,0.0,79.372704,0.02,,,,,,,,0.0,0.0,437.95000000000005,200.977890037,34.008266437,90253448336.0,64623733256.0,19529108400.0,10.0,34.0,33.052119999999995,25.103256,83.081952,9.853,1345216.0,0.0,1345216.0,24.105380999999998,0.0,,,78.801586952,2114.0,128.64000000000001,,,,,,,31.0,49.034127999999995,22.546688,76.742488,1.938,1345216.0,,,,,0.0,1345216.0,183.739248093,2087.0,388.3,356.4,362.2,321.7,69,57,69,64,0.804472,0.804472,0.738295,0.738431
1791341628.39,평시 x1,1,1.0,83.61,20.930812731,3.532068386,12018634392.0,9258634288.0,1944825168.0,10.0,36.0,66.2762,26.273176,86.230944,0.867,189355.0,412.0,,,,,,17.449205749,643.0,31.57,0.0,0.0,691425544.0,0.0,0.0,0.0,24.0,57.198704,0.0,79.372704,0.02,,,,,,,,0.0,0.0,438.02000000000004,201.016612776,34.013827858,90281088240.0,64643142528.0,19534862800.0,10.0,34.0,61.363671999999994,25.103256,83.087328,9.853,1345629.0,0.0,1345629.0,24.343048,0.0,,,78.819808154,2116.0,128.66,,,,,,,31.0,55.325584,22.546688,76.74632799999999,1.938,1345629.0,,,,,0.0,1345629.0,183.770777044,2089.0,388.5,356.4,362.7,322.2,69,57,67,64,0.412056,0.412056,0.514765,0.514895
1791341629.41,평시 x1,1,1.0,83.75,20.958348784,3.537284178,12043161288.0,9278093480.0,1948837568.0,10.0,36.0,33.240552,26.273176,86.208288,0.87,189768.0,410.0,,,,,,17.478638541,645.0,31.64,0.0,0.0,692079008.0,0.0,0.0,0.0,24.0,57.198704,0.0,79.41205599999999,0.02,,,,,,,,0.0,0.0,438.08000000000004,201.052088818,34.014320042,90308639248.0,64668201752.0,19534876208.0,10.0,34.0,36.733543999999995,25.103256,83.088608,9.857,1346040.0,0.0,1346040.0,24.580268,0.0,,,78.834879998,2117.0,128.70000000000002,,,,,,,31.0,60.568464,22.546688,76.76258399999999,1.938,1346040.0,,,,,0.0,1346040.0,183.805944636,2091.0,388.5,356.4,362.7,322.2,69,57,67,64,0.412056,0.412056,0.514765,0.514895
1791341630.41,평시 x1,1,1.0,83.78,20.978331281000003,3.542837391,12056761456.0,9286728328.0,1952829288.0,10.0,36.0,47.920615999999995,26.273176,86.208288,0.87,190178.0,146.0,,,,,,17.499250535,646.0,31.650000000000002,0.0,0.0,692732024.0,0.0,0.0,0.0,24.0,58.247279999999996,0.0,79.41205599999999,0.02,,,,,,,,0.0,0.0,438.13000000000005,201.085439558,34.02804153,90336062520.0,64681865984.0,19546322208.0,10.0,34.0,63.99652,25.103256,83.088608,9.857,1346450.0,0.0,1346450.0,24.817285,0.0,,,78.868875407,2119.0,128.72,,,,,,,31.0,66.85992,22.546688,76.764248,1.938,1346450.0,,,,,0.0,1346450.0,183.845372883,2092.0,388.5,356.4,362.7,322.2,69,57,67,64,0.412056,0.412056,0.514765,0.514895
1791341631.41,평시 x1,1,1.0,83.86,21.02950881,3.552852621,12098551728.0,9319529112.0,1960816896.0,10.0,36.0,32.913568,26.273176,86.21199999999999,0.872,190998.0,0.0,,,,,,17.548430826,648.0,31.660000000000004,0.0,0.0,693385624.0,0.0,0.0,0.0,24.0,59.295856,0.0,79.415768,0.02,,,,,,,,0.0,0.0,438.19000000000005,201.115403398,34.029974606,90359973176.0,64701704792.0,19548736520.0,10.0,34.0,35.916239999999995,24.202624,83.088608,9.859,1346860.0,0.0,1346623.0,24.917175,0.0,,,78.87810216,2120.0,128.75,,,,,,,31.0,26.381639999999997,22.542544,76.764248,1.94,1346860.0,,,,,0.0,1346860.0,183.888284588,2094.0,387.3,356.2,361.6,321.4,69,57,67,64,0.736064,0.56652,1.244024,1.244233
1791341632.43,평시 x1,1,1.0,83.88000000000001,21.035774379,3.552852621,12099589480.0,9319593216.0,1960816896.0,10.0,36.0,33.962143999999995,26.273176,86.21199999999999,0.872,190998.0,0.0,,,,,,17.548430826,648.0,31.69,0.0,0.0,694038928.0,0.0,0.0,0.0,24.0,59.295856,0.0,79.42677599999999,0.02,,,,,,,,0.0,0.0,438.23,201.137338766,34.033817666,90381173448.0,64717877968.0,19552047872.0,10.0,34.0,57.936336,24.202624,83.088608,9.859,1346860.0,412.0,1346860.0,25.054275999999998,0.0,,,78.888579355,2121.0,128.76000000000002,,,,,,,31.0,30.575944,22.542544,76.764248,1.94,1347271.0,,,,,411.0,1346860.0,183.888284588,2094.0,387.3,356.2,361.6,321.4,69,57,67,64,0.736064,0.56652,1.244024,1.244233
1791341633.44,평시 x1,1,1.0,83.96000000000001,21.083585172,3.558808384,12140816280.0,9355806920.0,1964856400.0,10.0,36.0,74.856608,26.273176,86.225568,0.872,191410.0,410.0,,,,,,17.579414767,650.0,31.73,0.0,0.0,694691912.0,0.0,0.0,0.0,24.0,60.344432,0.0,79.44162399999999,0.02,,,,,,,,0.0,0.0,438.35,201.16783086100003,34.039581915,90408972800.0,64737260176.0,19557793872.0,10.0,34.0,32.210727999999996,24.202624,83.08796799999999,9.862,1347272.0,410.0,1347272.0,25.291721,0.0,,,78.904975479,2123.0,128.77,,,,,,,31.0,32.673096,22.542544,76.766296,1.94,1347272.0,,,,,0.0,1347272.0,183.924759473,2096.0,387.3,356.2,361.6,321.4,69,57,67,64,0.736064,0.56652,1.244024,1.244233
1791341634.44,평시 x1,1,1.0,84.0,21.11142829,3.563604624,12165256008.0,9375222448.0,1968879728.0,10.0,36.0,42.052568,26.194744,86.225568,0.874,191820.0,410.0,,,,,,17.608660938,651.0,31.750000000000004,0.0,0.0,695345024.0,0.0,0.0,0.0,24.0,60.344432,0.0,79.44162399999999,0.022,,,,,,,,0.0,0.0,438.40000000000003,201.198978115,34.044266603,90436274688.0,64756594376.0,19563518216.0,10.0,34.0,59.473704,24.202624,83.08796799999999,9.862,1347682.0,410.0,1347682.0,25.528729,0.0,,,78.916416909,2124.0,128.78,,,,,,,31.0,37.915976,22.542544,76.766296,1.94,1347682.0,,,,,0.0,1347682.0,183.954294853,2097.0,388.2,356.5,364.0,322.3,69,57,67,64,0.653352,0.653352,0.278787,1.28203
1791341635.45,평시 x1,1,1.0,84.04,21.139898258000002,3.568153437,12189713168.0,9394635792.0,1972949832.0,10.0,36.0,67.218392,26.194744,86.225568,0.874,192230.0,410.0,,,,,,17.636525975,652.0,31.76,0.0,0.0,696028616.0,0.0,0.0,0.0,24.0,26.70636,0.0,79.47896,0.022,,,,,,,,0.0,0.0,438.45000000000005,201.230730677,34.052014421,90473484496.0,64778544216.0,19574964688.0,10.0,34.0,44.553743999999995,24.202624,83.08976,9.865,1348502.0,0.0,1348502.0,26.002748999999998,0.0,,,78.935575017,2126.0,128.8,,,,,,,31.0,48.401736,22.542544,76.766296,1.94,1348502.0,,,,,0.0,1348502.0,184.016674273,2099.0,388.2,356.5,364.0,322.3,69,57,67,64,0.653352,0.653352,0.278787,1.28203
1791341636.47,평시 x1,1,1.0,84.18,21.175771874,3.577902708,12220851616.0,9416655256.0,1981012328.0,10.0,36.0,40.442631999999996,26.194744,86.22004799999999,0.877,193050.0,0.0,,,,,,17.695600606,654.0,31.770000000000003,0.0,0.0,696682648.0,0.0,0.0,0.0,24.0,27.754935999999997,0.0,79.48216,0.022,,,,,,,,0.0,0.0,438.49,201.257962874,34.05568753,90500857256.0,64797890928.0,19580689880.0,10.0,34.0,72.865296,24.202624,83.092832,9.865,1348912.0,0.0,1348912.0,26.239751,0.0,,,78.94472006,2127.0,128.81,,,,,,,31.0,53.644616,22.542544,76.766296,1.94,1348912.0,,,,,0.0,1348912.0,184.040804317,2100.0,387.7,356.8,360.3,321.9,69,57,67,64,0.803336,0.803336,0.955395,0.95552
1791341637.48,평시 x1,1,1.0,84.22,21.202510701,3.582335973,12245278432.0,9436108040.0,1985012664.0,10.0,36.0,64.55987999999999,26.194744,86.22004799999999,0.877,193461.0,0.0,,,,,,17.721774611,655.0,31.78,0.0,0.0,697335856.0,0.0,0.0,0.0,24.0,28.803511999999998,0.0,79.48548799999999,0.022,,,,,,,,0.0,0.0,438.54,201.28646382200003,34.061251375,90528189552.0,64817233432.0,19586424088.0,10.0,34.0,48.45916,24.170264,83.092832,9.866999999999999,1349323.0,0.0,1349323.0,26.476976,0.0,,,78.960635256,2128.0,128.83,,,,,,,31.0,59.936071999999996,22.542544,76.766296,1.94,1349323.0,,,,,0.0,1349323.0,184.075322895,2101.0,387.7,356.8,360.3,321.9,69,57,67,64,0.803336,0.803336,0.955395,0.95552
1791341638.48,평시 x1,1,1.0,84.29,21.231774986999998,3.588363292,12269810240.0,9455626248.0,1989024752.0,10.0,36.0,32.6764,26.194744,86.228624,0.88,193874.0,0.0,,,,,,17.753089985,657.0,31.78,0.0,0.0,697988840.0,0.0,0.0,0.0,24.0,28.803511999999998,0.0,79.48548799999999,0.022,,,,,,,,0.0,0.0,438.69000000000005,201.32272171999998,34.067013905,90555903136.0,64836680432.0,19592178544.0,10.0,34.0,27.854456,24.170264,83.09424,9.869,1349736.0,0.0,1349736.0,26.714647,0.0,,,79.005804377,2130.0,128.84,,,,,,,31.0,65.178952,22.542544,76.77154399999999,1.94,1349736.0,,,,,412.0,1349324.0,184.084799551,2102.0,387.7,356.8,360.3,321.9,69,57,67,64,0.803336,0.803336,0.955395,0.95552
1791341639.49,평시 x1,1,1.0,84.35000000000001,21.277690166,3.595149695,12294249336.0,9475092152.0,1993026592.0,10.0,36.0,56.793648,26.194744,86.228624,0.88,194285.0,0.0,,,,,,17.78303959,659.0,31.790000000000003,0.0,0.0,698641744.0,0.0,0.0,0.0,24.0,29.852088,0.0,79.48804799999999,0.022,,,,,,,,0.0,0.0,438.75,201.362774677,34.072868685,90583611384.0,64856066472.0,19597912952.0,10.0,34.0,56.166008,24.170264,83.09424,9.869,1350147.0,0.0,1350147.0,26.951859,0.0,,,79.021833177,2132.0,128.97,,,,,,,31.0,26.048408,22.542544,76.74875999999999,1.942,1350147.0,,,,,0.0,1350147.0,184.206169018,2105.0,388.1,356.3,361.6,322.5,69,57,67,64,0.312464,0.301152,0.949292,0.949452
1791341640.5,평시 x1,1,1.0,84.38000000000001,21.302117954,3.599273097,12318594136.0,9494470040.0,1997018064.0,10.0,36.0,81.95947199999999,26.194744,86.228624,0.88,194695.0,0.0,,,,,,17.807154688,660.0,31.790000000000003,0.0,0.0,699294816.0,0.0,0.0,0.0,24.0,29.852088,0.0,79.48804799999999,0.022,,,,,,,,0.0,0.0,438.79,201.388153744,34.076639413,90610966008.0,64875385936.0,19603633856.0,10.0,34.0,33.895655999999995,24.170264,83.09424,9.872,1350557.0,0.0,1350557.0,27.188838999999998,0.0,,,79.038824509,2133.0,128.98000000000002,,,,,,,31.0,30.242711999999997,22.542544,76.74875999999999,1.942,1350557.0,,,,,0.0,1350557.0,184.228208383,2106.0,388.1,356.3,361.6,322.5,69,57,67,64,0.312464,0.301152,0.949292,0.949452
1791341641.52,평시 x1,1,1.0,84.44000000000001,21.339389626,3.603463112,12339691240.0,9512448504.0,1999141888.0,10.0,36.0,46.222888,26.194744,86.23335999999999,0.884,194880.0,0.0,,,,,,17.834553432,661.0,31.8,0.0,0.0,699947720.0,0.0,0.0,0.0,24.0,30.900664,0.0,79.492144,0.022,,,,,,,,0.0,0.0,438.83000000000004,201.425829988,34.076639413,90638236968.0,64900374536.0,19603633856.0,10.0,34.0,61.158632,24.170264,83.09424,9.872,1350967.0,0.0,1350967.0,27.425843,0.0,,,79.038824509,2133.0,129.0,,,,,,,31.0,36.534168,22.542544,76.74875999999999,1.942,1350967.0,,,,,0.0,1350967.0,184.264417427,2107.0,388.1,356.3,361.6,322.5,69,57,67,64,0.312464,0.301152,0.949292,0.949452
1791341642.53,평시 x1,1,1.0,84.49000000000001,21.371534266,3.612376916,12365288504.0,9532335368.0,2003876968.0,10.0,36.0,71.388712,26.194744,86.234512,0.884,195362.0,0.0,,,,,,17.879178617,663.0,31.810000000000002,0.0,0.0,700600800.0,0.0,0.0,0.0,24.0,31.94924,0.0,79.492144,0.022,,,,,,,,0.0,0.0,438.89000000000004,201.45385378,34.082914996,90657848640.0,64913418000.0,19609358448.0,10.0,34.0,30.535383999999997,23.377816,83.09424,9.875,1350967.0,0.0,1350967.0,27.425843,0.0,,,79.053165903,2134.0,129.02,,,,,,,31.0,41.777048,22.542544,76.74875999999999,1.942,1351378.0,,,,,411.0,1350967.0,184.264417427,2107.0,388.0,356.3,360.7,321.8,69,57,67,64,0.782344,0.782344,0.700156,0.700298
1791341643.53,평시 x1,1,1.0,84.72,21.457637012,3.618929744,12406160080.0,9569501640.0,2006529232.0,10.0,36.0,56.329623999999995,26.194744,86.177936,0.887,195638.0,324.0,,,,,,17.924483297,666.0,31.810000000000002,0.0,0.0,701253848.0,0.0,0.0,0.0,24.0,32.997816,0.0,79.498288,0.022,,,,,,,,0.0,0.0,439.09000000000003,201.53252179100002,34.088028964,90708028104.0,64955325080.0,19615104112.0,10.0,34.0,31.894223999999998,23.377816,83.08015999999999,9.878,1351682.0,0.0,1351379.0,27.663286,0.0,,,79.069990902,2136.0,129.03,,,,,,,31.0,44.922776,22.542544,76.74875999999999,1.942,1351702.0,,,,,820.0,1351379.0,184.303448892,2109.0,388.0,356.3,360.7,321.8,69,57,67,64,0.782344,0.782344,0.700156,0.700298
1791341644.54,평시 x1,1,1.0,85.93,22.080724498000002,3.72132615,12731402632.0,9838121712.0,2061858512.0,10.0,36.0,97.54968,45.271975999999995,86.170256,0.927,200433.0,0.0,,,,,,18.395168768,669.0,31.830000000000002,0.0,0.0,701906800.0,0.0,0.0,0.0,24.0,32.997816,0.0,79.499312,0.022,,,,,,,,0.0,0.0,440.43,202.16694010700002,34.213591001,91112485160.0,65226558672.0,19715175496.0,10.0,34.0,92.597048,43.313976,83.08156799999999,9.924,1357529.0,0.0,1357529.0,32.322117,0.0,,,79.253452025,2140.0,129.20000000000002,,,,,,,31.0,37.587176,24.797528,76.74875999999999,1.952,1357529.0,,,,,0.0,1357529.0,184.825105517,2113.0,388.0,356.3,360.7,321.8,69,57,67,64,0.782344,0.782344,0.700156,0.700298
1791341645.55,평시 x1,1,1.0,86.03,22.14631546,3.73310076,12776409760.0,9870444944.0,2073544008.0,10.0,36.0,85.684456,45.271975999999995,86.170256,0.93,202077.0,0.0,,,,,,18.443383633,670.0,31.860000000000003,0.0,0.0,702559912.0,0.0,0.0,0.0,24.0,34.046392,0.0,79.511088,0.022,,,,,,,,0.0,0.0,440.51000000000005,202.20416524200002,34.218388501,91139855536.0,65245920184.0,19720899944.0,10.0,34.0,49.789016,39.779191999999995,83.08156799999999,9.927999999999999,1357939.0,0.0,1357939.0,32.559128,0.0,,,79.264790018,2141.0,129.21,,,,,,,31.0,41.781479999999995,24.797528,76.74875999999999,1.952,1357939.0,,,,,0.0,1357939.0,184.863094775,2114.0,416.2,356.3,385.2,323.8,69,57,67,64,3.385376,3.385376,0.633541,0.633675
1791341646.57,평시 x1,1,1.0,86.09,22.17625721,3.742864818,12800956376.0,9885884216.0,2081680104.0,10.0,36.0,109.801704,45.271975999999995,86.175024,0.932,202487.0,0.0,,,,,,18.512734014,672.0,31.87,0.0,0.0,703213968.0,0.0,0.0,0.0,24.0,34.046392,0.0,79.515856,0.022,,,,,,,,0.0,0.0,440.57000000000005,202.235475146,34.222168194,91167171960.0,65265241128.0,19726621016.0,10.0,34.0,77.051992,39.779191999999995,83.092704,9.927999999999999,1358349.0,0.0,1358349.0,32.796116,0.0,,,79.279583616,2142.0,129.25,,,,,,,31.0,48.072936,24.797528,76.75836,1.952,1358349.0,,,,,0.0,1358349.0,184.893579079,2115.0,416.2,356.3,385.2,323.8,69,57,67,64,3.385376,3.385376,0.633541,0.633675
1791341647.58,평시 x1,1,1.0,86.14,22.211007234,3.747411394,12825413368.0,9905342104.0,2085680368.0,10.0,36.0,63.382487999999995,38.129008,86.175024,0.932,202898.0,1.0,,,,,,18.537061162,673.0,31.880000000000003,0.0,0.0,703867128.0,0.0,0.0,0.0,24.0,35.094968,0.0,79.518288,0.022,,,,,,,,0.0,0.0,440.72,202.272362427,34.227517882,91194982312.0,65284627368.0,19732365840.0,10.0,34.0,45.457623999999996,39.779191999999995,83.099672,9.932,1358761.0,0.0,1358761.0,33.033571,0.0,,,79.302766607,2144.0,129.26000000000002,,,,,,,31.0,53.315816,24.797528,76.762424,1.952,1358761.0,,,,,0.0,1358761.0,184.928507428,2117.0,416.2,356.3,385.2,323.8,69,57,67,64,3.385376,3.385376,0.633541,0.633675
1791341648.58,평시 x1,1,1.0,86.22,22.246126749000002,3.752689324,12849883560.0,9924828136.0,2089692584.0,10.0,36.0,87.499736,38.129008,86.188848,0.932,203311.0,0.0,,,,,,18.568373425,675.0,31.880000000000003,0.0,0.0,704520024.0,0.0,0.0,0.0,24.0,35.094968,0.0,79.521232,0.022,,,,,,,,0.0,0.0,440.77000000000004,202.319104551,34.234155641,91222688016.0,65304036016.0,19738111536.0,10.0,34.0,72.72059999999999,39.779191999999995,83.099672,9.932,1359173.0,0.0,1359173.0,33.271006,0.0,,,79.329486866,2146.0,129.28,,,,,,,31.0,59.607271999999995,24.797528,76.762424,1.952,1359173.0,,,,,0.0,1359173.0,184.968551637,2119.0,415.3,356.1,385.3,324.8,69,57,67,64,0.623784,0.507504,0.574643,0.574789
1791341649.6,평시 x1,1,1.0,86.36,22.273670482,3.75813083,12874410696.0,9944299376.0,2093695568.0,10.0,36.0,41.411376,38.129008,86.19614399999999,0.934,203722.0,0.0,,,,,,18.598797255,677.0,31.89,0.0,0.0,705173112.0,0.0,0.0,0.0,24.0,35.094968,0.0,79.521232,0.022,,,,,,,,0.0,0.0,440.82000000000005,202.354264716,34.23579584,91243719992.0,65322849000.0,19738934624.0,10.0,34.0,94.740696,39.779191999999995,83.100824,9.932,1359252.0,0.0,1359232.0,33.304718,0.0,,,79.342703996,2148.0,129.29000000000002,,,,,,,31.0,64.850152,24.797528,76.76869599999999,1.952,1359584.0,,,,,352.0,1359232.0,184.989745419,2121.0,415.3,356.1,385.3,324.8,69,57,67,64,0.623784,0.507504,0.574643,0.574789
1791341650.61,평시 x1,1,1.0,86.4,22.300426101,3.762445295,12898780280.0,9963705416.0,2097687680.0,10.0,36.0,65.528624,38.129008,86.19614399999999,0.934,204132.0,0.0,,,,,,18.618827636,678.0,31.89,0.0,0.0,705826128.0,0.0,0.0,0.0,24.0,36.143544,0.0,79.521232,0.022,,,,,,,,0.0,0.0,440.91,202.391356207,34.245581455,91277906672.0,65342764072.0,19749572216.0,10.0,34.0,65.366072,39.779191999999995,83.11221599999999,9.934,1359994.0,0.0,1359994.0,33.745244,0.0,,,79.372063343,2150.0,129.31,,,,,,,31.0,71.14160799999999,24.797528,76.77061599999999,1.952,1359994.0,,,,,0.0,1359994.0,185.086149471,2123.0,417.1,356.6,387.7,325.3,69,57,67,64,1.127184,1.127184,0.293614,0.293777
1791341651.62,평시 x1,1,1.0,86.44000000000001,22.334487119,3.767670107,12923152088.0,9983110648.0,2101682928.0,10.0,36.0,89.645872,38.129008,86.19614399999999,0.934,204542.0,0.0,,,,,,18.645907889,679.0,31.89,0.0,0.0,706479048.0,0.0,0.0,0.0,24.0,37.192119999999996,0.0,79.521232,0.022,,,,,,,,0.0,0.0,440.97,202.428973409,34.249749101,91305230856.0,65362088784.0,19755296528.0,10.0,34.0,91.580472,39.779191999999995,83.11708,9.934,1360404.0,0.0,1360404.0,33.982242,0.0,,,79.381339858,2151.0,129.42000000000002,,,,,,,31.0,26.298744,22.700376,76.652856,1.955,1360404.0,,,,,0.0,1360404.0,185.122417545,2124.0,417.1,356.6,387.7,325.3,69,57,67,64,1.127184,1.127184,0.293614,0.293777
1791341652.64,평시 x1,1,1.0,86.49000000000001,22.359693701,3.772894363,12947579848.0,10002537976.0,2105684856.0,10.0,36.0,43.236632,38.129008,86.19716799999999,0.937,204953.0,0.0,,,,,,18.675803042,681.0,31.900000000000002,0.0,0.0,707132032.0,0.0,0.0,0.0,24.0,37.192119999999996,0.0,79.521232,0.022,,,,,,,,0.0,0.0,441.03000000000003,202.46330715,34.255122167,91332651408.0,65381452304.0,19761031792.0,10.0,34.0,43.71772,28.25724,83.11708,9.937,1360815.0,0.0,1360815.0,34.219459,0.0,,,79.39335544,2152.0,129.43,,,,,,,31.0,31.541624,22.700376,76.652856,1.955,1360815.0,,,,,0.0,1360815.0,185.147621925,2125.0,417.1,356.6,387.7,325.3,69,57,67,64,1.127184,1.127184,0.293614,0.293777
1791341653.66,평시 x1,1,1.0,86.53,22.388130509,3.778705211,12972030832.0,10022014400.0,2109687992.0,10.0,36.0,68.402456,38.129008,86.19716799999999,0.937,205364.0,0.0,,,,,,18.707642113,683.0,31.900000000000002,0.0,0.0,707785072.0,0.0,0.0,0.0,24.0,38.240696,0.0,79.521232,0.022,,,,,,,,0.0,0.0,441.08000000000004,202.49848294199998,34.260334061,91360218024.0,65400839848.0,19766766808.0,10.0,34.0,72.02927199999999,28.25724,83.11708,9.937,1361226.0,0.0,1361226.0,34.456683999999996,0.0,,,79.411115189,2154.0,129.44,,,,,,,31.0,36.784504,22.700376,76.661472,1.955,1361226.0,,,,,0.0,1361226.0,185.180664523,2127.0,415.4,356.1,388.4,324.7,69,57,67,64,0.53488,0.53488,1.058739,1.058863
1791341654.66,평시 x1,1,1.0,86.57000000000001,22.412446586999998,3.782622107,12996399728.0,10041416632.0,2113683280.0,10.0,36.0,92.51970399999999,38.129008,86.19716799999999,0.937,205774.0,0.0,,,,,,18.726927449,684.0,31.910000000000004,0.0,0.0,708438040.0,0.0,0.0,0.0,24.0,38.240696,0.0,80.134152,0.022,,,,,,,,0.0,0.0,441.13000000000005,202.522428908,34.263931508,91387523000.0,65420156864.0,19772488424.0,10.0,34.0,32.61852,27.210728,83.117848,9.939,1361636.0,0.0,1361636.0,34.693694,0.0,,,79.427597994,2155.0,129.46,,,,,,,31.0,42.027384,22.700376,76.661472,1.955,1361636.0,,,,,0.0,1361636.0,185.207405235,2128.0,415.4,356.1,388.4,324.7,69,57,67,64,0.53488,0.53488,1.058739,1.058863
1791341655.66,평시 x1,1,1.0,86.62,22.439689566,3.786628514,13020801552.0,10060821712.0,2117681216.0,10.0,36.0,35.819888,30.788975999999998,86.204456,0.941,206184.0,0.0,,,,,,18.748836508,686.0,31.92,0.0,0.0,709091008.0,0.0,0.0,0.0,24.0,39.289272,0.0,80.134152,0.022,,,,,,,,0.0,0.0,441.16,202.545457553,34.267525218,91414829640.0,65439480944.0,19778213216.0,10.0,34.0,59.881496,27.210728,83.117848,9.939,1362046.0,0.0,1362046.0,34.930715,0.0,,,79.436840286,2156.0,129.47,,,,,,,31.0,48.318839999999994,22.700376,76.661472,1.955,1362046.0,,,,,0.0,1362046.0,185.234639319,2129.0,415.4,356.1,388.4,324.7,69,57,67,64,0.53488,0.53488,1.058739,1.058863
1791341656.67,평시 x1,1,1.0,86.66000000000001,22.467919635999998,3.791398783,13045178560.0,10080230168.0,2121677248.0,10.0,36.0,60.985712,30.788975999999998,86.215848,0.941,206594.0,0.0,,,,,,18.773152153,687.0,31.930000000000003,0.0,0.0,709745216.0,0.0,0.0,0.0,24.0,40.337848,0.0,80.145952,0.022,,,,,,,,0.0,0.0,441.20000000000005,202.578450601,34.271923068,91442161840.0,65458810456.0,19783938304.0,10.0,34.0,87.144472,27.210728,83.117848,9.939,1362456.0,0.0,1362456.0,35.167747,0.0,,,79.446793852,2157.0,129.48000000000002,,,,,,,31.0,53.56172,22.700376,76.672,1.955,1362456.0,,,,,0.0,1362456.0,185.257501098,2130.0,416.1,356.2,389.0,325.6,69,58,67,64,0.833656,0.833656,0.798629,0.79875
1791341657.67,평시 x1,1,1.0,86.71000000000001,22.506599151,3.796549217,13069710808.0,10099790320.0,2125677944.0,10.0,36.0,85.10296,30.788975999999998,86.215848,0.941,207005.0,1.0,,,,,,18.806768481,688.0,31.930000000000003,0.0,0.0,710398248.0,0.0,0.0,0.0,24.0,40.337848,0.0,79.569056,0.022,,,,,,,,0.0,0.0,441.38000000000005,202.627427588,34.278818954,91470040960.0,65478294856.0,19789674744.0,10.0,34.0,48.714248,27.210728,83.11823199999999,9.942,1362867.0,0.0,1362867.0,35.404982,0.0,,,79.497779028,2159.0,129.5,,,,,,,31.0,59.853176,22.700376,76.672,1.955,1362867.0,,,,,0.0,1362867.0,185.312550548,2132.0,416.1,356.2,389.0,325.6,69,58,67,64,0.833656,0.833656,0.798629,0.79875
1791341658.68,평시 x1,1,1.0,86.86,22.544529292,3.803609063,13094289640.0,10119283224.0,2129710656.0,10.0,36.0,36.572368,30.788975999999998,88.01666399999999,0.943,207416.0,2.0,,,,,,18.84039432,690.0,31.930000000000003,0.0,0.0,711051168.0,0.0,0.0,0.0,24.0,41.386424,0.0,79.570848,0.022,,,,,,,,0.0,0.0,441.47,202.665534249,34.287314745,91498095840.0,65497713872.0,19795419184.0,10.0,34.0,78.074376,27.210728,83.128856,9.942,1363280.0,0.0,1363280.0,35.642649999999996,0.0,,,79.548559931,2162.0,129.53,,,,,,,31.0,65.09605599999999,22.700376,76.67827199999999,1.955,1363280.0,,,,,0.0,1363280.0,185.386806965,2136.0,416.1,356.2,389.0,325.6,69,58,67,64,0.833656,0.833656,0.798629,0.79875
1791341659.7,평시 x1,1,1.0,86.92,22.576497742,3.810409845,13118745136.0,10138725216.0,2133752784.0,10.0,36.0,60.689615999999994,30.788975999999998,88.01666399999999,0.943,207829.0,0.0,,,,,,18.877391946,693.0,31.94,0.0,0.0,711704088.0,0.0,0.0,0.0,24.0,42.434999999999995,0.0,79.571872,0.022,,,,,,,,0.0,0.0,441.53000000000003,202.689901481,34.29274852,91525747744.0,65517050704.0,19801160976.0,10.0,34.0,47.605128,27.210728,83.134232,9.945,1363691.0,0.0,1363691.0,35.879872999999996,0.0,,,79.573409877,2165.0,129.56,,,,,,,31.0,22.964744,22.700376,76.684416,1.957,1363691.0,,,,,0.0,1363691.0,185.423063635,2138.0,415.3,356.2,374.1,325.4,69,57,67,64,0.085192,0.338,0.948583,0.948738
1791341660.71,평시 x1,1,1.0,86.96000000000001,22.606816917,3.815191506,13143139536.0,10158152480.0,2137748576.0,10.0,36.0,84.80686399999999,30.788975999999998,88.01666399999999,0.943,208239.0,0.0,,,,,,18.90197906,694.0,31.94,0.0,0.0,712357104.0,0.0,0.0,0.0,24.0,42.434999999999995,0.0,79.571872,0.022,,,,,,,,0.0,0.0,441.6,202.71804037200002,34.296683901,91553105288.0,65536384648.0,19806885696.0,10.0,34.0,74.868104,27.210728,83.15035999999999,9.945,1364101.0,0.0,1364101.0,36.116886,0.0,,,79.588108658,2166.0,129.58,,,,,,,31.0,28.207624,22.700376,78.44376799999999,1.957,1364101.0,,,,,0.0,1364101.0,185.445111987,2139.0,415.3,356.2,374.1,325.4,69,57,67,64,0.085192,0.338,0.948583,0.948738
1791341661.72,평시 x1,1,1.0,87.01,22.639025523999997,3.81967163,13167534632.0,10177553752.0,2141743752.0,10.0,36.0,45.183304,30.788975999999998,88.01666399999999,0.945,208649.0,0.0,,,,,,18.926337435,695.0,31.950000000000003,0.0,0.0,713010024.0,0.0,0.0,0.0,24.0,43.483576,0.0,79.571872,0.022,,,,,,,,0.0,0.0,441.66,202.752528549,34.301251512,91580471272.0,65555715320.0,19812609936.0,10.0,34.0,44.550232,26.158023999999997,83.158936,9.947,1364511.0,0.0,1364511.0,36.353882,0.0,,,79.597916794,2167.0,129.61,,,,,,,31.0,33.450503999999995,22.700376,78.15309599999999,1.957,1364511.0,,,,,0.0,1364511.0,185.469562127,2140.0,415.3,356.2,374.1,325.4,69,57,67,64,0.085192,0.338,0.948583,0.948738
1791341662.73,평시 x1,1,1.0,87.05000000000001,22.665546073,3.82401252,13191934528.0,10196987120.0,2145738888.0,10.0,36.0,69.300552,30.788975999999998,86.290688,0.945,209059.0,1.0,,,,,,18.948391408,696.0,31.950000000000003,0.0,0.0,713662992.0,0.0,0.0,0.0,24.0,44.532151999999996,0.0,79.57609599999999,0.022,,,,,,,,0.0,0.0,441.71000000000004,202.780875143,34.305722076,91608088104.0,65575068976.0,19818345808.0,10.0,34.0,72.861784,26.158023999999997,83.165848,9.947,1364922.0,0.0,1364922.0,36.591091999999996,0.0,,,79.621217742,2169.0,129.62,,,,,,,31.0,38.693384,22.700376,78.20107999999999,1.957,1364922.0,,,,,0.0,1364922.0,185.505694642,2142.0,402.5,356.4,374.0,325.0,72,57,67,67,0.79724,0.79724,0.722064,0.722193
1791341663.73,평시 x1,1,1.0,87.09,22.691026037,3.831250076,13216354816.0,10216428960.0,2149745872.0,10.0,36.0,93.4178,30.788975999999998,86.293376,0.945,209471.0,0.0,,,,,,18.985201425,699.0,31.96,0.0,0.0,714315912.0,0.0,0.0,0.0,24.0,44.532151999999996,0.0,79.57609599999999,0.022,,,,,,,,0.0,0.0,441.84000000000003,202.816113055,34.310872284,91635710776.0,65594422056.0,19824077496.0,10.0,34.0,42.57872,26.158023999999997,83.13884,9.95,1365333.0,0.0,1365333.0,36.828308,0.0,,,79.648553123,2171.0,129.65,,,,,,,31.0,44.98484,22.700376,78.878376,1.957,1365333.0,,,,,0.0,1365333.0,185.535094571,2144.0,402.5,356.4,374.0,325.0,72,57,67,67,0.79724,0.79724,0.722064,0.722193
1791341664.74,평시 x1,1,1.0,87.14,22.722419012000003,3.836440546,13240776728.0,10235856560.0,2153741472.0,10.0,36.0,50.501687999999994,29.274424,86.308256,0.947,209881.0,0.0,,,,,,19.009976212,700.0,31.970000000000002,0.0,0.0,714968992.0,0.0,0.0,0.0,24.0,45.580728,0.0,79.57776,0.022,,,,,,,,0.0,0.0,441.88000000000005,202.847390646,34.315571546,91663012360.0,65613751648.0,19829802128.0,10.0,34.0,69.841696,26.158023999999997,83.14050399999999,9.95,1365743.0,0.0,1365743.0,37.065315,0.0,,,79.680264129,2172.0,129.69,,,,,,,31.0,50.22772,22.700376,77.986784,1.957,1365743.0,,,,,0.0,1365743.0,185.582365055,2145.0,402.5,356.4,374.0,325.0,72,57,67,67,0.79724,0.79724,0.722064,0.722193
1791341665.76,평시 x1,1,1.0,87.21000000000001,22.75461097,3.841102761,13265149528.0,10255261048.0,2157737288.0,10.0,36.0,74.61893599999999,29.274424,87.655,0.947,210291.0,0.0,,,,,,19.028372872,701.0,31.98,0.0,0.0,715622144.0,0.0,0.0,0.0,24.0,46.629304,0.0,80.20117599999999,0.022,,,,,,,,0.0,0.0,441.94000000000005,202.88078448599998,34.319751921,91690368216.0,65633090048.0,19835527104.0,10.0,34.0,42.610816,26.158023999999997,83.14344799999999,9.952,1366153.0,0.0,1366153.0,37.302344,0.0,,,79.690665562,2173.0,129.74,,,,,,,31.0,56.519175999999995,22.700376,79.358936,1.957,1366153.0,,,,,0.0,1366153.0,185.603198003,2146.0,402.4,356.2,369.0,324.6,69,57,67,67,0.809736,0.809736,0.576742,0.576909
1791341666.76,평시 x1,1,1.0,87.41000000000001,22.785343232,3.84801388,13289610144.0,10274670336.0,2161732856.0,10.0,36.0,35.997472,29.274424,88.884832,0.95,210701.0,0.0,,,,,,19.057358374,702.0,32.010000000000005,0.0,0.0,716277320.0,0.0,0.0,0.0,24.0,46.629304,0.0,81.609408,0.022,,,,,,,,0.0,0.0,441.98,202.90772149900002,34.324223459,91717696736.0,65652410872.0,19841248240.0,10.0,34.0,69.873792,26.158023999999997,83.156424,9.952,1366563.0,0.0,1366563.0,37.539328999999995,0.0,,,79.700583462,2174.0,129.76000000000002,,,,,,,31.0,61.762055999999994,22.700376,78.233808,1.957,1366563.0,,,,,0.0,1366563.0,185.635842991,2147.0,402.4,356.2,369.0,324.6,69,57,67,67,0.809736,0.809736,0.576742,0.576909
1791341667.77,평시 x1,1,1.0,87.51,22.824007332999997,3.852459024,13314159224.0,10294239488.0,2165739856.0,10.0,36.0,59.066143999999994,29.274424,89.382864,0.95,211113.0,0.0,,,,,,19.082456827,704.0,32.04,0.0,0.0,716931384.0,0.0,0.0,0.0,24.0,47.677879999999995,0.0,81.36504,0.022,,,,,,,,0.0,0.0,442.07000000000005,202.940871284,34.329122335,91745709560.0,65671885832.0,19846993456.0,10.0,34.0,42.623799999999996,25.109448,85.081936,9.954,1366975.0,0.0,1366975.0,37.776776,0.0,,,79.728852627,2177.0,129.77,,,,,,,31.0,68.053512,22.700376,77.65691199999999,1.957,1366975.0,,,,,0.0,1366975.0,185.672697201,2150.0,402.4,356.2,369.0,324.6,69,57,67,67,0.809736,0.809736,0.576742,0.576909
1791341668.79,평시 x1,1,1.0,87.56,22.851481857,3.856269856,13338577288.0,10313693512.0,2169731776.0,10.0,36.0,84.231968,29.274424,87.79276,0.95,211523.0,2.0,,,,,,19.101301513,705.0,32.07,0.0,0.0,717584640.0,0.0,0.0,0.0,24.0,48.726456,0.0,81.70951199999999,0.022,,,,,,,,0.0,0.0,442.12,202.971556014,34.333425812,91773602312.0,65691300544.0,19852738464.0,10.0,34.0,69.886776,25.109448,83.50335199999999,9.954,1367387.0,0.0,1367387.0,38.014210999999996,0.0,,,79.754951356,2180.0,129.8,,,,,,,31.0,25.955655999999998,22.62176,77.65844799999999,1.96,1367387.0,,,,,0.0,1367387.0,185.719436079,2153.0,399.0,357.3,370.5,324.8,72,60,70,65,0.332384,0.332384,0.838599,0.838752
1791341669.79,평시 x1,1,1.0,87.63000000000001,22.877853796,3.861042988,13363054560.0,10333159688.0,2173744000.0,10.0,36.0,45.62956,29.274424,87.809784,0.952,211936.0,0.0,,,,,,19.124112822,707.0,32.080000000000005,0.0,0.0,718237656.0,0.0,0.0,0.0,24.0,48.726456,0.0,81.71642399999999,0.022,,,,,,,,0.0,0.0,442.26000000000005,203.00107171500002,34.338112514,91801296312.0,65710677544.0,19858472576.0,10.0,34.0,42.53644,25.109448,83.4734,9.956999999999999,1367798.0,0.0,1367798.0,38.251432,0.0,,,79.778657721,2182.0,129.82000000000002,,,,,,,31.0,31.198535999999997,22.62176,77.66087999999999,1.96,1367798.0,,,,,0.0,1367798.0,185.753023382,2155.0,399.0,357.3,370.5,324.8,72,60,70,65,0.332384,0.332384,0.838599,0.838752
1791341670.8,평시 x1,1,1.0,87.66000000000001,22.903702223,3.867437866,13387503168.0,10352567568.0,2177813536.0,10.0,36.0,70.795384,29.274424,87.809784,0.952,212346.0,0.0,,,,,,19.161961273,708.0,32.09,0.0,0.0,718890736.0,0.0,0.0,0.0,24.0,49.775031999999996,0.0,81.71642399999999,0.022,,,,,,,,0.0,0.0,442.31,203.037773932,34.344338548,91828857048.0,65729998448.0,19864198584.0,10.0,34.0,70.84799199999999,25.109448,83.4734,9.956999999999999,1368208.0,0.0,1368208.0,38.488431999999996,0.0,,,79.808353864,2184.0,129.83,,,,,,,31.0,36.441416,22.62176,77.662032,1.96,1368208.0,,,,,0.0,1368208.0,185.788780645,2157.0,399.0,357.3,370.5,324.8,72,60,70,65,0.332384,0.332384,0.838599,0.838752
1791341671.81,평시 x1,1,1.0,87.72,22.933221102999997,3.872229303,13411983344.0,10371978872.0,2181883632.0,10.0,36.0,32.49172,28.255271999999998,87.809784,0.955,212756.0,0.0,,,,,,19.196054571,709.0,32.09,0.0,0.0,719543704.0,0.0,0.0,0.0,24.0,49.775031999999996,0.0,81.71642399999999,0.022,,,,,,,,0.0,0.0,442.38000000000005,203.07022926999997,34.34957457,91856459104.0,65749319888.0,19869924936.0,10.0,34.0,44.581224,25.109448,83.4734,9.959999999999999,1368618.0,0.0,1368618.0,38.725449,0.0,,,79.828441491,2186.0,129.85,,,,,,,31.0,42.732872,22.62176,77.662032,1.96,1368618.0,,,,,0.0,1368618.0,185.8380841,2159.0,399.0,357.2,366.7,326.1,69,59,67,64,0.805576,0.805576,0.593687,0.593853
1791341672.82,평시 x1,1,1.0,87.77000000000001,22.966828588000002,3.878062381,13436411192.0,10391432424.0,2185886512.0,10.0,36.0,56.608968,28.255271999999998,87.813752,0.955,213167.0,0.0,,,,,,19.226213284,711.0,32.1,0.0,0.0,720196640.0,0.0,0.0,0.0,24.0,50.823608,0.0,80.563656,0.022,,,,,,,,0.0,0.0,442.42,203.105257343,34.354187224,91884104368.0,65768686232.0,19875661616.0,10.0,34.0,72.892776,25.109448,83.4734,9.959999999999999,1369029.0,0.0,1369029.0,38.962699,0.0,,,79.846655355,2188.0,129.86,,,,,,,31.0,47.975752,22.62176,77.662032,1.96,1369029.0,,,,,0.0,1369029.0,185.872941445,2161.0,399.0,357.2,366.7,326.1,69,59,67,64,0.805576,0.805576,0.593687,0.593853
1791341673.84,평시 x1,1,1.0,87.80000000000001,22.995880111,3.883081331,13460825776.0,10410875248.0,2189886904.0,10.0,36.0,80.726216,28.255271999999998,87.813752,0.955,213578.0,0.0,,,,,,19.257152147,713.0,32.1,0.0,0.0,720849648.0,0.0,0.0,0.0,24.0,51.872184,0.0,80.563656,0.022,,,,,,,,0.0,0.0,442.48,203.139855265,34.359028849,91911727008.0,65788075048.0,19881396720.0,10.0,34.0,46.454111999999995,25.109448,83.477752,9.963,1369440.0,0.0,1369440.0,39.199933,0.0,,,79.868920602,2190.0,129.87,,,,,,,31.0,53.218632,22.62176,77.662032,1.96,1369440.0,,,,,0.0,1369440.0,185.922434903,2163.0,400.4,358.0,368.3,325.5,69,57,67,64,0.666576,0.666576,0.297324,1.297671
1791341674.84,평시 x1,1,1.0,87.94000000000001,23.028136312,3.888368995,13485277600.0,10430279432.0,2193881624.0,10.0,36.0,42.657544,28.255271999999998,87.801976,0.957,213988.0,0.0,,,,,,19.291555458,714.0,32.11,0.0,0.0,721502584.0,0.0,0.0,0.0,24.0,51.872184,0.0,80.563656,0.022,,,,,,,,0.0,0.0,442.52000000000004,203.16426916199998,34.363576732,91939017912.0,65807390544.0,19887117712.0,10.0,34.0,74.765664,25.109448,83.477752,9.963,1369850.0,0.0,1369850.0,39.436912,0.0,,,79.888320815,2191.0,129.88,,,,,,,31.0,59.510087999999996,22.62176,77.662032,1.96,1369850.0,,,,,0.0,1369850.0,185.947766979,2164.0,400.4,358.0,368.3,325.5,69,57,67,64,0.666576,0.666576,0.297324,1.297671
1791341675.86,평시 x1,1,1.0,87.98,23.058775776999997,3.894616022,13509732152.0,10449692368.0,2197951760.0,10.0,36.0,66.77479199999999,28.255271999999998,87.801976,0.957,214398.0,0.0,,,,,,19.331717086,715.0,32.11,0.0,0.0,722155616.0,0.0,0.0,0.0,24.0,52.920759999999994,0.0,80.563656,0.022,,,,,,,,0.0,0.0,442.69000000000005,203.20782244100002,34.369778976,91966417416.0,65826711736.0,19892842624.0,10.0,34.0,48.454519999999995,25.109448,83.474424,9.967,1370260.0,0.0,1370260.0,39.673928,0.0,,,79.906691614,2192.0,129.9,,,,,,,31.0,64.752968,22.62176,77.662032,1.96,1370260.0,,,,,0.0,1370260.0,185.984181579,2165.0,400.4,358.0,368.3,325.5,69,57,67,64,0.666576,0.666576,0.297324,1.297671
1791341676.87,평시 x1,1,1.0,88.04,23.08757594,3.899558723,13534199264.0,10469093496.0,2202018168.0,10.0,36.0,33.180375999999995,28.255271999999998,87.807992,0.96,214808.0,0.0,,,,,,19.365156974,716.0,32.120000000000005,0.0,0.0,722809688.0,0.0,0.0,0.0,24.0,53.969336,0.0,80.56506399999999,0.022,,,,,,,,0.0,0.0,442.74,203.247949646,34.374586426,91993766248.0,65846043120.0,19898566776.0,10.0,34.0,76.766072,25.109448,83.47762399999999,9.967,1370670.0,0.0,1370670.0,39.910913,0.0,,,79.917747447,2193.0,130.0,,,,,,,31.0,22.74408,22.62176,77.663184,1.963,1370670.0,,,,,0.0,1370670.0,186.014169088,2166.0,392.1,358.0,368.0,326.4,69,57,67,64,1.19468,1.19468,0.202101,1.202722
1791341677.88,평시 x1,1,1.0,88.08000000000001,23.118968466,3.903947319,13558644832.0,10488558168.0,2206027736.0,10.0,36.0,57.297624,28.255271999999998,87.80875999999999,0.96,215220.0,0.0,,,,,,19.393449902,719.0,32.13,0.0,0.0,723462744.0,0.0,0.0,0.0,24.0,53.969336,0.0,80.568136,0.022,,,,,,,,0.0,0.0,442.8,203.285978191,34.378809792,92021372792.0,65865429056.0,19904301824.0,10.0,34.0,50.435648,25.109448,83.47762399999999,9.97,1371081.0,1.0,1371081.0,40.148137999999996,0.0,,,79.936531664,2195.0,130.01000000000002,,,,,,,31.0,27.98696,22.62176,77.663184,1.963,1371082.0,,,,,0.0,1371082.0,186.053964896,2169.0,392.1,358.0,368.0,326.4,69,57,67,64,1.19468,1.19468,0.202101,1.202722
1791341678.9,평시 x1,1,1.0,88.14,23.163864899000004,3.908972596,13583110880.0,10508045752.0,2210034888.0,10.0,36.0,81.414872,28.255271999999998,87.811832,0.96,215632.0,0.0,,,,,,19.426338507,721.0,32.13,0.0,0.0,724115728.0,0.0,0.0,0.0,24.0,55.017911999999995,0.0,80.568136,0.022,,,,,,,,0.0,0.0,443.28000000000003,203.321164063,34.384801815,92049281352.0,65884832176.0,19910046152.0,10.0,34.0,28.626887999999997,25.148664,83.635448,9.972999999999999,1371493.0,1.0,1371493.0,40.385574999999996,0.0,,,79.96502655,2198.0,130.03,,,,,,,31.0,33.229839999999996,22.62176,77.663184,1.963,1371494.0,,,,,0.0,1371494.0,186.104882841,2172.0,392.1,358.0,368.0,326.4,69,57,67,64,1.19468,1.19468,0.202101,1.202722
1791341679.9,평시 x1,1,1.0,88.2,23.200724008999998,3.91365164,13607576168.0,10527510296.0,2214036808.0,10.0,36.0,45.519496,27.210824,87.811832,0.963,216043.0,0.0,,,,,,19.453581018,723.0,32.14,0.0,0.0,724768664.0,0.0,0.0,0.0,24.0,55.017911999999995,0.0,80.569288,0.022,,,,,,,,0.0,0.0,443.32000000000005,203.3493688,34.390717706,92076889336.0,65904183400.0,19915787032.0,10.0,34.0,55.889863999999996,25.148664,83.635448,9.972999999999999,1371905.0,0.0,1371905.0,40.623008999999996,0.0,,,79.988631687,2200.0,130.04000000000002,,,,,,,31.0,38.472719999999995,22.62176,77.663184,1.963,1371905.0,,,,,0.0,1371905.0,186.133330047,2173.0,391.7,357.4,382.7,322.8,69,57,68,64,0.0196,0.3094,0.932998,0.933161
1791341680.92,평시 x1,1,1.0,88.24000000000001,23.234476813,3.919895337,13631976280.0,10546935568.0,2218040160.0,10.0,36.0,69.636744,27.210824,87.811832,0.963,216453.0,0.0,,,,,,19.488518206,725.0,32.160000000000004,0.0,0.0,725421408.0,0.0,0.0,0.0,24.0,56.066488,0.0,80.580168,0.022,,,,,,,,0.0,0.0,443.43,203.37424036000002,34.396034464,92104325584.0,65923536344.0,19921511080.0,10.0,34.0,31.328599999999998,24.108344,83.62239199999999,9.975,1372315.0,0.0,1372315.0,40.859992999999996,0.0,,,80.022997999,2201.0,130.05,,,,,,,31.0,44.764176,22.62176,77.663184,1.963,1372315.0,,,,,0.0,1372315.0,186.161724253,2174.0,391.7,357.4,382.7,322.8,69,57,68,64,0.0196,0.3094,0.932998,0.933161
1791341681.93,평시 x1,1,1.0,88.41000000000001,23.265784094,3.926650988,13656434168.0,10566326592.0,2222054064.0,10.0,36.0,36.823768,27.210824,87.80427999999999,0.966,216863.0,0.0,,,,,,19.526696546,727.0,32.160000000000004,0.0,0.0,726072448.0,0.0,0.0,0.0,24.0,57.115064,0.0,80.585672,0.022,,,,,,,,0.0,0.0,443.48,203.410007208,34.400334222,92131681816.0,65942870448.0,19927235584.0,10.0,34.0,58.591575999999996,24.108344,83.62239199999999,9.975,1372725.0,0.0,1372725.0,41.096990999999996,0.0,,,80.036953829,2202.0,130.06,,,,,,,31.0,50.007056,22.62176,77.663184,1.963,1372725.0,,,,,0.0,1372725.0,186.195528334,2175.0,392.6,357.5,375.4,322.8,69,57,68,64,1.0396,1.0396,0.702821,0.70295
1791341682.93,평시 x1,1,1.0,88.45,23.294893461,3.930680698,13680839664.0,10585757480.0,2226056808.0,10.0,36.0,60.941016,27.210824,87.86416799999999,0.966,217273.0,1.0,,,,,,19.547936328,728.0,32.17,0.0,0.0,726723832.0,0.0,0.0,0.0,24.0,57.115064,0.0,80.644528,0.022,,,,,,,,0.0,0.0,443.54,203.43636816,34.405347746,92159522128.0,65962224864.0,19932973280.0,10.0,34.0,33.569016,24.108344,83.628536,9.978,1373136.0,0.0,1373136.0,41.334213999999996,0.0,,,80.062960282,2205.0,130.08,,,,,,,31.0,56.298511999999995,22.62176,77.663184,1.963,1373136.0,,,,,0.0,1373136.0,186.249568103,2178.0,392.6,357.5,375.4,322.8,69,57,68,64,1.0396,1.0396,0.702821,0.70295
1791341683.93,평시 x1,1,1.0,88.49000000000001,23.322249825,3.934672862,13705309064.0,10605236480.0,2230075880.0,10.0,36.0,85.058264,27.210824,87.866344,0.966,217685.0,0.0,,,,,,19.573824763,731.0,32.18,0.0,0.0,727374824.0,0.0,0.0,0.0,24.0,58.16364,0.0,80.644528,0.022,,,,,,,,0.0,0.0,443.59000000000003,203.461657789,34.410169639,92186874176.0,65981597768.0,19938707288.0,10.0,34.0,60.831992,24.108344,83.636088,9.978,1373547.0,0.0,1373547.0,41.571425,0.0,,,80.07998797,2206.0,130.09,,,,,,,31.0,61.541391999999995,22.62176,77.663184,1.963,1373547.0,,,,,0.0,1373547.0,186.27877352,2179.0,392.6,357.5,375.4,322.8,69,57,68,64,1.0396,1.0396,0.702821,0.70295
1791341684.94,평시 x1,1,1.0,88.54,23.352389524,3.938309984,13729713952.0,10624647880.0,2234070736.0,10.0,36.0,50.528216,27.210824,87.866344,0.969,218095.0,0.0,,,,,,19.593525465,732.0,32.190000000000005,0.0,0.0,728025864.0,0.0,0.0,0.0,24.0,59.212216,0.0,80.644528,0.022,,,,,,,,0.0,0.0,443.64000000000004,203.48866768,34.414635522,92214195848.0,66000906184.0,19944431040.0,10.0,34.0,36.612567999999996,24.077384,83.636088,9.982,1373957.0,0.0,1373957.0,41.808395999999995,0.0,,,80.092111285,2207.0,130.11,,,,,,,31.0,67.832848,22.62176,77.663184,1.963,1373957.0,,,,,0.0,1373957.0,186.30509579,2180.0,392.6,357.5,375.4,322.8,69,57,68,64,1.0396,1.0396,0.702821,0.70295
1791341685.95,평시 x1,1,1.0,88.59,23.390533544,3.942901255,13754111280.0,10644050112.0,2238093424.0,10.0,36.0,74.64546399999999,27.210824,87.868392,0.969,218505.0,0.0,,,,,,19.622156715,733.0,32.2,0.0,0.0,728676864.0,0.0,0.0,0.0,24.0,59.212216,0.0,80.644528,0.022,,,,,,,,0.0,0.0,443.68,203.51479225900002,34.418649682,92241523976.0,66020228664.0,19950154808.0,10.0,34.0,63.875544,24.077384,83.636088,9.982,1374367.0,0.0,1374367.0,42.045373,0.0,,,80.101507221,2208.0,130.13,,,,,,,31.0,27.974448,22.62176,77.663184,1.966,1374367.0,,,,,0.0,1374367.0,186.337444787,2181.0,393.0,357.8,375.9,322.9,69,57,67,64,0.798552,0.798552,0.960314,0.960488
1791341686.96,평시 x1,1,1.0,88.64,23.418083971999998,3.946327061,13778536088.0,10663449488.0,2242120064.0,10.0,36.0,40.549735999999996,27.236392,87.871336,0.972,218915.0,0.0,,,,,,19.642217609,734.0,32.2,0.0,0.0,729328832.0,0.0,0.0,0.0,24.0,60.260791999999995,0.0,80.644528,0.022,,,,,,,,0.0,0.0,443.79,203.54527900300002,34.422503168,92268951168.0,66039554552.0,19955876744.0,10.0,34.0,37.564792,24.077384,83.580024,9.985,1374777.0,0.0,1374777.0,42.282379,0.0,,,80.111317702,2209.0,130.14000000000001,,,,,,,31.0,32.168752,22.62176,77.663184,1.966,1374777.0,,,,,0.0,1374777.0,186.365298775,2182.0,393.0,357.8,375.9,322.9,69,57,67,64,0.798552,0.798552,0.960314,0.960488
1791341687.98,평시 x1,1,1.0,88.76,23.455990111,3.951777794,13802983128.0,10682916672.0,2246128552.0,10.0,36.0,64.666984,27.236392,87.910248,0.972,219327.0,0.0,,,,,,19.678113186,737.0,32.21,0.0,0.0,729980448.0,0.0,0.0,0.0,24.0,60.275192,0.0,80.658864,0.025,,,,,,,,0.0,0.0,443.85,203.576724621,34.427276256,92296738464.0,66058936760.0,19961610712.0,10.0,34.0,65.876344,24.077384,83.580024,9.985,1375189.0,0.0,1375189.0,42.519797,0.0,,,80.131648903,2211.0,130.16,,,,,,,31.0,37.411632,22.62176,77.663952,1.966,1375189.0,,,,,0.0,1375189.0,186.4101186,2185.0,392.3,357.5,373.4,322.8,69,57,67,64,0.903872,0.903872,0.645787,0.645896
1791341688.99,평시 x1,1,1.0,88.88000000000001,23.482502492000002,3.958609137,13827516120.0,10702401688.0,2250123264.0,10.0,36.0,30.336727999999997,26.18988,87.901288,0.975,219737.0,2.0,,,,,,19.706670098,738.0,32.27,0.0,0.0,730661896.0,0.0,0.0,0.0,24.0,26.72076,0.0,80.688496,0.025,,,,,,,,0.0,0.0,443.90000000000003,203.601218192,34.431619182,92324473624.0,66078325984.0,19967355152.0,10.0,34.0,42.569392,24.077384,83.583736,9.987,1375600.0,1.0,1375600.0,42.757011999999996,0.0,,,80.245346849,2214.0,130.18,,,,,,,31.0,43.703088,22.62176,77.723856,1.966,1375600.0,,,,,0.0,1375600.0,186.447979006,2187.0,392.3,357.5,373.4,322.8,69,57,67,64,0.903872,0.903872,0.645787,0.645896
1791341690.0,평시 x1,1,1.0,88.92,23.508208698,3.963244018,13852044512.0,10721870272.0,2254211656.0,10.0,36.0,54.453976,26.18988,87.904488,0.975,220150.0,0.0,,,,,,19.740951459,741.0,32.28,0.0,0.0,731312816.0,0.0,0.0,0.0,24.0,27.769336,0.0,80.688496,0.025,,,,,,,,0.0,0.0,443.94000000000005,203.62535227200001,34.435700511,92352138840.0,66097713992.0,19973099112.0,10.0,34.0,69.832368,24.077384,83.588472,9.987,1376012.0,0.0,1376012.0,42.994451999999995,0.0,,,80.266905492,2216.0,130.20000000000002,,,,,,,31.0,48.945968,22.62176,77.734736,1.966,1376012.0,,,,,0.0,1376012.0,186.483345443,2189.0,392.3,357.5,373.4,322.8,69,57,67,64,0.903872,0.903872,0.645787,0.645896
1791341691.01,평시 x1,1,1.0,88.96000000000001,23.537122326000002,3.968155544,13876488984.0,10741276304.0,2258278768.0,10.0,36.0,79.6198,26.18988,87.904488,0.975,220560.0,0.0,,,,,,19.770696366,742.0,32.28,0.0,0.0,731963832.0,0.0,0.0,0.0,24.0,28.817912,0.0,80.691056,0.025,,,,,,,,0.0,0.0,444.0,203.65869489300002,34.440089084,92379506952.0,66117042800.0,19978823752.0,10.0,34.0,46.4366,24.079448,83.588472,9.988999999999999,1376422.0,0.0,1376422.0,43.231466,0.0,,,80.276883344,2217.0,130.22,,,,,,,31.0,55.237424,22.62176,77.736888,1.966,1376422.0,,,,,0.0,1376422.0,186.539602701,2190.0,388.5,357.3,373.1,322.6,69,57,67,64,0.891832,0.88044,0.380638,1.383508
1791341692.02,평시 x1,1,1.0,89.04,23.573887123000002,3.973281593,13900890520.0,10760684072.0,2262273976.0,10.0,36.0,45.493648,26.18988,87.920232,0.978,220970.0,0.0,,,,,,19.795762105,743.0,32.29,0.0,0.0,732614712.0,0.0,0.0,0.0,24.0,28.817912,0.0,80.696816,0.025,,,,,,,,0.0,0.0,444.04,203.69466121,34.444626612,92406858016.0,66136367504.0,19984545440.0,10.0,34.0,73.699576,24.079448,83.588472,9.988999999999999,1376832.0,0.0,1376832.0,43.468475999999995,0.0,,,80.286305519,2218.0,130.23000000000002,,,,,,,31.0,60.480304,22.62176,77.751864,1.966,1376832.0,,,,,0.0,1376832.0,186.584626888,2191.0,388.5,357.3,373.1,322.6,69,57,67,64,0.891832,0.88044,0.380638,1.383508
1791341693.03,평시 x1,1,1.0,89.09,23.60657736,3.977930559,13925303320.0,10780123568.0,2266275816.0,10.0,36.0,70.659472,26.18988,87.920232,0.978,221381.0,0.0,,,,,,19.820016462,745.0,32.300000000000004,0.0,0.0,733265704.0,0.0,0.0,0.0,24.0,29.866488,0.0,80.7036,0.025,,,,,,,,0.0,0.0,444.19000000000005,203.727643701,34.449969012,92434529992.0,66155740000.0,19990280984.0,10.0,34.0,50.398776,24.079448,83.57349599999999,9.991999999999999,1377243.0,0.0,1377243.0,43.705683,0.0,,,80.32342189,2220.0,130.24,,,,,,,31.0,66.77176,22.62176,77.737912,1.966,1377243.0,,,,,0.0,1377243.0,186.627983714,2193.0,388.5,357.3,373.1,322.6,69,57,67,64,0.891832,0.88044,0.380638,1.383508
1791341694.05,평시 x1,1,1.0,89.14,23.636828794,3.985071876,13949741800.0,10799564872.0,2270274152.0,10.0,36.0,37.496151999999995,26.162519999999997,87.920232,0.981,221792.0,0.0,,,,,,19.858545898,746.0,32.31,0.0,0.0,733916680.0,0.0,0.0,0.0,24.0,30.915063999999997,0.0,80.69976,0.025,,,,,,,,0.0,0.0,444.24,203.756216441,34.454336829,92461903192.0,66175099584.0,19996015440.0,10.0,34.0,28.617288,24.079448,83.57349599999999,9.995,1377654.0,0.0,1377654.0,43.942916,0.0,,,80.338699434,2221.0,130.27,,,,,,,31.0,26.496959999999998,22.617279999999997,77.737912,1.969,1377654.0,,,,,0.0,1377654.0,186.665999565,2194.0,389.0,357.3,373.4,322.1,69,57,67,64,0.631184,0.631184,0.162101,1.162983
1791341695.05,평시 x1,1,1.0,89.18,23.661046187,3.989602246,13974133216.0,10818989672.0,2274269448.0,10.0,36.0,61.6134,26.162519999999997,87.920232,0.981,222202.0,0.0,,,,,,19.883736913,747.0,32.31,0.0,0.0,734567672.0,0.0,0.0,0.0,24.0,30.915063999999997,0.0,80.69976,0.025,,,,,,,,0.0,0.0,444.28000000000003,203.782721191,34.457808324,92489231336.0,66194430896.0,20001739824.0,10.0,34.0,55.880264,24.079448,83.57349599999999,9.995,1378064.0,0.0,1378064.0,44.179916999999996,0.0,,,80.348248489,2222.0,130.29000000000002,,,,,,,31.0,31.739839999999997,22.617279999999997,77.744056,1.969,1378064.0,,,,,0.0,1378064.0,186.6878826,2195.0,389.0,357.3,373.4,322.1,69,57,67,64,0.631184,0.631184,0.162101,1.162983
1791341696.06,평시 x1,1,1.0,89.33000000000001,23.690856213,3.99794224,13998591800.0,10838399288.0,2278264400.0,10.0,36.0,30.29564,26.162519999999997,87.896424,0.984,222612.0,0.0,,,,,,19.91627592,748.0,32.32,0.0,0.0,735218544.0,0.0,0.0,0.0,24.0,31.963639999999998,0.0,80.69976,0.025,,,,,,,,0.0,0.0,444.33000000000004,203.80936929700002,34.462259432,92516593568.0,66213754712.0,20007460952.0,10.0,34.0,33.780007999999995,24.073256,83.57349599999999,9.998,1378474.0,0.0,1378474.0,44.416903999999995,0.0,,,80.369250389,2223.0,130.3,,,,,,,31.0,36.98272,22.617279999999997,77.744056,1.969,1378474.0,,,,,0.0,1378474.0,186.708246136,2196.0,389.0,357.3,373.4,322.1,69,57,67,64,0.631184,0.631184,0.162101,1.162983
1791341697.07,평시 x1,1,1.0,89.38000000000001,23.721193851000002,4.00153008,14022964752.0,10857805136.0,2282259440.0,10.0,36.0,53.364312,26.162519999999997,87.902568,0.984,223022.0,0.0,,,,,,19.932756527,749.0,32.32,0.0,0.0,735870648.0,0.0,0.0,0.0,24.0,33.012215999999995,0.0,80.69976,0.025,,,,,,,,0.0,0.0,444.37,203.837030357,34.466233605,92543977272.0,66233070472.0,20013185240.0,10.0,34.0,61.042984,24.073256,83.57349599999999,9.998,1378884.0,0.0,1378884.0,44.653898,0.0,,,80.378219875,2224.0,130.32000000000002,,,,,,,31.0,42.2256,22.617279999999997,77.744056,1.969,1378884.0,,,,,0.0,1378884.0,186.733238479,2197.0,389.6,357.6,374.5,322.5,69,57,67,64,0.79172,0.79172,0.866716,0.866869
1791341698.09,평시 x1,1,1.0,89.42,23.752382623,4.008700947,14047429624.0,10877287672.0,2286269232.0,10.0,36.0,78.530136,26.162519999999997,87.90461599999999,0.984,223434.0,0.0,,,,,,19.9653787,752.0,32.34,0.0,0.0,736521608.0,0.0,0.0,0.0,24.0,33.012215999999995,0.0,80.706032,0.025,,,,,,,,0.0,0.0,444.51000000000005,203.874045815,34.47131813,92571699104.0,66252451464.0,20018920392.0,10.0,34.0,38.597784,24.073256,83.566328,10.001,1379295.0,1.0,1379295.0,44.891134,0.0,,,80.397733238,2226.0,130.33,,,,,,,31.0,48.517056,22.617279999999997,77.744056,1.969,1379295.0,,,,,0.0,1379295.0,186.795048888,2199.0,389.6,357.6,374.5,322.5,69,57,67,64,0.79172,0.79172,0.866716,0.866869
1791341699.1,평시 x1,1,1.0,89.49000000000001,23.794662429000002,4.015249365,14071920912.0,10896773288.0,2290276320.0,10.0,36.0,45.438488,26.162519999999997,87.905768,0.988,223846.0,0.0,,,,,,19.998737716,754.0,32.35,0.0,0.0,737172600.0,0.0,0.0,0.0,24.0,34.060792,0.0,80.706032,0.025,,,,,,,,0.0,0.0,444.57000000000005,203.910539158,34.47662115,92599641752.0,66271867648.0,20024664896.0,10.0,34.0,66.909336,24.073256,83.5694,10.001,1379707.0,1.0,1379707.0,45.128577,0.0,,,80.431098811,2229.0,130.35,,,,,,,31.0,53.759935999999996,22.617279999999997,77.744056,1.969,1379707.0,,,,,0.0,1379707.0,186.829413978,2202.0,388.7,357.6,373.5,322.3,69,57,67,64,0.484472,0.484472,0.658224,0.658359
1791341700.11,평시 x1,1,1.0,89.55000000000001,23.838120426,4.021419803,14096343792.0,10916225288.0,2294275288.0,10.0,36.0,69.555736,26.162519999999997,87.905768,0.988,224257.0,0.0,,,,,,20.026620199,756.0,32.36,0.0,0.0,737823592.0,0.0,0.0,0.0,24.0,34.060792,0.0,80.719984,0.025,,,,,,,,0.0,0.0,444.63000000000005,203.937367366,34.482112605,92627632032.0,66291245744.0,20030409752.0,10.0,34.0,43.545232,24.073256,83.5694,10.004,1380119.0,0.0,1380119.0,45.366034,0.0,,,80.459592745,2232.0,130.36,,,,,,,31.0,60.051392,22.617279999999997,77.744056,1.969,1380119.0,,,,,0.0,1380119.0,186.871977186,2205.0,388.7,357.6,373.5,322.3,69,57,67,64,0.484472,0.484472,0.658224,0.658359
1791341701.12,평시 x1,1,1.0,89.60000000000001,23.871208632000002,4.025898269,14120783888.0,10935659312.0,2298282600.0,10.0,36.0,37.468072,26.166376,87.908328,0.991,224667.0,0.0,,,,,,20.051634094,758.0,32.370000000000005,0.0,0.0,738474648.0,0.0,0.0,0.0,24.0,35.109367999999996,0.0,80.721904,0.025,,,,,,,,0.0,0.0,444.67,203.961301029,34.485987649,92654968344.0,66310566536.0,20036130784.0,10.0,34.0,70.808208,24.073256,83.575032,10.004,1380529.0,0.0,1380529.0,45.603004999999996,0.0,,,80.468642754,2233.0,130.44,,,,,,,31.0,65.29427199999999,22.617279999999997,77.781688,1.969,1380529.0,,,,,0.0,1380529.0,186.89573281,2206.0,388.7,357.6,373.5,322.3,69,57,67,64,0.484472,0.484472,0.658224,0.658359
1791341702.14,평시 x1,1,1.0,89.65,23.906858821,4.029435168,14145152928.0,10955061944.0,2302277664.0,10.0,36.0,61.585319999999996,26.166376,87.908328,0.991,225077.0,0.0,,,,,,20.069414241,759.0,32.38,0.0,0.0,739125640.0,0.0,0.0,0.0,24.0,36.157944,0.0,80.722928,0.025,,,,,,,,0.0,0.0,444.71000000000004,203.988690657,34.490489251,92682260224.0,66329884736.0,20041855048.0,10.0,34.0,46.416712,24.091832,83.575032,10.006,1380939.0,0.0,1380939.0,45.840011,0.0,,,80.479053037,2234.0,130.53,,,,,,,31.0,26.063167999999997,22.617279999999997,77.746616,1.971,1380939.0,,,,,0.0,1380939.0,186.930991592,2207.0,388.7,357.4,374.6,323.0,69,57,67,65,0.794024,0.794024,0.877534,0.877661
1791341703.15,평시 x1,1,1.0,89.79,23.943302494999998,4.036304911,14169630616.0,10974484096.0,2306280304.0,10.0,36.0,31.247304,26.166376,87.89348,0.994,225488.0,0.0,,,,,,20.108101263,761.0,32.38,0.0,0.0,739776632.0,0.0,0.0,0.0,24.0,36.157944,0.0,80.722928,0.025,,,,,,,,0.0,0.0,444.86,204.01684916099998,34.498127479,92709960600.0,66349269000.0,20047590920.0,10.0,34.0,25.221624,24.091832,83.56492,10.009,1381350.0,0.0,1381350.0,46.07723,0.0,,,80.508817022,2236.0,130.54000000000002,,,,,,,31.0,30.257472,22.617279999999997,77.746616,1.971,1381350.0,,,,,0.0,1381350.0,186.961207107,2209.0,388.7,357.4,374.6,323.0,69,57,67,65,0.794024,0.794024,0.877534,0.877661
1791341704.16,평시 x1,1,1.0,90.79,24.608614413999998,4.048847967,14478487936.0,11273651016.0,2314808632.0,10.0,36.0,90.536176,26.17956,87.88516,1.03,228357.0,2872.0,,,,,,20.173168257,762.0,32.38,0.0,0.0,740427528.0,0.0,0.0,0.0,24.0,37.20652,0.0,80.722928,0.025,,,,,,,,0.0,0.0,446.08000000000004,204.637563826,34.596246914,93080344784.0,66629967736.0,20114728304.0,10.0,34.0,74.358952,26.606184,83.55813599999999,10.068999999999999,1385462.0,0.0,1385462.0,49.203250999999995,0.0,,,80.704436271,2239.0,130.66,,,,,,,31.0,42.022887999999995,24.714432,77.746616,1.977,1385462.0,,,,,2048.0,1383414.0,187.236907438,2211.0,388.7,357.4,374.6,323.0,69,57,67,65,0.794024,0.794024,0.877534,0.877661
1791341705.17,평시 x1,1,1.0,91.23,24.684188442,4.166476459,14553980816.0,11288206784.0,2374584456.0,10.0,36.0,57.749576,26.17956,87.87351199999999,1.04,231639.0,0.0,,,,,,20.685334017,765.0,32.38,0.0,0.0,741078408.0,0.0,0.0,0.0,24.0,38.255096,0.0,80.722928,0.025,,,,,,,,0.0,0.0,446.42,204.729774764,34.652756572,93156641352.0,66661790464.0,20147678256.0,10.0,34.0,75.577208,39.539704,83.55404,10.079,1387501.0,0.0,1387501.0,50.736363999999995,0.0,,,80.781604376,2241.0,130.70000000000002,,,,,,,31.0,71.383016,24.714432,77.746616,1.977,1387501.0,,,,,0.0,1387501.0,187.490516823,2214.0,394.0,357.4,428.9,325.6,69,57,67,65,6.861312,6.861312,0.739902,0.74003
1791341706.18,평시 x1,1,1.0,91.27000000000001,24.719422273,4.172414964,14578393600.0,11307643768.0,2378587872.0,10.0,36.0,81.866824,26.17956,87.87351199999999,1.04,232049.0,0.0,,,,,,20.714744201,767.0,32.4,0.0,0.0,741730296.0,0.0,0.0,0.0,24.0,38.255096,0.0,80.724976,0.025,,,,,,,,0.0,0.0,446.47,204.75553774,34.65739711,93183949880.0,66681113672.0,20153399776.0,10.0,34.0,101.791608,39.539704,83.55404,10.079,1387911.0,0.0,1387911.0,50.973357,0.0,,,80.795330659,2242.0,130.73000000000002,,,,,,,31.0,25.299312,22.386703999999998,77.746616,1.979,1387911.0,,,,,0.0,1387911.0,187.513652277,2215.0,394.0,357.4,428.9,325.6,69,57,67,65,6.861312,6.861312,0.739902,0.74003
1791341707.19,평시 x1,1,1.0,91.43,24.755508398,4.177502924,14602841680.0,11327043488.0,2382582976.0,10.0,36.0,65.254984,47.580616,87.87351199999999,1.043,232459.0,0.0,,,,,,20.739665819,768.0,32.4,0.0,0.0,742381304.0,0.0,0.0,0.0,24.0,39.303672,0.0,80.724976,0.025,,,,,,,,0.0,0.0,446.51000000000005,204.79286458399997,34.66190163,93211279784.0,66700435176.0,20159124080.0,10.0,34.0,129.054584,39.539704,83.555064,10.079,1388321.0,0.0,1388321.0,51.210358,0.0,,,80.811129902,2243.0,130.74,,,,,,,31.0,29.493616,22.386703999999998,77.7624,1.979,1388321.0,,,,,0.0,1388321.0,187.544420767,2216.0,394.0,357.4,428.9,325.6,69,57,67,65,6.861312,6.861312,0.739902,0.74003
1791341708.2,평시 x1,1,1.0,91.5,24.786639348,4.18463936,14627311808.0,11346505984.0,2386592096.0,10.0,36.0,52.501768,47.580616,87.880552,1.046,232871.0,0.0,,,,,,20.804381749,771.0,32.4,0.0,0.0,743032152.0,0.0,0.0,0.0,24.0,40.352247999999996,0.0,80.7388,0.025,,,,,,,,0.0,0.0,446.58000000000004,204.82734518499998,34.667570753,93239218944.0,66719840136.0,20164869288.0,10.0,34.0,56.002447999999994,39.685359999999996,83.55621599999999,10.081,1388733.0,0.0,1388733.0,51.447790999999995,0.0,,,80.85870296,2246.0,130.79000000000002,,,,,,,31.0,34.736495999999995,22.386703999999998,77.801688,1.979,1388733.0,,,,,0.0,1388733.0,187.597630596,2219.0,394.9,357.4,437.6,325.4,69,57,67,64,1.220696,1.220696,0.66429,0.66441
1791341709.2,평시 x1,1,1.0,91.54,24.816743338,4.190386426,14651747216.0,11365961208.0,2390600840.0,10.0,36.0,76.619016,47.580616,87.880552,1.046,233283.0,0.0,,,,,,20.86270864,774.0,32.410000000000004,0.0,0.0,743683144.0,0.0,0.0,0.0,24.0,40.352247999999996,0.0,80.730992,0.025,,,,,,,,0.0,0.0,446.62,204.857103938,34.673088573,93266829976.0,66739228048.0,20170612608.0,10.0,34.0,83.265424,39.685359999999996,83.557368,10.081,1389145.0,0.0,1389145.0,51.685226,0.0,,,80.875014467,2248.0,130.8,,,,,,,31.0,41.027952,22.386703999999998,77.801688,1.979,1389145.0,,,,,0.0,1389145.0,187.655048731,2221.0,394.9,357.4,437.6,325.4,69,57,67,64,1.220696,1.220696,0.66429,0.66441
1791341710.2,평시 x1,1,1.0,91.61,24.854946896,4.196991249,14676210656.0,11385424128.0,2394602472.0,10.0,36.0,48.609688,37.162968,87.8958,1.049,233694.0,0.0,,,,,,20.895259939,776.0,32.42,0.0,0.0,744334208.0,0.0,0.0,0.0,24.0,40.352247999999996,0.0,80.746008,0.025,,,,,,,,0.0,0.0,446.69000000000005,204.89861263400002,34.677616888,93294457408.0,66758607176.0,20176346768.0,10.0,34.0,111.576976,39.685359999999996,83.557368,10.081,1389556.0,0.0,1389556.0,51.922442,0.0,,,80.902601769,2250.0,130.82000000000002,,,,,,,31.0,46.270832,22.386703999999998,77.80245599999999,1.979,1389556.0,,,,,0.0,1389556.0,187.689448942,2223.0,394.9,357.4,437.6,325.4,69,57,67,64,1.220696,1.220696,0.66429,0.66441
1791341711.22,평시 x1,1,1.0,91.63000000000001,24.878941009000002,4.200160804,14700579584.0,11404829304.0,2398594904.0,10.0,36.0,73.77551199999999,37.162968,87.922384,1.049,234104.0,0.0,,,,,,20.911876418,777.0,32.42,0.0,0.0,744985888.0,0.0,0.0,0.0,24.0,40.352247999999996,0.0,80.77137599999999,0.025,,,,,,,,0.0,0.0,446.73,204.924181111,34.681800773,93322058912.0,66777928056.0,20182072720.0,10.0,34.0,47.40956,34.718648,83.557368,10.084,1389966.0,0.0,1389966.0,52.159442,0.0,,,80.925363072,2252.0,130.83,,,,,,,31.0,52.562287999999995,22.386703999999998,77.80245599999999,1.979,1389966.0,,,,,0.0,1389966.0,187.719306106,2225.0,394.8,357.9,437.9,325.5,69,57,67,64,0.48048,0.48048,0.908353,0.908524
1791341712.23,평시 x1,1,1.0,91.76,24.92948745,4.208836315,14725010264.0,11424259744.0,2402596336.0,10.0,36.0,36.25472,30.044328,87.940304,1.051,234514.0,0.0,,,,,,20.952181465,779.0,32.440000000000005,0.0,0.0,745637072.0,0.0,0.0,0.0,24.0,41.400824,0.0,80.772784,0.025,,,,,,,,0.0,0.0,446.79,204.96130055700002,34.687020999,93349431256.0,66797250696.0,20187797008.0,10.0,34.0,74.672536,34.718648,83.557368,10.084,1390376.0,0.0,1390376.0,52.396442,0.0,,,80.940607737,2253.0,130.85,,,,,,,31.0,57.805167999999995,22.386703999999998,77.80245599999999,1.979,1390376.0,,,,,0.0,1390376.0,187.745713553,2226.0,394.8,357.9,437.9,325.5,69,57,67,64,0.48048,0.48048,0.908353,0.908524
1791341713.23,평시 x1,1,1.0,91.81,24.961630927,4.21367452,14749433512.0,11443685880.0,2406622160.0,10.0,36.0,60.371967999999995,30.044328,87.940304,1.051,234924.0,1.0,,,,,,20.97857284,780.0,32.45,0.0,0.0,746288064.0,0.0,0.0,0.0,24.0,42.4494,0.0,80.777136,0.025,,,,,,,,0.0,0.0,446.83000000000004,204.987560103,34.691805268,93377073472.0,66816614376.0,20193533352.0,10.0,34.0,101.93551199999999,34.718648,83.557368,10.084,1390787.0,0.0,1390787.0,52.633649999999996,0.0,,,80.967217548,2255.0,130.86,,,,,,,31.0,64.09662399999999,22.386703999999998,77.80245599999999,1.979,1390787.0,,,,,0.0,1390787.0,187.783350767,2228.0,394.8,357.9,437.9,325.5,69,57,67,64,0.48048,0.48048,0.908353,0.908524
1791341714.23,평시 x1,1,1.0,91.85000000000001,24.991372509999998,4.218701159,14773892704.0,11463133992.0,2410661856.0,10.0,36.0,84.489216,30.044328,87.940304,1.051,235336.0,0.0,,,,,,21.014786937,782.0,32.45,0.0,0.0,746939040.0,0.0,0.0,0.0,24.0,42.4494,0.0,80.777136,0.025,,,,,,,,0.0,0.0,446.98,205.016638181,34.701256761,93406443104.0,66837945624.0,20199266976.0,10.0,34.0,45.635687999999995,34.718648,83.557368,10.087,1391198.0,50.0,1391198.0,52.870872999999996,0.0,,,80.989689702,2256.0,130.87,,,,,,,31.0,69.33950399999999,22.386703999999998,77.803224,1.979,1391198.0,,,,,0.0,1391198.0,187.810862008,2229.0,395.0,358.2,437.8,325.1,69,57,67,64,0.310848,0.310848,0.613084,0.613198
1791341715.25,평시 x1,1,1.0,92.01,25.028408342,4.223857967,14798339088.0,11482534896.0,2414654104.0,10.0,36.0,48.271719999999995,28.995752,87.940304,1.055,235746.0,0.0,,,,,,21.037968794,783.0,32.46,0.0,0.0,747589936.0,0.0,0.0,0.0,24.0,43.497976,0.0,80.777136,0.025,,,,,,,,0.0,0.0,447.01000000000005,205.043630638,34.704621129,93431795408.0,66855312360.0,20204988456.0,10.0,34.0,70.801512,34.718648,83.557368,10.087,1391608.0,0.0,1391608.0,53.107873,0.0,,,80.999209915,2257.0,130.96,,,,,,,31.0,26.969728,22.386703999999998,77.743704,1.982,1391608.0,,,,,0.0,1391608.0,187.835963249,2230.0,395.0,358.2,437.8,325.1,69,57,67,64,0.310848,0.310848,0.613084,0.613198
1791341716.25,평시 x1,1,1.0,92.05000000000001,25.062701237,4.228563009,14822709976.0,11501938056.0,2418649456.0,10.0,36.0,72.38896799999999,28.995752,87.940304,1.055,236156.0,0.0,,,,,,21.060835251,784.0,32.47,0.0,0.0,748241968.0,0.0,0.0,0.0,24.0,44.546552,0.0,80.777136,0.025,,,,,,,,0.0,0.0,447.06,205.07475040900002,34.708899936,93459114080.0,66874633352.0,20210712736.0,10.0,34.0,98.064488,34.718648,83.557368,10.087,1392018.0,0.0,1392018.0,53.34487,0.0,,,81.010828372,2258.0,130.97,,,,,,,31.0,32.212607999999996,22.386703999999998,77.743704,1.982,1392018.0,,,,,0.0,1392018.0,187.859348448,2231.0,395.0,358.2,437.8,325.1,69,57,67,64,0.310848,0.310848,0.613084,0.613198
1791341717.27,평시 x1,1,1.0,92.11,25.095932776,4.233578666,14847108152.0,11521342480.0,2422644680.0,10.0,36.0,38.407288,28.995752,87.94107199999999,1.058,236566.0,0.0,,,,,,21.085907138,785.0,32.47,0.0,0.0,748892960.0,0.0,0.0,0.0,24.0,44.546552,0.0,80.777136,0.025,,,,,,,,0.0,0.0,447.11,205.106536477,34.712436027,93486503488.0,66893962352.0,20216436944.0,10.0,34.0,52.212832,34.718648,83.557368,10.09,1392428.0,0.0,1392428.0,53.581863999999996,0.0,,,81.020137923,2259.0,130.99,,,,,,,31.0,38.504064,22.386703999999998,77.743704,1.982,1392428.0,,,,,0.0,1392428.0,187.883361769,2232.0,392.4,357.7,413.9,323.5,69,57,67,64,1.153232,0.668648,1.290466,0.290875
1791341718.28,평시 x1,1,1.0,92.19000000000001,25.158114857,4.241979267,14883258312.0,11552510968.0,2426647160.0,10.0,36.0,74.058872,28.995752,87.94209599999999,1.058,236977.0,288.0,,,,,,21.124291105,787.0,32.47,0.0,0.0,749543952.0,0.0,0.0,0.0,24.0,45.595127999999995,0.0,80.777136,0.025,,,,,,,,0.0,0.0,447.20000000000005,205.171951607,34.721601658,93540623504.0,66932644840.0,20227903152.0,10.0,34.0,106.738784,34.718648,83.557368,10.09,1393250.0,0.0,1393250.0,54.056332,0.0,,,81.047192742,2262.0,131.01000000000002,,,,,,,31.0,48.989824,22.386703999999998,77.743704,1.982,1393250.0,,,,,0.0,1393250.0,187.956782005,2235.0,392.4,357.7,413.9,323.5,69,57,67,64,1.153232,0.668648,1.290466,0.290875
1791341719.29,평시 x1,1,1.0,92.23,25.18039263,4.251144003,14896023104.0,11560299328.0,2430660016.0,10.0,36.0,86.641784,28.995752,87.94209599999999,1.058,237390.0,0.0,,,,,,21.16721312,789.0,32.47,0.0,0.0,750194848.0,0.0,0.0,0.0,24.0,45.595127999999995,0.0,80.777136,0.025,,,,,,,,0.0,0.0,447.24,205.198187731,34.722357971,93555938648.0,66946843920.0,20227925800.0,10.0,34.0,41.069016,27.241688,83.557368,10.093,1393252.0,347.0,1393252.0,54.056782,0.0,,,81.110239626,2263.0,131.02,,,,,,,31.0,50.038399999999996,22.386703999999998,77.743704,1.982,1393252.0,,,,,0.0,1393252.0,188.025737424,2236.0,392.4,357.7,413.9,323.5,69,57,67,64,1.153232,0.668648,1.290466,0.290875
1791341720.3,평시 x1,1,1.0,92.28,25.216880337,4.256805324,14920529800.0,11579733808.0,2434733384.0,10.0,36.0,49.379208,27.181672,87.94209599999999,1.06,237801.0,0.0,,,,,,21.206108939,791.0,32.480000000000004,0.0,0.0,750845744.0,0.0,0.0,0.0,24.0,46.643704,0.0,80.777136,0.025,,,,,,,,0.0,0.0,447.27000000000004,205.211339109,34.726853968,93569469240.0,66952109392.0,20233657232.0,10.0,34.0,53.651928,27.241688,83.557368,10.093,1393663.0,0.0,1393663.0,54.294002,0.0,,,81.13764717,2265.0,131.03,,,,,,,31.0,55.281279999999995,22.386703999999998,77.744472,1.982,1393663.0,,,,,0.0,1393663.0,188.05854402,2238.0,392.6,357.7,413.8,323.8,69,57,67,64,0.169952,0.169952,1.175834,1.176022
1791341721.3,평시 x1,1,1.0,92.33000000000001,25.251183739000002,4.262228885,14944979936.0,11599143064.0,2438803024.0,10.0,36.0,74.54503199999999,27.181672,87.94209599999999,1.06,238211.0,0.0,,,,,,21.250955644,792.0,32.49,0.0,0.0,751496688.0,0.0,0.0,0.0,24.0,47.69228,0.0,80.777136,0.025,,,,,,,,0.0,0.0,447.31,205.242147724,34.73060969,93596800440.0,66971438744.0,20239381472.0,10.0,34.0,80.91490399999999,27.241688,83.557368,10.093,1394073.0,0.0,1394073.0,54.531000999999996,0.0,,,81.147464575,2266.0,131.04000000000002,,,,,,,31.0,61.572736,22.386703999999998,77.744472,1.982,1394073.0,,,,,0.0,1394073.0,188.085502046,2239.0,392.6,357.7,413.8,323.8,69,57,67,64,0.169952,0.169952,1.175834,1.176022
1791341722.31,평시 x1,1,1.0,92.49000000000001,25.310964996,4.268005967,14985834512.0,11634910720.0,2442829480.0,10.0,36.0,56.265223999999996,27.181672,87.92174399999999,1.062,238621.0,403.0,,,,,,21.287862321,793.0,32.5,0.0,0.0,752147680.0,0.0,0.0,0.0,24.0,47.69228,0.0,80.77790399999999,0.025,,,,,,,,0.0,0.0,447.48,205.30253093599998,34.743124549,93650627192.0,67010030648.0,20250827552.0,10.0,34.0,62.233791999999994,27.241688,83.55122399999999,10.096,1394893.0,0.0,1394893.0,55.005004,0.0,,,81.171415953,2268.0,131.07000000000002,,,,,,,31.0,26.787488,22.386703999999998,77.7478,1.984,1394893.0,,,,,0.0,1394893.0,188.183262637,2241.0,389.9,357.7,390.4,322.8,69,57,67,64,0.956456,0.956456,0.929295,0.929404
1791341723.32,평시 x1,1,1.0,92.51,25.324304931,4.273330352,14993927952.0,11638006352.0,2446863496.0,10.0,36.0,64.653832,27.181672,87.92174399999999,1.062,239032.0,0.0,,,,,,21.322194274,795.0,32.5,0.0,0.0,752799264.0,0.0,0.0,0.0,24.0,48.740856,0.0,80.77790399999999,0.025,,,,,,,,0.0,0.0,447.53000000000003,205.339786266,34.745498991,93671316728.0,67027506296.0,20252405944.0,10.0,34.0,83.20531199999999,27.241688,83.55122399999999,10.096,1395006.0,131.0,1395006.0,55.069908,0.0,,,81.183851464,2270.0,131.09,,,,,,,31.0,27.836064,22.386703999999998,77.7478,1.984,1395006.0,,,,,0.0,1395006.0,188.209287139,2243.0,389.9,357.7,390.4,322.8,69,57,67,64,0.956456,0.956456,0.929295,0.929404
1791341724.33,평시 x1,1,1.0,92.59,25.364788759,4.279244617,15018373248.0,11657452640.0,2450863976.0,10.0,36.0,32.125935999999996,27.181672,87.92174399999999,1.065,239443.0,0.0,,,,,,21.361998513,797.0,32.510000000000005,0.0,0.0,753450192.0,0.0,0.0,0.0,24.0,49.789432,0.0,80.77790399999999,0.025,,,,,,,,0.0,0.0,447.59000000000003,205.373352346,34.74926796,93696303696.0,67046146464.0,20256576120.0,10.0,34.0,50.444759999999995,27.241688,83.552376,10.099,1395305.0,410.0,1395305.0,55.242464,0.0,,,81.197747045,2272.0,131.1,,,,,,,31.0,32.030367999999996,22.386703999999998,77.7478,1.984,1395305.0,,,,,0.0,1395305.0,188.233341915,2245.0,389.9,357.7,390.4,322.8,69,57,67,64,0.956456,0.956456,0.929295,0.929404
1791341725.34,평시 x1,1,1.0,92.63000000000001,25.397909986,4.283450673,15042751920.0,11676864960.0,2454858920.0,10.0,36.0,56.243184,27.181672,87.922512,1.065,239853.0,0.0,,,,,,21.386423245,798.0,32.52,0.0,0.0,754101184.0,0.0,0.0,0.0,24.0,49.789432,0.0,80.77790399999999,0.025,,,,,,,,0.0,0.0,447.61,205.38484773300002,34.752916574,93706974400.0,67048832056.0,20262300032.0,10.0,34.0,60.930519999999994,27.241688,83.552376,10.099,1395715.0,0.0,1395715.0,55.479447,0.0,,,81.206283717,2273.0,131.11,,,,,,,31.0,38.321824,22.386703999999998,77.7478,1.984,1395715.0,,,,,0.0,1395715.0,188.255177566,2246.0,389.8,357.9,391.9,323.9,69,57,67,64,0.483464,0.483464,0.6847,0.684826
1791341726.36,평시 x1,1,1.0,92.7,25.448038507,4.288813367,15083871728.0,11712990032.0,2458853808.0,10.0,36.0,40.20536,27.181672,87.922512,1.068,240263.0,410.0,,,,,,21.414059828,799.0,32.52,0.0,0.0,754753368.0,0.0,0.0,0.0,24.0,50.838007999999995,0.0,80.782896,0.025,,,,,,,,0.0,0.0,447.70000000000005,205.444341206,34.762540682,93760810128.0,67087425088.0,20273745920.0,10.0,34.0,57.20856,26.193112,83.552376,10.100999999999999,1396535.0,0.0,1396535.0,55.953443,0.0,,,81.230679385,2275.0,131.13,,,,,,,31.0,47.759007999999994,22.386703999999998,77.7478,1.984,1396535.0,,,,,0.0,1396535.0,188.308357742,2248.0,389.8,357.9,391.9,323.9,69,57,67,64,0.483464,0.483464,0.6847,0.684826
1791341727.37,평시 x1,1,1.0,92.75,25.483220004000003,4.294876642,15108243272.0,11732397552.0,2462846304.0,10.0,36.0,64.322608,27.181672,87.922512,1.068,240673.0,410.0,,,,,,21.445011951,800.0,32.53,0.0,0.0,755404400.0,0.0,0.0,0.0,24.0,50.838007999999995,0.0,80.782896,0.025,,,,,,,,0.0,0.0,447.75,205.48433138599998,34.762540682,93787818984.0,67112450168.0,20273745920.0,10.0,34.0,84.471536,26.193112,83.552376,10.100999999999999,1396945.0,0.0,1396945.0,56.190459999999995,0.0,,,81.230679385,2275.0,131.14000000000001,,,,,,,31.0,54.050464,22.386703999999998,77.7478,1.984,1396945.0,,,,,410.0,1396535.0,188.308357742,2248.0,389.8,357.9,391.9,323.9,69,57,67,64,0.483464,0.483464,0.6847,0.684826
1791341728.38,평시 x1,1,1.0,92.78,25.501943854,4.300980005,15118879048.0,11738051320.0,2466849632.0,10.0,36.0,74.808368,27.181672,87.92327999999999,1.068,241084.0,72.0,,,,,,21.48564702,802.0,32.53,0.0,0.0,756055536.0,0.0,0.0,0.0,24.0,51.886584,0.0,80.782896,0.025,,,,,,,,0.0,0.0,447.91,205.508545596,34.769431304,93806007256.0,67123524544.0,20279481656.0,10.0,34.0,46.422376,26.193112,83.552376,10.105,1396946.0,411.0,1396946.0,56.190684999999995,0.0,,,81.254177558,2277.0,131.16,,,,,,,31.0,59.293344,22.386703999999998,77.7478,1.984,1397357.0,,,,,411.0,1396946.0,188.379621395,2250.0,389.1,357.7,391.4,323.0,69,57,67,64,0.945448,0.945448,0.513551,0.513692
1791341729.39,평시 x1,1,1.0,92.93,25.534824957,4.306777384,15140517776.0,11754630544.0,2470862192.0,10.0,36.0,39.49104,27.181672,87.92072,1.07,241497.0,0.0,,,,,,21.517336778,804.0,32.53,0.0,0.0,756706384.0,0.0,0.0,0.0,24.0,52.935159999999996,0.0,80.782896,0.025,,,,,,,,0.0,0.0,447.96000000000004,205.53728730300003,34.773665791,93833663080.0,67142915144.0,20285235256.0,10.0,34.0,73.685352,26.193112,83.5566,10.105,1397359.0,410.0,1397359.0,56.428362,0.0,,,81.270319854,2279.0,131.17000000000002,,,,,,,31.0,60.341919999999995,22.386703999999998,77.751384,1.984,1397359.0,,,,,0.0,1397359.0,188.420612987,2252.0,389.1,357.7,391.4,323.0,69,57,67,64,0.945448,0.945448,0.513551,0.513692
1791341730.39,평시 x1,1,1.0,93.0,25.585727057,4.316841837,15188293152.0,11793413336.0,2478856240.0,10.0,36.0,31.179432,27.181672,87.921488,1.073,242318.0,0.0,,,,,,21.572390225,807.0,32.54,0.0,0.0,757357856.0,0.0,0.0,0.0,24.0,52.935159999999996,0.0,80.782896,0.025,,,,,,,,0.0,0.0,448.0,205.552921885,34.77837581,93846374672.0,67147315656.0,20290969568.0,10.0,34.0,27.608919999999998,26.193112,83.5566,10.107,1397770.0,41.0,1397770.0,56.665565,0.0,,,81.29531511,2281.0,131.19,,,,,,,31.0,66.633376,22.386703999999998,77.76124,1.984,1397770.0,,,,,0.0,1397770.0,188.457240473,2254.0,389.1,357.7,391.4,323.0,69,57,67,64,0.945448,0.945448,0.513551,0.513692
1791341731.41,평시 x1,1,1.0,93.05000000000001,25.623588544,4.316841837,15212556744.0,11816705600.0,2478856240.0,10.0,36.0,55.296679999999995,27.181672,87.926096,1.073,242728.0,0.0,,,,,,21.572390225,807.0,32.54,0.0,0.0,758008800.0,0.0,0.0,0.0,24.0,53.983736,0.0,80.786352,0.025,,,,,,,,0.0,0.0,448.09000000000003,205.616972215,34.788348166,93898591384.0,67184248768.0,20302415528.0,10.0,34.0,78.989144,26.193112,83.5566,10.107,1398590.0,0.0,1398590.0,57.139589,0.0,,,81.316810618,2283.0,131.23000000000002,,,,,,,31.0,30.795503999999998,22.372495999999998,77.76124,1.987,1398590.0,,,,,0.0,1398590.0,188.525780448,2256.0,389.5,358.2,392.5,323.8,69,57,67,64,0.8114,0.316656,0.320244,1.321799
1791341732.42,평시 x1,1,1.0,93.09,25.647731733,4.321666653,15230492920.0,11829601248.0,2482925928.0,10.0,36.0,74.171048,27.181672,88.56804799999999,1.073,242728.0,410.0,,,,,,21.607551377,808.0,32.550000000000004,0.0,0.0,758659712.0,0.0,0.0,0.0,24.0,53.983736,0.0,80.786352,0.025,,,,,,,,0.0,0.0,448.13000000000005,205.645200664,34.789249028,93917008344.0,67201160224.0,20302823968.0,10.0,34.0,37.189912,25.138344,83.5566,10.11,1398619.0,227.0,1398619.0,57.156316999999994,0.0,,,81.326603224,2284.0,131.24,,,,,,,31.0,31.844079999999998,22.372495999999998,77.76124,1.987,1398619.0,,,,,0.0,1398619.0,188.539347847,2257.0,389.5,358.2,392.5,323.8,69,57,67,64,0.8114,0.316656,0.320244,1.321799
1791341733.43,평시 x1,1,1.0,93.15,25.666027277,4.328801654,15243047640.0,11837074976.0,2487003864.0,10.0,36.0,28.609416,27.177272,88.00126399999999,1.075,243139.0,117.0,,,,,,21.65235058,810.0,32.550000000000004,0.0,0.0,759310656.0,0.0,0.0,0.0,24.0,55.032312,0.0,80.786352,0.025,,,,,,,,0.0,0.0,448.19000000000005,205.680803073,34.793705782,93943958528.0,67220362088.0,20308157208.0,10.0,34.0,63.404312,25.138344,83.562776,10.11,1399001.0,410.0,1399001.0,57.376843,0.0,,,81.349629363,2286.0,131.25,,,,,,,31.0,37.08696,22.372495999999998,77.76124,1.987,1399001.0,,,,,0.0,1399001.0,188.572019847,2259.0,388.5,357.4,391.9,322.7,69,57,67,64,1.022312,1.022312,1.022174,1.022283
1791341734.43,평시 x1,1,1.0,93.23,25.722440594,4.337538944,15286122064.0,11871125040.0,2495060968.0,10.0,36.0,72.649608,27.177272,88.00126399999999,1.075,243960.0,0.0,,,,,,21.708666842,813.0,32.56,0.0,0.0,759961504.0,0.0,0.0,0.0,24.0,56.080887999999995,0.0,80.786352,0.025,,,,,,,,0.0,0.0,448.47,205.719744235,34.802801663,93981537208.0,67242369472.0,20319612728.0,10.0,34.0,42.572055999999996,25.138344,83.62370399999999,10.113,1399822.0,0.0,1399822.0,57.851057,0.0,,,81.385638561,2289.0,131.27,,,,,,,31.0,47.57272,22.372495999999998,77.76124,1.987,1399822.0,,,,,0.0,1399822.0,188.636558707,2262.0,388.5,357.4,391.9,322.7,69,57,67,64,1.022312,1.022312,1.022174,1.022283
1791341735.43,평시 x1,1,1.0,93.34,25.746000557000002,4.34271123,15310585592.0,11890540672.0,2499055920.0,10.0,36.0,39.508088,27.177272,87.9996,1.078,244370.0,0.0,,,,,,21.734410403,814.0,32.56,0.0,0.0,760612464.0,0.0,0.0,0.0,24.0,56.080887999999995,0.0,80.786352,0.025,,,,,,,,0.0,0.0,448.51000000000005,205.749698642,34.807575737,94008862520.0,67261681776.0,20325336680.0,10.0,34.0,69.835032,25.138344,83.62370399999999,10.113,1400232.0,0.0,1400232.0,58.088046999999996,0.0,,,81.402429702,2290.0,131.29000000000002,,,,,,,31.0,52.815599999999996,22.372495999999998,77.76124,1.987,1400232.0,,,,,0.0,1400232.0,188.666729037,2263.0,388.5,357.4,391.9,322.7,69,57,67,64,1.022312,1.022312,1.022174,1.022283
1791341736.44,평시 x1,1,1.0,93.39,25.779586458,4.347409864,15335028136.0,11909941928.0,2503124808.0,10.0,36.0,63.625336,27.177272,87.9996,1.078,244780.0,0.0,,,,,,21.762763464,815.0,32.57,0.0,0.0,761264352.0,0.0,0.0,0.0,24.0,57.129464,0.0,80.788912,0.025,,,,,,,,0.0,0.0,448.55,205.77582185199998,34.807575737,94026314768.0,67278355984.0,20325336680.0,10.0,34.0,35.107256,25.138344,83.62370399999999,10.115,1400232.0,410.0,1400232.0,58.088046999999996,0.0,,,81.402429702,2290.0,131.3,,,,,,,31.0,59.107056,22.372495999999998,77.76124,1.987,1400642.0,,,,,410.0,1400232.0,188.666729037,2263.0,388.5,357.4,391.9,322.7,69,57,67,64,1.022312,1.022312,1.022174,1.022283
1791341737.45,평시 x1,1,1.0,93.45,25.816316729,4.347409864,15359304056.0,11933219272.0,2503124808.0,10.0,36.0,31.070216,27.177272,87.9996,1.082,245190.0,0.0,,,,,,21.762763464,815.0,32.580000000000005,0.0,0.0,761915240.0,0.0,0.0,0.0,24.0,58.178039999999996,0.0,80.788912,0.025,,,,,,,,0.0,0.0,448.62,205.827356592,34.811381133,94062364656.0,67306009808.0,20331060448.0,10.0,34.0,70.75883999999999,25.138344,83.62370399999999,10.115,1401052.0,0.0,1401052.0,58.562014,0.0,,,81.41485914,2291.0,131.31,,,,,,,31.0,64.349936,22.372495999999998,77.76124,1.987,1401052.0,,,,,410.0,1400642.0,188.695769443,2264.0,390.0,357.7,382.5,324.1,69,57,67,64,0.964712,0.964712,1.167147,1.167311
1791341738.47,평시 x1,1,1.0,93.49000000000001,25.84096748,4.359975861,15383978568.0,11948854360.0,2511193792.0,10.0,36.0,56.236039999999996,27.177272,87.9996,1.082,245601.0,0.0,,,,,,21.842808734,818.0,32.580000000000005,0.0,0.0,762566184.0,0.0,0.0,0.0,24.0,58.178039999999996,0.0,80.788912,0.025,,,,,,,,0.0,0.0,448.8,205.85660741200002,34.821612279,94091262192.0,67319795272.0,20342526600.0,10.0,34.0,45.491296,25.138344,83.685784,10.117,1401464.0,0.0,1401464.0,58.799467,0.0,,,81.469607583,2294.0,131.5,,,,,,,31.0,26.035287999999998,22.372495999999998,77.768424,1.989,1401464.0,,,,,0.0,1401464.0,188.808456809,2267.0,390.0,357.7,382.5,324.1,69,57,67,64,0.964712,0.964712,1.167147,1.167311
1791341739.48,평시 x1,1,1.0,93.53,25.866924234,4.365529747,15408446800.0,11968339304.0,2515205784.0,10.0,36.0,81.401864,27.177272,87.9996,1.082,246014.0,0.0,,,,,,21.873979901,820.0,32.59,0.0,0.0,763217032.0,0.0,0.0,0.0,24.0,59.226616,0.0,80.788912,0.025,,,,,,,,0.0,0.0,448.85,205.888419661,34.825969565,94118676336.0,67339190256.0,20348270296.0,10.0,34.0,73.802848,25.138344,83.685784,10.117,1401876.0,0.0,1401876.0,59.036904,0.0,,,81.480895214,2295.0,131.6,,,,,,,31.0,31.278167999999997,22.372495999999998,77.829608,1.989,1401876.0,,,,,0.0,1401876.0,188.835007071,2268.0,389.7,357.7,382.4,324.6,69,57,67,66,0.475312,0.475312,1.043665,1.043867
1791341740.48,평시 x1,1,1.0,93.57000000000001,25.891167925999998,4.370747036,15432972848.0,11987789840.0,2519282728.0,10.0,36.0,48.500504,27.177272,87.9996,1.084,246425.0,0.0,,,,,,21.908705426,822.0,32.59,0.0,0.0,763867976.0,0.0,0.0,0.0,24.0,59.226616,0.0,80.78967999999999,0.025,,,,,,,,0.0,0.0,448.98,205.917937557,34.831753703,94146425224.0,67358540504.0,20354005072.0,10.0,34.0,47.449383999999995,25.138344,83.623832,10.119,1402287.0,0.0,1402287.0,59.274111999999995,0.0,,,81.552438268,2297.0,131.61,,,,,,,31.0,36.521048,22.372495999999998,77.829608,1.989,1402287.0,,,,,0.0,1402287.0,188.918414971,2270.0,389.7,357.7,382.4,324.6,69,57,67,66,0.475312,0.475312,1.043665,1.043867
1791341741.5,평시 x1,1,1.0,93.61,25.916473142999997,4.375522655,15457445408.0,12007221352.0,2523352512.0,10.0,36.0,72.617752,27.177272,88.00369599999999,1.084,246835.0,0.0,,,,,,21.945437233,823.0,32.61,0.0,0.0,764518920.0,0.0,0.0,0.0,24.0,60.275192,0.0,80.790576,0.025,,,,,,,,0.0,0.0,449.04,205.95340128700002,34.836783522,94173641272.0,67377870512.0,20359729376.0,10.0,34.0,75.760936,25.138344,83.62523999999999,10.119,1402697.0,0.0,1402697.0,59.511117999999996,0.0,,,81.569384486,2298.0,131.63,,,,,,,31.0,41.763928,22.372495999999998,77.829608,1.989,1402697.0,,,,,0.0,1402697.0,188.992239414,2271.0,389.7,357.7,382.4,324.6,69,57,67,66,0.475312,0.475312,1.043665,1.043867
1791341742.51,평시 x1,1,1.0,93.74000000000001,25.946778912,4.3806411,15481905664.0,12026633536.0,2527347616.0,10.0,36.0,40.499207999999996,27.177272,87.996528,1.087,247245.0,0.0,,,,,,21.97261117,824.0,32.620000000000005,0.0,0.0,765200352.0,0.0,0.0,0.0,24.0,26.712135999999997,0.0,80.794344,0.027,,,,,,,,0.0,0.0,449.08000000000004,205.97873982800002,34.841679273,94201010952.0,67397193568.0,20365450816.0,10.0,34.0,49.471551999999996,25.138344,83.62523999999999,10.121,1403107.0,0.0,1403107.0,59.748113999999994,0.0,,,81.581923736,2299.0,131.65,,,,,,,31.0,48.055384,22.372495999999998,77.829608,1.989,1403107.0,,,,,0.0,1403107.0,189.02363073,2272.0,388.8,358.5,382.8,325.0,69,57,67,66,0.81932,0.81932,0.785596,0.785732
1791341743.52,평시 x1,1,1.0,93.78,25.977260795,4.385538242,15506272304.0,12046036456.0,2531339872.0,10.0,36.0,64.616456,27.177272,87.996528,1.087,247655.0,1.0,,,,,,21.99947388,825.0,32.620000000000005,0.0,0.0,765851288.0,0.0,0.0,0.0,24.0,27.760711999999998,0.0,80.794344,0.027,,,,,,,,0.0,0.0,449.14000000000004,206.016297579,34.84722165,94228593448.0,67416547888.0,20371187872.0,10.0,34.0,76.734528,25.138344,83.62523999999999,10.124,1403518.0,0.0,1403518.0,59.985338,0.0,,,81.605534265,2301.0,131.66,,,,,,,31.0,53.298263999999996,22.372495999999998,77.829608,1.989,1403518.0,,,,,0.0,1403518.0,189.060557093,2274.0,388.8,358.5,382.8,325.0,69,57,67,66,0.81932,0.81932,0.785596,0.785732
1791341744.52,평시 x1,1,1.0,93.84,26.00815131,4.390136767,15528278872.0,12064398376.0,2533985880.0,10.0,36.0,30.020671999999998,27.177272,87.996528,1.091,247895.0,0.0,,,,,,22.028115149,828.0,32.63,0.0,0.0,766502208.0,0.0,0.0,0.0,24.0,27.760711999999998,0.0,80.794344,0.027,,,,,,,,0.0,0.0,449.18,206.04592073999999,34.851764864,94256282240.0,67435922568.0,20376922584.0,10.0,34.0,51.561128,25.171367999999998,83.62523999999999,10.124,1403929.0,0.0,1403929.0,60.222555,0.0,,,81.619860504,2303.0,131.67000000000002,,,,,,,31.0,59.58972,22.372495999999998,77.829608,1.989,1403929.0,,,,,0.0,1403929.0,189.087917778,2276.0,388.8,358.5,382.8,325.0,69,57,67,66,0.81932,0.81932,0.785596,0.785732
1791341745.53,평시 x1,1,1.0,93.87,26.036048674,4.39157377,15548505056.0,12082283632.0,2535355528.0,10.0,36.0,50.992191999999996,27.177272,87.996528,1.091,248067.0,410.0,,,,,,22.03137289,829.0,32.63,0.0,0.0,767153200.0,0.0,0.0,0.0,24.0,28.809288,0.0,80.794344,0.027,,,,,,,,0.0,0.0,449.20000000000005,206.064967254,34.851764864,94273703056.0,67452592000.0,20376922584.0,10.0,34.0,69.38692,25.171367999999998,83.62523999999999,10.124,1403929.0,410.0,1403929.0,60.222555,0.0,,,81.619860504,2303.0,131.68,,,,,,,31.0,60.638296,22.372495999999998,77.829608,1.989,1403929.0,,,,,0.0,1403929.0,189.087917778,2276.0,388.9,357.4,382.0,323.5,69,57,67,64,0.482296,0.482296,1.012601,1.012732
1791341746.54,평시 x1,1,1.0,93.92,26.07171748,4.396166563,15572882880.0,12101694360.0,2539350192.0,10.0,36.0,75.10943999999999,27.177272,87.996528,1.091,248477.0,410.0,,,,,,22.0619787,830.0,32.63,0.0,0.0,767805088.0,0.0,0.0,0.0,24.0,29.857864,0.0,80.794344,0.027,,,,,,,,0.0,0.0,449.36,206.096387213,34.862292239,94310938640.0,67474533944.0,20388367632.0,10.0,34.0,54.839031999999996,24.124855999999998,83.60155999999999,10.126999999999999,1404749.0,0.0,1404749.0,60.696528,0.0,,,81.648761545,2305.0,131.71,,,,,,,31.0,25.161008,22.372495999999998,77.829608,1.991,1404749.0,,,,,0.0,1404749.0,189.144195795,2278.0,388.9,357.4,382.0,323.5,69,57,67,64,0.482296,0.482296,1.012601,1.012732
1791341747.54,평시 x1,1,1.0,94.02000000000001,26.104367068000002,4.405509721,15603967904.0,12123719488.0,2547411568.0,10.0,36.0,48.453688,27.177272,88.011376,1.094,249297.0,0.0,,,,,,22.118978032,832.0,32.64,0.0,0.0,768455984.0,0.0,0.0,0.0,24.0,29.857864,0.0,80.794344,0.027,,,,,,,,0.0,0.0,449.45000000000005,206.123347268,34.86724106,94338273680.0,67493876752.0,20394092000.0,10.0,34.0,31.220936,24.124855999999998,83.61640799999999,10.129999999999999,1405159.0,0.0,1405159.0,60.933527999999995,0.0,,,81.684743104,2306.0,131.72,,,,,,,31.0,30.403888,22.372495999999998,77.830888,1.991,1405159.0,,,,,0.0,1405159.0,189.186873073,2279.0,388.9,357.4,382.0,323.5,69,57,67,64,0.482296,0.482296,1.012601,1.012732
1791341748.55,평시 x1,1,1.0,94.07000000000001,26.144541227,4.406107536,15628382816.0,12147152568.0,2547422136.0,10.0,36.0,72.570936,27.177272,88.011376,1.094,249708.0,0.0,,,,,,22.138604785,833.0,32.64,0.0,0.0,769106896.0,0.0,0.0,0.0,24.0,30.90644,0.0,80.794344,0.027,,,,,,,,0.0,0.0,449.52000000000004,206.15762099699998,34.872531349,94365998664.0,67513347048.0,20399826616.0,10.0,34.0,59.532488,24.124855999999998,84.23117599999999,10.129999999999999,1405570.0,1.0,1405570.0,61.170745,0.0,,,81.727967253,2308.0,131.76000000000002,,,,,,,30.0,35.646768,22.372495999999998,77.84343199999999,1.991,1405570.0,,,,,0.0,1405570.0,189.255665406,2281.0,389.6,358.0,382.8,325.6,69,57,67,64,1.070352,1.070352,0.81087,0.811011
1791341749.57,평시 x1,1,1.0,94.23,26.176835802,4.411810791,15652946592.0,12166591280.0,2551495512.0,10.0,36.0,39.447496,27.177272,88.00919999999999,1.096,250121.0,0.0,,,,,,22.177636823,835.0,32.65,0.0,0.0,769757744.0,0.0,0.0,0.0,24.0,31.955015999999997,0.0,80.794344,0.027,,,,,,,,0.0,0.0,449.58000000000004,206.197600079,34.876629557,94393773688.0,67532757456.0,20405581408.0,10.0,34.0,32.963816,23.345512,84.232584,10.133,1405983.0,0.0,1405983.0,61.408429,0.0,,,81.749333192,2310.0,131.77,,,,,,,30.0,41.938224,22.372495999999998,77.84343199999999,1.991,1405983.0,,,,,0.0,1405983.0,189.286964147,2283.0,389.6,358.0,382.8,325.6,69,57,67,64,1.070352,1.070352,0.81087,0.811011
1791341750.57,평시 x1,1,1.0,94.26,26.202437133000004,4.417004723,15670924184.0,12179585496.0,2555508720.0,10.0,36.0,57.273288,27.177272,88.00919999999999,1.096,250122.0,410.0,,,,,,22.205435272,837.0,32.660000000000004,0.0,0.0,770408736.0,0.0,0.0,0.0,24.0,31.955015999999997,0.0,80.794344,0.027,,,,,,,,0.0,0.0,449.64000000000004,206.24192501599998,34.883249924,94421408632.0,67552119144.0,20411316048.0,10.0,34.0,61.275368,23.345512,84.232584,10.133,1406394.0,0.0,1406394.0,61.645647,0.0,,,81.766709819,2312.0,131.8,,,,,,,30.0,47.181104,22.372495999999998,77.84880799999999,1.991,1406394.0,,,,,0.0,1406394.0,189.339652735,2285.0,389.6,358.0,382.8,325.6,69,57,67,64,1.070352,1.070352,0.81087,0.811011
1791341751.58,평시 x1,1,1.0,94.37,26.239319514,4.429773318,15702076952.0,12201610672.0,2563637792.0,10.0,36.0,32.959103999999996,27.177272,88.027248,1.098,250942.0,0.0,,,,,,22.284383066,839.0,32.660000000000004,0.0,0.0,771059648.0,0.0,0.0,0.0,24.0,33.003592,0.0,80.79613599999999,0.027,,,,,,,,0.0,0.0,449.78000000000003,206.276265897,34.887709294,94448828624.0,67571449440.0,20417037856.0,10.0,34.0,37.955543999999996,23.345512,83.654152,10.136,1406804.0,0.0,1406804.0,61.882653,0.0,,,81.776753691,2313.0,131.81,,,,,,,30.0,53.472559999999994,22.372495999999998,77.84880799999999,1.991,1406804.0,,,,,0.0,1406804.0,189.371730678,2286.0,389.7,357.7,383.9,325.3,69,57,68,63,0.482136,0.482136,0.664489,0.664638
1791341752.58,평시 x1,1,1.0,94.41000000000001,26.275958395,4.434347445,15726535232.0,12221035040.0,2567699888.0,10.0,36.0,56.027775999999996,27.177272,88.027248,1.098,251352.0,0.0,,,,,,22.317606545,840.0,32.67,0.0,0.0,771710616.0,0.0,0.0,0.0,24.0,33.003592,0.0,80.79613599999999,0.027,,,,,,,,0.0,0.0,449.81,206.305594839,34.892819215,94476110928.0,67590762728.0,20422761504.0,10.0,34.0,64.169944,23.345512,83.6562,10.136,1407214.0,0.0,1407214.0,62.119626,0.0,,,81.78749565,2314.0,131.82000000000002,,,,,,,30.0,58.715439999999994,22.372495999999998,77.84880799999999,1.991,1407214.0,,,,,0.0,1407214.0,189.410400316,2287.0,389.7,357.7,383.9,325.3,69,57,68,63,0.482136,0.482136,0.664489,0.664638
1791341753.59,평시 x1,1,1.0,94.46000000000001,26.307901337,4.440310076,15750981512.0,12240440440.0,2571769512.0,10.0,36.0,81.19359999999999,27.177272,88.027248,1.098,251762.0,0.0,,,,,,22.358436505,841.0,32.67,0.0,0.0,772361608.0,0.0,0.0,0.0,24.0,33.003592,0.0,80.796904,0.027,,,,,,,,0.0,0.0,449.86,206.336139192,34.897461254,94503504000.0,67610127248.0,20428496856.0,10.0,34.0,41.796744,23.345512,83.6562,10.138,1407625.0,0.0,1407625.0,62.356854,0.0,,,81.819647494,2315.0,131.83,,,,,,,30.0,65.006896,22.372495999999998,77.84880799999999,1.991,1407625.0,,,,,0.0,1407625.0,189.446017973,2288.0,389.7,357.7,383.9,325.3,69,57,68,63,0.482136,0.482136,0.664489,0.664638
1791341754.61,평시 x1,1,1.0,94.51,26.339807185,4.440799785,15775383776.0,12263828616.0,2571784864.0,10.0,36.0,48.41332,27.185527999999998,88.034928,1.101,252174.0,0.0,,,,,,22.363438944,843.0,32.68,0.0,0.0,773012536.0,0.0,0.0,0.0,24.0,34.052168,0.0,80.796904,0.027,,,,,,,,0.0,0.0,449.91,206.360585904,34.902911846,94531190272.0,67629510584.0,20434231112.0,10.0,34.0,70.108296,23.345512,83.66183199999999,10.138,1408036.0,0.0,1408036.0,62.594058,0.0,,,81.836831041,2317.0,131.86,,,,,,,30.0,25.078024,22.215968,77.84880799999999,1.994,1408036.0,,,,,0.0,1408036.0,189.481112021,2290.0,389.8,357.7,376.2,324.2,69,57,67,63,0.815624,0.310568,0.37936,0.379542
1791341755.61,평시 x1,1,1.0,94.56,26.361939851000002,4.448839675,15799837584.0,12279325232.0,2579771840.0,10.0,36.0,73.579144,27.185527999999998,88.043632,1.101,252584.0,0.0,,,,,,22.412036379,845.0,32.68,0.0,0.0,773663528.0,0.0,0.0,0.0,24.0,34.052168,0.0,80.796904,0.027,,,,,,,,0.0,0.0,449.98,206.384624626,34.906656491,94558558472.0,67648826800.0,20439952584.0,10.0,34.0,47.614695999999995,23.2894,83.67911199999999,10.14,1408446.0,0.0,1408446.0,62.83105,0.0,,,81.853867961,2318.0,131.87,,,,,,,30.0,30.320904,22.215968,77.84880799999999,1.994,1408446.0,,,,,0.0,1408446.0,189.504794368,2291.0,389.8,357.7,376.2,324.2,69,57,67,63,0.815624,0.310568,0.37936,0.379542
1791341756.62,평시 x1,1,1.0,94.74000000000001,26.401433229000002,4.457780551,15824312520.0,12298750760.0,2583767368.0,10.0,36.0,40.493584,27.185527999999998,88.050248,1.105,252994.0,0.0,,,,,,22.445231334,846.0,32.690000000000005,0.0,0.0,774315488.0,0.0,0.0,0.0,24.0,35.100744,0.0,80.800704,0.027,,,,,,,,0.0,0.0,450.14000000000004,206.426545085,34.913294427,94585952192.0,67668148800.0,20445677016.0,10.0,34.0,28.696744,23.2894,83.666696,10.143,1408856.0,0.0,1408856.0,63.068051999999994,0.0,,,81.871680368,2319.0,131.89000000000001,,,,,,,30.0,35.563784,22.215968,77.84880799999999,1.994,1408856.0,,,,,0.0,1408856.0,189.537915903,2292.0,390.1,358.0,377.0,324.6,69,57,67,63,0.974232,0.974232,1.064362,1.064522
1791341757.63,평시 x1,1,1.0,94.79,26.432952406,4.462362843,15848767088.0,12318162760.0,2587836928.0,10.0,36.0,65.659408,27.185527999999998,88.050248,1.105,253404.0,0.0,,,,,,22.474920732,847.0,32.690000000000005,0.0,0.0,774966616.0,0.0,0.0,0.0,24.0,35.100744,0.0,80.800704,0.027,,,,,,,,0.0,0.0,450.18,206.460260627,34.91810557,94613259120.0,67687484160.0,20451401280.0,10.0,34.0,55.95972,23.2894,83.667464,10.143,1409266.0,0.0,1409266.0,63.305046,0.0,,,81.905143915,2320.0,131.91,,,,,,,30.0,41.855239999999995,22.215968,77.856488,1.994,1409266.0,,,,,0.0,1409266.0,189.583963483,2293.0,390.1,358.0,377.0,324.6,69,57,67,63,0.974232,0.974232,1.064362,1.064522
1791341758.63,평시 x1,1,1.0,94.84,26.460546212,4.467413695,15873308392.0,12337628944.0,2591914064.0,10.0,36.0,33.87816,27.185527999999998,88.05152799999999,1.108,253815.0,1.0,,,,,,22.503213323,849.0,32.7,0.0,0.0,775617608.0,0.0,0.0,0.0,24.0,36.149319999999996,0.0,80.807232,0.027,,,,,,,,0.0,0.0,450.24,206.48579931999998,34.922082958,94640944664.0,67706872736.0,20457136336.0,10.0,34.0,35.830999999999996,23.2894,83.667464,10.146,1409677.0,1.0,1409677.0,63.542286,0.0,,,81.926784197,2322.0,131.93,,,,,,,30.0,47.098119999999994,22.215968,77.856488,1.994,1409677.0,,,,,0.0,1409677.0,189.62022203,2295.0,390.1,358.0,377.0,324.6,69,57,67,63,0.974232,0.974232,1.064362,1.064522
1791341759.65,평시 x1,1,1.0,94.91000000000001,26.507714095,4.472698123,15897789576.0,12357125992.0,2595926920.0,10.0,36.0,57.995408,27.185527999999998,88.0578,1.108,254228.0,0.0,,,,,,22.531839522,851.0,32.71,0.0,0.0,776268600.0,0.0,0.0,0.0,24.0,37.197896,0.0,80.807232,0.027,,,,,,,,0.0,0.0,450.29,206.519817888,34.927104636,94668985736.0,67726277224.0,20462890560.0,10.0,34.0,64.142552,23.2894,83.667464,10.146,1410090.0,0.0,1410090.0,63.779956999999996,0.0,,,81.967062248,2325.0,131.94,,,,,,,30.0,52.341,22.215968,77.856488,1.994,1410090.0,,,,,0.0,1410090.0,189.679023844,2298.0,388.7,357.5,376.5,323.5,69,57,67,63,0.483032,0.483032,1.145034,1.14519
1791341760.66,평시 x1,1,1.0,94.95,26.532585642,4.476927095,15922163336.0,12376531496.0,2599923944.0,10.0,36.0,82.112656,27.185527999999998,88.06535199999999,1.108,254639.0,0.0,,,,,,22.554124507,852.0,32.72,0.0,0.0,776919640.0,0.0,0.0,0.0,24.0,37.197896,0.0,80.81388799999999,0.027,,,,,,,,0.0,0.0,450.34000000000003,206.546736528,34.930845286,94696378408.0,67745603248.0,20468621696.0,10.0,34.0,41.062312,22.63508,83.668232,10.149000000000001,1410501.0,0.0,1410501.0,64.017164,0.0,,,81.976596327,2326.0,131.96,,,,,,,30.0,58.632456,22.215968,77.856488,1.994,1410501.0,,,,,0.0,1410501.0,189.701810072,2299.0,388.7,357.5,376.5,323.5,69,57,67,63,0.483032,0.483032,1.145034,1.14519
1791341761.67,평시 x1,1,1.0,94.99000000000001,26.563275271,4.480363304,15946591320.0,12395962296.0,2603919152.0,10.0,36.0,48.327144,27.177543999999997,88.06535199999999,1.11,255049.0,0.0,,,,,,22.57400507,853.0,32.730000000000004,0.0,0.0,777570584.0,0.0,0.0,0.0,24.0,38.246472,0.0,80.816704,0.027,,,,,,,,0.0,0.0,450.39000000000004,206.58074724,34.934163724,94723698504.0,67764963968.0,20474346056.0,10.0,34.0,68.325288,22.63508,83.668232,10.149000000000001,1410911.0,0.0,1410911.0,64.25417,0.0,,,81.991622665,2327.0,131.97,,,,,,,30.0,63.875336,22.215968,77.856488,1.994,1410911.0,,,,,0.0,1410911.0,189.725698721,2300.0,388.7,357.5,376.5,323.5,69,57,67,63,0.483032,0.483032,1.145034,1.14519
1791341762.68,평시 x1,1,1.0,95.04,26.593942118,4.485406846,15970975464.0,12415378992.0,2607914656.0,10.0,36.0,72.444392,27.177543999999997,88.06535199999999,1.11,255459.0,0.0,,,,,,22.601252746,854.0,32.74,0.0,0.0,778221576.0,0.0,0.0,0.0,24.0,39.295048,0.0,80.816704,0.027,,,,,,,,0.0,0.0,450.55,206.628766432,34.938877905,94751090856.0,67784297704.0,20480070624.0,10.0,34.0,46.971303999999996,22.63508,83.642248,10.152000000000001,1411321.0,0.0,1411321.0,64.491176,0.0,,,82.022935921,2328.0,132.07000000000002,,,,,,,30.0,25.181335999999998,22.215968,77.851368,1.997,1411321.0,,,,,0.0,1411321.0,189.763757958,2301.0,389.3,358.0,376.7,324.3,69,57,67,63,0.794872,0.794872,0.883627,0.883769
1791341763.69,평시 x1,1,1.0,95.26,26.676725753,4.497266898,16021518064.0,12456281496.0,2616443928.0,10.0,36.0,67.667608,27.177543999999997,88.04115999999999,1.113,256279.0,0.0,,,,,,22.65742056,855.0,32.74,0.0,0.0,778872584.0,0.0,0.0,0.0,24.0,39.295048,0.0,80.816704,0.027,,,,,,,,0.0,0.0,450.66,206.70521095499998,34.953529838,94808897072.0,67825047008.0,20492211832.0,10.0,34.0,59.67772,22.63508,83.642248,10.155000000000001,1412142.0,0.0,1412142.0,65.004059,0.0,,,82.054042064,2330.0,132.1,,,,,,,30.0,34.61852,22.215968,77.851368,1.997,1412142.0,,,,,0.0,1412142.0,189.847013758,2303.0,389.3,358.0,376.7,324.3,69,57,67,63,0.794872,0.794872,0.883627,0.883769
1791341764.7,평시 x1,1,1.0,96.36,27.202072053,4.590983127,16355398840.0,12729087672.0,2676251296.0,10.0,36.0,86.88285599999999,27.178088,88.03412,1.161,261611.0,0.0,,,,,,23.092620483,858.0,32.75,0.0,0.0,779523352.0,0.0,0.0,0.0,24.0,40.343624,0.0,80.816704,0.027,,,,,,,,0.0,0.0,451.99,207.270557573,35.064305201,95198037864.0,68096819456.0,20580172264.0,10.0,34.0,60.749855999999994,45.312376,83.639944,10.217,1417473.0,0.0,1417473.0,0.43049499999999996,0.0,,,82.247497027,2334.0,132.25,,,,,,,30.0,69.76956,22.215968,77.858024,2.005,1417473.0,,,,,0.0,1417473.0,190.253425037,2307.0,389.3,358.0,376.7,324.3,69,57,67,63,0.794872,0.794872,0.883627,0.883769
1791341765.7,평시 x1,1,1.0,96.41000000000001,27.234268385,4.595187096,16379868856.0,12748530240.0,2680277760.0,10.0,36.0,62.747944,42.24644,88.03412,1.163,262021.0,0.0,,,,,,23.11662461,859.0,32.75,0.0,0.0,780174344.0,0.0,0.0,0.0,24.0,40.343624,0.0,80.816704,0.027,,,,,,,,0.0,0.0,452.08000000000004,207.299379819,35.067963096,95225319672.0,68116150008.0,20585893656.0,10.0,34.0,88.012832,45.312376,83.66631199999999,10.217,1417883.0,0.0,1417883.0,0.667485,0.0,,,82.268358408,2335.0,132.28,,,,,,,30.0,28.988016,25.363992,77.858024,2.008,1417883.0,,,,,0.0,1417883.0,190.283685801,2308.0,393.3,357.5,400.2,327.4,69,57,67,63,2.607544,2.607544,0.700734,0.700876
1791341766.7,평시 x1,1,1.0,96.48,27.262177568000002,4.599665229,16404249088.0,12767942728.0,2684272824.0,10.0,36.0,86.865192,42.24644,88.098096,1.163,262431.0,0.0,,,,,,23.139326428,860.0,32.760000000000005,0.0,0.0,780826632.0,0.0,0.0,0.0,24.0,41.392199999999995,0.0,80.86568,0.027,,,,,,,,0.0,0.0,452.14000000000004,207.328654215,35.073547274,95252638512.0,68135470944.0,20591617904.0,10.0,34.0,56.753088,40.040768,83.66772,10.22,1418293.0,0.0,1418293.0,0.904493,0.0,,,82.281364332,2336.0,132.29000000000002,,,,,,,30.0,33.18232,25.363992,77.858024,2.008,1418293.0,,,,,0.0,1418293.0,190.306373282,2309.0,393.3,357.5,400.2,327.4,69,57,67,63,2.607544,2.607544,0.700734,0.700876
1791341767.71,평시 x1,1,1.0,96.63000000000001,27.304031747,4.604665815,16428693016.0,12787342040.0,2688264552.0,10.0,36.0,64.552232,42.24644,88.087344,1.166,262841.0,0.0,,,,,,23.185674685,861.0,32.760000000000005,0.0,0.0,781477624.0,0.0,0.0,0.0,24.0,42.440776,0.0,80.86568,0.027,,,,,,,,0.0,0.0,452.19000000000005,207.36171142499998,35.079606049,95279946072.0,68154791696.0,20597341872.0,10.0,34.0,84.016064,40.040768,83.66772,10.22,1418703.0,0.0,1418703.0,1.141483,0.0,,,82.324609761,2337.0,132.31,,,,,,,30.0,39.473776,25.363992,77.858024,2.008,1418703.0,,,,,0.0,1418703.0,190.363376752,2310.0,393.3,357.5,400.2,327.4,69,57,67,63,2.607544,2.607544,0.700734,0.700876
1791341768.73,평시 x1,1,1.0,96.67,27.333256467,4.608891052,16453093056.0,12806771904.0,2692263560.0,10.0,36.0,88.66948,42.24644,88.087344,1.166,263252.0,0.0,,,,,,23.211531527,862.0,32.77,0.0,0.0,782128472.0,0.0,0.0,0.0,24.0,42.440776,0.0,80.86568,0.027,,,,,,,,0.0,0.0,452.32000000000005,207.39272841,35.083824668,95307400320.0,68174146936.0,20603075176.0,10.0,34.0,50.238775999999994,37.68204,83.678984,10.222,1419114.0,0.0,1419114.0,1.378682,0.0,,,82.334443795,2338.0,132.31,,,,,,,30.0,44.716656,25.363992,77.858024,2.008,1419114.0,,,,,0.0,1419114.0,190.389154379,2311.0,392.6,357.5,384.4,327.3,69,57,67,63,1.172296,1.172296,0.444578,0.444737
1791341769.73,평시 x1,1,1.0,96.74000000000001,27.370841302000002,4.614155705,16477632720.0,12826298376.0,2696278400.0,10.0,36.0,64.475976,42.24644,88.087344,1.17,263665.0,0.0,,,,,,23.240325975,865.0,32.78,0.0,0.0,782779536.0,0.0,0.0,0.0,24.0,43.489352,0.0,80.867088,0.027,,,,,,,,0.0,0.0,452.44000000000005,207.42878881899998,35.089062774,95335431352.0,68193583448.0,20608829128.0,10.0,34.0,78.550328,37.68204,83.71175199999999,10.222,1419527.0,0.0,1419527.0,1.616358,0.0,,,82.362873613,2341.0,132.33,,,,,,,30.0,51.008112,25.363992,77.85892,2.008,1419527.0,,,,,0.0,1419527.0,190.43122844,2314.0,392.6,357.5,384.4,327.3,69,57,67,63,1.172296,1.172296,0.444578,0.444737
1791341770.74,평시 x1,1,1.0,96.78,27.405966050999996,4.620084109,16502071392.0,12845765224.0,2700278960.0,10.0,36.0,88.59322399999999,42.24644,88.08849599999999,1.17,264076.0,0.0,,,,,,23.269570492,866.0,32.78,0.0,0.0,783430576.0,0.0,0.0,0.0,24.0,44.537928,0.0,80.86887999999999,0.027,,,,,,,,0.0,0.0,452.5,207.465389295,35.093410968,95362779744.0,68212939288.0,20614560776.0,10.0,34.0,45.52476,37.68204,83.71175199999999,10.224,1419938.0,0.0,1419938.0,1.853597,0.0,,,82.46892735,2342.0,132.35,,,,,,,30.0,56.250992,25.363992,77.86211999999999,2.008,1419938.0,,,,,0.0,1419938.0,190.459364402,2315.0,392.7,358.0,384.5,328.2,69,57,67,63,0.255216,0.679592,0.356005,0.356151
1791341771.76,평시 x1,1,1.0,96.84,27.437872153,4.62538002,16526493808.0,12865165800.0,2704301984.0,10.0,36.0,52.975111999999996,31.789576,88.08849599999999,1.173,264486.0,0.0,,,,,,23.300257321,867.0,32.79,0.0,0.0,784081472.0,0.0,0.0,0.0,24.0,44.537928,0.0,80.86887999999999,0.027,,,,,,,,0.0,0.0,452.55,207.50131747299997,35.098783087,95390069976.0,68232254176.0,20620284712.0,10.0,34.0,73.83631199999999,37.68204,83.71175199999999,10.224,1420348.0,0.0,1420348.0,2.090579,0.0,,,82.499720706,2343.0,132.36,,,,,,,30.0,61.493871999999996,25.363992,77.864296,2.008,1420348.0,,,,,0.0,1420348.0,190.487732663,2316.0,392.7,358.0,384.5,328.2,69,57,67,63,0.255216,0.679592,0.356005,0.356151
1791341772.77,평시 x1,1,1.0,96.87,27.460602567000002,4.630251768,16550884968.0,12884559488.0,2708328224.0,10.0,36.0,77.09236,31.789576,88.09195199999999,1.173,264896.0,0.0,,,,,,23.336154801,868.0,32.79,0.0,0.0,784732528.0,0.0,0.0,0.0,24.0,45.586504,0.0,80.870544,0.027,,,,,,,,0.0,0.0,452.6,207.53466982999998,35.102302725,95417430920.0,68251585144.0,20626008856.0,10.0,34.0,101.099288,37.68204,83.71175199999999,10.224,1420758.0,0.0,1420758.0,2.327573,0.0,,,82.509278989,2344.0,132.38,,,,,,,30.0,67.78532799999999,25.363992,77.86916,2.008,1420758.0,,,,,0.0,1420758.0,190.513121103,2317.0,392.7,358.0,384.5,328.2,69,57,67,63,0.255216,0.679592,0.356005,0.356151
1791341773.77,평시 x1,1,1.0,96.93,27.493833331999998,4.635739497,16575365656.0,12903971544.0,2712398072.0,10.0,36.0,41.060552,29.694488,88.093104,1.176,265306.0,0.0,,,,,,23.370115461,869.0,32.800000000000004,0.0,0.0,785383424.0,0.0,0.0,0.0,24.0,46.635079999999995,0.0,80.874128,0.027,,,,,,,,0.0,0.0,452.66,207.567359409,35.106403415,95444824368.0,68270938720.0,20631730544.0,10.0,34.0,53.713072,27.296176,83.716872,10.227,1421168.0,2.0,1421168.0,2.564578,0.0,,,82.523483779,2345.0,132.48000000000002,,,,,,,30.0,27.675159999999998,24.315416,77.830888,2.011,1421169.0,,,,,0.0,1421169.0,190.563121845,2319.0,392.7,358.6,385.3,328.4,69,57,67,63,1.0616,1.0616,1.159287,1.159432
1791341774.77,평시 x1,1,1.0,96.98,27.525612499,4.640703354,16599922192.0,12923473904.0,2716480968.0,10.0,36.0,66.226376,29.694488,88.09630399999999,1.176,265718.0,0.0,,,,,,23.400709456,871.0,32.81,0.0,0.0,786034672.0,0.0,0.0,0.0,24.0,46.635079999999995,0.0,80.87848,0.027,,,,,,,,0.0,0.0,452.71000000000004,207.604990861,35.110984693,95472875440.0,68290321888.0,20637476400.0,10.0,34.0,80.97604799999999,27.296176,83.720072,10.227,1421580.0,0.0,1421580.0,2.802035,0.0,,,82.553948172,2348.0,132.59,,,,,,,32.0,32.91804,24.315416,77.880624,2.011,1421580.0,,,,,0.0,1421580.0,190.598372363,2321.0,392.7,358.6,385.3,328.4,69,57,67,63,1.0616,1.0616,1.159287,1.159432
1791341775.79,평시 x1,1,1.0,97.05000000000001,27.560090696,4.646147619,16624292496.0,12942876832.0,2720472752.0,10.0,36.0,29.921415999999997,29.694488,88.10104,1.18,266128.0,0.0,,,,,,23.428055363,872.0,32.81,0.0,0.0,786685608.0,0.0,0.0,0.0,24.0,47.683656,0.0,80.87848,0.027,,,,,,,,0.0,0.0,452.88000000000005,207.642459586,35.116223372,95500234024.0,68309641432.0,20643200272.0,10.0,34.0,42.697967999999996,27.296176,83.710088,10.231,1421990.0,0.0,1421990.0,3.03902,0.0,,,82.566117688,2349.0,133.37,,,,,,,32.0,39.209496,24.315416,78.16904,2.011,1421990.0,,,,,0.0,1421990.0,190.657413526,2322.0,392.7,358.6,385.3,328.4,69,57,67,63,1.0616,1.0616,1.159287,1.159432
1791341776.79,평시 x1,1,1.0,97.2,27.596951516,4.650621282,16648729456.0,12962269896.0,2724467104.0,10.0,36.0,55.087239999999994,29.694488,88.091312,1.18,266538.0,0.0,,,,,,23.451015851,873.0,32.82,0.0,0.0,787337528.0,0.0,0.0,0.0,24.0,48.732231999999996,0.0,80.87848,0.027,,,,,,,,0.0,0.0,452.92,207.669679512,35.119839132,95527532304.0,68328962464.0,20648923968.0,10.0,34.0,71.00952,27.296176,83.71085599999999,10.231,1422400.0,0.0,1422400.0,3.275998,0.0,,,82.575292741,2350.0,133.39000000000001,,,,,,,32.0,44.452376,24.315416,78.242896,2.011,1422400.0,,,,,0.0,1422400.0,190.679319962,2323.0,392.8,357.5,371.5,354.3,69,57,67,68,0.804024,0.804024,0.941533,0.941641
1791341777.79,평시 x1,1,1.0,97.25,27.637225508999997,4.657101048,16673107880.0,12981679256.0,2728464896.0,10.0,36.0,79.204488,29.694488,88.09208,1.18,266948.0,0.0,,,,,,23.481555351,875.0,32.82,0.0,0.0,787988584.0,0.0,0.0,0.0,24.0,48.732231999999996,0.0,80.88526399999999,0.027,,,,,,,,0.0,0.0,452.98,207.70302096,35.124592874,95554880536.0,68348288216.0,20654645760.0,10.0,34.0,40.749311999999996,27.296176,83.71085599999999,10.235,1422810.0,0.0,1422810.0,3.513007,0.0,,,82.586548776,2351.0,133.4,,,,,,,32.0,50.743832,24.315416,78.330576,2.011,1422810.0,,,,,0.0,1422810.0,190.707426398,2324.0,392.8,357.5,371.5,354.3,69,57,67,68,0.804024,0.804024,0.941533,0.941641
1791341778.8,평시 x1,1,1.0,97.33000000000001,27.669174975,4.662125768,16697579504.0,13001142736.0,2732474552.0,10.0,36.0,44.211631999999994,29.694488,88.10475199999999,1.182,267359.0,0.0,,,,,,23.513771082,877.0,32.830000000000005,0.0,0.0,788639432.0,0.0,0.0,0.0,24.0,49.780808,0.0,80.88526399999999,0.027,,,,,,,,0.0,0.0,453.03000000000003,207.732668273,35.129669459,95582501944.0,68367661992.0,20660380632.0,10.0,34.0,69.060864,27.296176,83.712136,10.235,1423221.0,0.0,1423221.0,3.750224,0.0,,,82.618513433,2353.0,133.42000000000002,,,,,,,32.0,55.986712,24.315416,78.330576,2.011,1423221.0,,,,,0.0,1423221.0,190.745312547,2326.0,392.8,357.5,371.5,354.3,69,57,67,68,0.804024,0.804024,0.941533,0.941641
1791341779.82,평시 x1,1,1.0,97.38000000000001,27.702361403,4.667574106,16722091632.0,13020662264.0,2736495864.0,10.0,36.0,69.377456,29.694488,88.10475199999999,1.182,267772.0,0.0,,,,,,23.544676317,881.0,32.830000000000005,0.0,0.0,789290424.0,0.0,0.0,0.0,24.0,49.780808,0.0,80.88526399999999,0.027,,,,,,,,0.0,0.0,453.1,207.762431934,35.134986039,95610602016.0,68387075696.0,20666136840.0,10.0,34.0,38.764024,26.247608,83.728776,10.238,1423634.0,0.0,1423634.0,3.9878959999999997,0.0,,,82.655725361,2357.0,133.45000000000002,,,,,,,30.0,62.278167999999994,24.315416,78.348624,2.011,1423634.0,,,,,0.0,1423634.0,190.783963019,2330.0,392.9,357.8,372.6,354.2,69,57,67,65,0.796648,0.314512,0.669181,0.669313
1791341780.83,평시 x1,1,1.0,97.42,27.726717381,4.672736232,16746547592.0,13040117736.0,2740497592.0,10.0,36.0,33.517503999999995,27.626503999999997,88.10475199999999,1.184,268183.0,0.0,,,,,,23.575290123,883.0,32.84,0.0,0.0,789941408.0,0.0,0.0,0.0,24.0,50.829384,0.0,80.88718399999999,0.027,,,,,,,,0.0,0.0,453.15000000000003,207.785790905,35.140282231,95638218120.0,68406454496.0,20671872296.0,10.0,34.0,66.027,26.247608,83.73248799999999,10.238,1424045.0,0.0,1424045.0,4.22511,0.0,,,82.677623787,2359.0,133.47,,,,,,,31.0,67.521048,24.315416,78.36167999999999,2.011,1424045.0,,,,,0.0,1424045.0,190.817758036,2332.0,392.9,357.8,372.6,354.2,69,57,67,65,0.796648,0.314512,0.669181,0.669313
1791341781.84,평시 x1,1,1.0,97.48,27.769900810000003,4.67844546,16770944176.0,13059547672.0,2744492856.0,10.0,36.0,57.634752,27.626503999999997,88.10475199999999,1.184,268593.0,0.0,,,,,,23.60399874,884.0,32.84,0.0,0.0,790592352.0,0.0,0.0,0.0,24.0,51.877959999999995,0.0,80.88718399999999,0.027,,,,,,,,0.0,0.0,453.3,207.824069072,35.1455028,95665670368.0,68425809120.0,20677596616.0,10.0,34.0,36.761184,26.247608,83.717512,10.241,1424455.0,0.0,1424455.0,4.462105,0.0,,,82.688701006,2360.0,133.5,,,,,,,31.0,28.73352,24.315416,78.36308799999999,2.013,1424455.0,,,,,0.0,1424455.0,190.845063722,2333.0,393.3,357.8,372.1,341.8,69,57,67,64,0.784264,0.784264,0.482306,0.482495
1791341782.84,평시 x1,1,1.0,97.51,27.798367695,4.683225552,16795316656.0,13078953968.0,2748487672.0,10.0,36.0,81.752,27.626503999999997,88.10475199999999,1.184,269003.0,0.0,,,,,,23.624936979,885.0,32.88,0.0,0.0,791243248.0,0.0,0.0,0.0,24.0,51.877959999999995,0.0,80.900112,0.027,,,,,,,,0.0,0.0,453.34000000000003,207.84776125300002,35.14993342,95692983512.0,68445123032.0,20683317752.0,10.0,34.0,65.07273599999999,26.247608,83.717512,10.241,1424865.0,0.0,1424865.0,4.699087,0.0,,,82.70602319,2361.0,133.51000000000002,,,,,,,31.0,32.927824,24.315416,78.36308799999999,2.013,1424865.0,,,,,0.0,1424865.0,190.867513245,2334.0,393.3,357.8,372.1,341.8,69,57,67,64,0.784264,0.784264,0.482306,0.482495
1791341783.85,평시 x1,1,1.0,97.64,27.827551973000002,4.687451897,16819768536.0,13098360400.0,2752480216.0,10.0,36.0,46.859671999999996,27.626503999999997,88.08849599999999,1.186,269413.0,0.0,,,,,,23.646175001,886.0,32.88,0.0,0.0,791894192.0,0.0,0.0,0.0,24.0,52.926536,0.0,80.90088,0.027,,,,,,,,0.0,0.0,453.39000000000004,207.873482992,35.153706147,95720379432.0,68464470448.0,20689042320.0,10.0,34.0,35.901848,26.247608,83.717512,10.244,1425275.0,2.0,1425275.0,4.9360859999999995,0.0,,,82.71536828,2362.0,133.53,,,,,,,31.0,38.170704,24.315416,78.374096,2.013,1425276.0,,,,,0.0,1425276.0,190.892888616,2336.0,393.3,357.8,372.1,341.8,69,57,67,64,0.784264,0.784264,0.482306,0.482495
1791341784.86,평시 x1,1,1.0,97.67,27.856372674000003,4.691884274,16844315496.0,13117852536.0,2756563712.0,10.0,36.0,70.97691999999999,27.626503999999997,88.08849599999999,1.186,269825.0,0.0,,,,,,23.672059902,888.0,32.89,0.0,0.0,792545088.0,0.0,0.0,0.0,24.0,53.975111999999996,0.0,80.903184,0.027,,,,,,,,0.0,0.0,453.45000000000005,207.90274119600002,35.15784655,95748199472.0,68483869080.0,20694788688.0,10.0,34.0,64.2134,26.247608,83.72608799999999,10.244,1425687.0,0.0,1425687.0,5.17355,0.0,,,82.739933798,2365.0,133.54000000000002,,,,,,,31.0,44.46216,24.315416,78.376784,2.013,1425687.0,,,,,0.0,1425687.0,190.924305519,2338.0,393.3,357.8,372.1,341.8,69,57,67,64,0.784264,0.784264,0.482306,0.482495
1791341785.87,평시 x1,1,1.0,97.74000000000001,27.892145984000003,4.696038488,16868795400.0,13137263032.0,2760633376.0,10.0,36.0,38.9518,27.626503999999997,88.08849599999999,1.189,270235.0,0.0,,,,,,23.69694727,889.0,32.9,0.0,0.0,793196080.0,0.0,0.0,0.0,24.0,53.975111999999996,0.0,80.903184,0.027,,,,,,,,0.0,0.0,453.51000000000005,207.927879151,35.162930585,95775516664.0,68503193128.0,20700510208.0,10.0,34.0,34.084784,25.262736,83.735688,10.247,1426097.0,0.0,1426097.0,5.410556,0.0,,,82.755092596,2366.0,133.55,,,,,,,31.0,49.70504,24.315416,78.376784,2.013,1426097.0,,,,,0.0,1426097.0,190.9605358,2339.0,389.9,358.1,372.6,342.1,69,57,67,64,0.497192,0.497192,0.893536,0.893657
1791341786.87,평시 x1,1,1.0,97.77000000000001,27.924784379000002,4.700682909,16893180992.0,13156681376.0,2764629168.0,10.0,36.0,63.069047999999995,27.626503999999997,88.08849599999999,1.189,270645.0,0.0,,,,,,23.722495448,890.0,32.9,0.0,0.0,793848408.0,0.0,0.0,0.0,24.0,55.023688,0.0,80.903184,0.027,,,,,,,,0.0,0.0,453.58000000000004,207.962619506,35.167087161,95802827992.0,68522517728.0,20706235128.0,10.0,34.0,62.396336,25.262736,83.747208,10.247,1426507.0,0.0,1426507.0,5.647571,0.0,,,82.764189515,2367.0,133.57000000000002,,,,,,,31.0,55.996496,24.315416,78.378192,2.013,1426507.0,,,,,0.0,1426507.0,190.9871634,2340.0,389.9,358.1,372.6,342.1,69,57,67,64,0.497192,0.497192,0.893536,0.893657
1791341787.88,평시 x1,1,1.0,97.84,27.955160216000003,4.707715758,16917578960.0,13176086456.0,2768622112.0,10.0,36.0,31.300952,27.192344,88.09092799999999,1.192,271055.0,0.0,,,,,,23.760253738,891.0,32.9,0.0,0.0,794499424.0,0.0,0.0,0.0,24.0,55.023688,0.0,80.903184,0.027,,,,,,,,0.0,0.0,453.8,208.00255802799998,35.177143862,95830238200.0,68541839736.0,20711959872.0,10.0,34.0,33.158727999999996,25.262736,83.714568,10.253,1426917.0,0.0,1426917.0,5.884581,0.0,,,82.793119296,2368.0,133.59,,,,,,,31.0,61.239376,24.315416,78.384208,2.013,1426917.0,,,,,0.0,1426917.0,191.053134457,2341.0,389.9,358.1,372.6,342.1,69,57,67,64,0.497192,0.497192,0.893536,0.893657
1791341788.89,평시 x1,1,1.0,97.92,27.994680117999998,4.713984232,16942016096.0,13195549328.0,2772625056.0,10.0,36.0,55.4182,27.192344,88.111024,1.192,271466.0,0.0,,,,,,23.794387738,893.0,32.92,0.0,0.0,795150224.0,0.0,0.0,0.0,24.0,56.072264,0.0,80.905616,0.027,,,,,,,,0.0,0.0,453.85,208.03541624300001,35.184220969,95857892272.0,68561230656.0,20717695384.0,10.0,34.0,61.470279999999995,25.262736,83.718792,10.253,1427328.0,0.0,1427328.0,6.121824999999999,0.0,,,82.811994907,2370.0,133.62,,,,,,,31.0,67.530832,24.315416,78.396368,2.013,1427328.0,,,,,0.0,1427328.0,191.086871827,2343.0,388.9,357.6,372.7,341.3,69,57,67,64,0.79196,0.79196,0.661011,0.661182
1791341789.89,평시 x1,1,1.0,97.96000000000001,28.019874287999997,4.718287453,16966483528.0,13215036128.0,2776634392.0,10.0,36.0,80.584024,27.192344,88.116784,1.192,271878.0,1.0,,,,,,23.818864736,896.0,32.92,0.0,0.0,795801216.0,0.0,0.0,0.0,24.0,57.120839999999994,0.0,80.905616,0.027,,,,,,,,0.0,0.0,453.97,208.063565575,35.189349685,95886043544.0,68580650296.0,20723451032.0,10.0,34.0,35.042944,25.262736,83.76563999999999,10.256,1427741.0,0.0,1427741.0,6.359514,0.0,,,82.854899773,2374.0,133.65,,,,,,,31.0,25.235447999999998,23.45536,78.42850399999999,2.015,1427741.0,,,,,0.0,1427741.0,191.133312576,2347.0,388.9,357.6,372.7,341.3,69,57,67,64,0.79196,0.79196,0.661011,0.661182
1791341790.89,평시 x1,1,1.0,98.11,28.057633574,4.723540712,16991019232.0,13234509792.0,2780643568.0,10.0,36.0,46.435136,27.192344,88.119344,1.195,272290.0,0.0,,,,,,23.848505715,899.0,32.93,0.0,0.0,796451984.0,0.0,0.0,0.0,24.0,57.120839999999994,0.0,80.905616,0.027,,,,,,,,0.0,0.0,454.01000000000005,208.088036356,35.19407406,95913659144.0,68600018840.0,20729185000.0,10.0,34.0,62.30592,25.262736,83.768456,10.256,1428152.0,0.0,1428152.0,6.596727,0.0,,,82.870829109,2376.0,133.69,,,,,,,31.0,30.478327999999998,23.45536,78.517336,2.015,1428152.0,,,,,0.0,1428152.0,191.171561921,2349.0,389.6,358.1,368.4,341.9,69,57,67,64,0.58844,0.588856,0.332639,0.332808
1791341791.9,평시 x1,1,1.0,98.16000000000001,28.089455753000003,4.728241941,17015388656.0,13253915432.0,2784636144.0,10.0,36.0,71.60096,27.192344,88.12216,1.195,272700.0,0.0,,,,,,23.869740911,900.0,32.93,0.0,0.0,797102896.0,0.0,0.0,0.0,24.0,58.169416,0.0,80.905616,0.027,,,,,,,,0.0,0.0,454.07000000000005,208.12039051600001,35.199005022,95940993088.0,68619338336.0,20734906800.0,10.0,34.0,35.827664,25.257472,83.7714,10.258000000000001,1428562.0,0.0,1428562.0,6.833739,0.0,,,82.889885918,2377.0,133.70000000000002,,,,,,,31.0,35.721208,23.45536,78.518504,2.015,1428562.0,,,,,0.0,1428562.0,191.197009463,2350.0,389.6,358.1,368.4,341.9,69,57,67,64,0.58844,0.588856,0.332639,0.332808
1791341792.9,평시 x1,1,1.0,98.21000000000001,28.120631648,4.732976457,17039883264.0,13273341352.0,2788706328.0,10.0,36.0,38.532599999999995,27.192344,88.12216,1.197,273110.0,0.0,,,,,,23.900508743,901.0,32.940000000000005,0.0,0.0,797753768.0,0.0,0.0,0.0,24.0,58.169416,0.0,80.910352,0.027,,,,,,,,0.0,0.0,454.12,208.157337982,35.203648209,95968657360.0,68638696096.0,20740633264.0,10.0,34.0,63.09064,25.257472,83.7714,10.258000000000001,1428972.0,0.0,1428972.0,7.0707439999999995,0.0,,,82.928661456,2379.0,133.73000000000002,,,,,,,31.0,42.012664,23.45536,80.583832,2.015,1428972.0,,,,,0.0,1428972.0,191.24782133,2352.0,389.6,358.1,368.4,341.9,69,57,67,64,0.58844,0.588856,0.332639,0.332808
1791341793.91,-,1,0,98.44000000000001,28.27952576,4.756301754,17122604240.0,13342438008.0,2801326152.0,10.0,36.0,67.78912799999999,27.191992,88.131248,1.2,274340.0,202.0,,,,,,24.078684212,903.0,32.95,0.0,0.0,798404712.0,0.0,0.0,0.0,24.0,59.217991999999995,0.0,80.92452,0.027,,,,,,,,0.0,0.0,454.45000000000005,208.288908039,35.224790721,96054555808.0,68700051328.0,20758483400.0,10.0,34.0,52.123487999999995,25.257472,83.732616,10.267,1430202.0,34.0,1430202.0,7.820380999999999,0.0,,,82.984587155,2381.0,133.93,,,,,,,31.0,38.184888,23.45536,80.698472,2.0180000000000002,1430202.0,,,,,0.0,1430202.0,191.411731056,2354.0,389.3,358.4,367.8,340.7,69,57,67,64,2.477608,2.477608,1.183041,1.18328
1791341794.92,-,1,0,99.7,28.860869560000005,4.831773735,17424471840.0,13587100896.0,2857146040.0,10.0,36.0,60.001224,47.418312,88.0992,1.238,279262.0,0.0,,,,,,24.495686445,906.0,32.96,0.0,0.0,799055624.0,0.0,0.0,0.0,24.0,60.266568,0.0,80.938704,0.027,,,,,,,,0.0,0.0,455.55,208.843025819,35.302588235,96415424944.0,68951253984.0,20840732872.0,10.0,34.0,101.41528,40.597871999999995,83.646872,10.306000000000001,1435124.0,0.0,1435124.0,11.730144,0.0,,,83.162384869,2384.0,134.05,,,,,,,31.0,59.167823999999996,25.552512,80.20434399999999,2.023,1435124.0,,,,,0.0,1435124.0,191.747802106,2357.0,389.3,358.4,367.8,340.7,69,57,67,64,2.477608,2.477608,1.183041,1.18328
1791341795.93,-,1,0,99.71000000000001,28.86686416,4.831773735,17425487576.0,13587144168.0,2857146040.0,10.0,36.0,61.0498,47.418312,88.364952,1.238,279262.0,0.0,,,,,,24.495686445,906.0,32.99,0.0,0.0,799707984.0,0.0,0.0,0.0,24.0,60.266568,0.0,83.077576,0.03,,,,,,,,0.0,0.0,455.56,208.84927728,35.302588235,96416276472.0,68951317144.0,20840732872.0,10.0,34.0,102.46385599999999,40.597871999999995,83.681336,10.306000000000001,1435124.0,0.0,1435124.0,11.730144,0.0,,,83.162384869,2384.0,134.06,,,,,,,31.0,60.2164,25.552512,79.638072,2.023,1435124.0,,,,,0.0,1435124.0,191.747802106,2357.0,389.3,358.4,367.8,340.7,69,57,67,64,2.477608,2.477608,1.183041,1.18328
1791341796.94,-,1,0,99.76,28.872433646000005,4.831773735,17426497992.0,13587180696.0,2857146040.0,10.0,36.0,62.098375999999995,47.418312,90.624736,1.238,279262.0,0.0,,,,,,24.495686445,906.0,33.050000000000004,0.0,0.0,800390944.0,0.0,0.0,0.0,24.0,26.777407999999998,0.0,83.74382399999999,0.03,,,,,,,,0.0,0.0,455.61,208.856311243,35.302588235,96417103504.0,68951355712.0,20840732872.0,10.0,34.0,103.51243199999999,40.597871999999995,85.604744,10.306000000000001,1435124.0,0.0,1435124.0,11.730144,0.0,,,83.162384869,2384.0,134.07000000000002,,,,,,,31.0,61.264976,25.552512,79.638072,2.023,1435124.0,,,,,0.0,1435124.0,191.747802106,2357.0,394.6,357.9,392.8,347.9,69,57,67,64,2.126984,2.126984,2.963677,2.963796
1791341797.95,-,1,0,99.77000000000001,28.878727783000002,4.831773735,17427505656.0,13587216960.0,2857146040.0,10.0,36.0,63.146952,47.418312,90.633304,1.238,279262.0,0.0,,,,,,24.495686445,906.0,33.06,0.0,0.0,801042032.0,0.0,0.0,0.0,24.0,27.825984,0.0,83.84487999999999,0.03,,,,,,,,0.0,0.0,455.61,208.86160324,35.302588235,96417926192.0,68951389928.0,20840732872.0,10.0,34.0,104.561008,40.597871999999995,85.680792,10.306000000000001,1435124.0,0.0,1435124.0,11.730144,0.0,,,83.162384869,2384.0,134.07000000000002,,,,,,,31.0,62.313551999999994,25.552512,79.638072,2.023,1435124.0,,,,,0.0,1435124.0,191.747802106,2357.0,394.6,357.9,392.8,347.9,69,57,67,64,2.126984,2.126984,2.963677,2.963796
1791341798.96,-,1,0,99.79,28.886378592,4.832356767,17428576680.0,13587306064.0,2857156608.0,10.0,36.0,64.195528,47.418312,88.902616,1.238,279263.0,0.0,,,,,,24.499398277,907.0,33.06,0.0,0.0,801692928.0,0.0,0.0,0.0,24.0,27.825984,0.0,83.84487999999999,0.03,,,,,,,,0.0,0.0,455.63000000000005,208.86951967,35.303329331,96419023968.0,68951501816.0,20840746768.0,10.0,34.0,105.609584,40.597871999999995,85.105176,10.306000000000001,1435125.0,1.0,1435125.0,11.730369,0.0,,,83.179843077,2385.0,134.08,,,,,,,31.0,63.362128,25.552512,79.638072,2.023,1435126.0,,,,,0.0,1435126.0,191.776505145,2359.0,393.4,359.8,391.5,346.7,72,60,70,64,2.104784,2.104784,5.648469,5.648575
1791341799.96,-,1,0,99.80000000000001,28.892985836,4.833137457,17429740648.0,13587475960.0,2857179384.0,10.0,36.0,65.244104,47.418312,88.903384,1.238,279266.0,0.0,,,,,,24.50664977,909.0,33.080000000000005,0.0,0.0,802344824.0,0.0,0.0,0.0,24.0,28.87456,0.0,83.27412799999999,0.03,,,,,,,,0.0,0.0,455.65000000000003,208.87671828999999,35.304342708,96420397824.0,68951647984.0,20840780032.0,10.0,34.0,106.65816,40.597871999999995,85.1062,10.306000000000001,1435128.0,0.0,1435128.0,11.731043999999999,0.0,,,83.204264513,2387.0,134.11,,,,,,,31.0,64.410704,25.552512,79.65432799999999,2.023,1435128.0,,,,,0.0,1435128.0,191.792769249,2360.0,393.4,359.8,391.5,346.7,72,60,70,64,2.104784,2.104784,5.648469,5.648575
1791341800.97,-,1,0,99.81,28.899995523999998,4.833701378,17430811832.0,13587565240.0,2857189960.0,10.0,36.0,66.29267999999999,47.418312,88.903384,1.238,279267.0,0.0,,,,,,24.511212993,910.0,33.09,0.0,0.0,802995744.0,0.0,0.0,0.0,24.0,29.923136,0.0,82.70132799999999,0.03,,,,,,,,0.0,0.0,455.66,208.8838914,35.305035304,96421472992.0,68951736048.0,20840793944.0,10.0,34.0,107.70673599999999,40.597871999999995,85.1062,10.306000000000001,1435129.0,0.0,1435129.0,11.731271999999999,0.0,,,83.21828843,2388.0,134.14000000000001,,,,,,,31.0,65.45927999999999,25.552512,79.67403999999999,2.023,1435129.0,,,,,0.0,1435129.0,191.800180293,2361.0,393.4,359.8,391.5,346.7,72,60,70,64,2.104784,2.104784,5.648469,5.648575
1791341801.98,-,1,0,99.83000000000001,28.905136939000002,4.833701378,17431814776.0,13587596864.0,2857189960.0,10.0,36.0,67.341256,47.418312,88.903384,1.238,279267.0,0.0,,,,,,24.511212993,910.0,33.09,0.0,0.0,803646784.0,0.0,0.0,0.0,24.0,29.923136,0.0,82.124432,0.03,,,,,,,,0.0,0.0,455.67,208.889347047,35.305035304,96422297384.0,68951772072.0,20840793944.0,10.0,34.0,108.75531199999999,40.597871999999995,85.1062,10.306000000000001,1435129.0,0.0,1435129.0,11.731271999999999,0.0,,,83.21828843,2388.0,134.15,,,,,,,31.0,66.507856,25.552512,79.67557599999999,2.023,1435129.0,,,,,0.0,1435129.0,191.800180293,2361.0,393.4,359.8,391.5,346.7,72,60,70,64,2.104784,2.104784,5.648469,5.648575
1791341802.99,-,1,0,99.86,28.911098466,4.833701378,17432821288.0,13587633176.0,2857189960.0,10.0,36.0,68.389832,47.418312,88.917464,1.238,279267.0,0.0,,,,,,24.511212993,910.0,33.120000000000005,0.0,0.0,804296512.0,0.0,0.0,0.0,24.0,30.971712,0.0,82.139664,0.03,,,,,,,,0.0,0.0,455.68,208.895378772,35.305035304,96423118504.0,68951803640.0,20840793944.0,10.0,34.0,108.75531199999999,40.597871999999995,85.1062,10.306000000000001,1435129.0,0.0,1435129.0,11.731271999999999,0.0,,,83.21828843,2388.0,134.15,,,,,,,31.0,66.507856,25.552512,79.678904,2.023,1435129.0,,,,,0.0,1435129.0,191.800180293,2361.0,395.0,360.2,391.0,346.7,69,58,69,64,0.150408,0.150408,9.276351,9.276454
1791341803.99,-,1,0,99.87,28.916882467,4.833701378,17433828376.0,13587670152.0,2857189960.0,10.0,36.0,68.389832,47.418312,88.922072,1.238,279267.0,0.0,,,,,,24.511212993,910.0,33.120000000000005,0.0,0.0,804946336.0,0.0,0.0,0.0,24.0,32.020288,0.0,82.139664,0.03,,,,,,,,0.0,0.0,455.69000000000005,208.900662585,35.305035304,96423943264.0,68951839952.0,20840793944.0,10.0,34.0,109.803888,40.597871999999995,85.1062,10.306000000000001,1435129.0,0.0,1435129.0,11.731271999999999,0.0,,,83.21828843,2388.0,134.16,,,,,,,31.0,67.556432,25.552512,79.678904,2.023,1435129.0,,,,,0.0,1435129.0,191.800180293,2361.0,395.0,360.2,391.0,346.7,69,58,69,64,0.150408,0.150408,9.276351,9.276454
1791341805.01,-,1,0,99.89,28.924454087,4.834414118,17434965288.0,13587818040.0,2857208840.0,10.0,36.0,69.438408,47.418312,88.922072,1.238,279269.0,0.0,,,,,,24.517995926,912.0,33.13,0.0,0.0,805596016.0,0.0,0.0,0.0,24.0,32.020288,0.0,82.139664,0.03,,,,,,,,0.0,0.0,455.71000000000004,208.90828847199998,35.305702246,96425064144.0,68951961936.0,20840817864.0,10.0,34.0,110.852464,40.597871999999995,84.529304,10.306000000000001,1435131.0,0.0,1435131.0,11.731724,0.0,,,83.230844412,2389.0,134.17000000000002,,,,,,,31.0,68.605008,25.552512,79.678904,2.023,1435131.0,,,,,0.0,1435131.0,191.812013298,2362.0,395.0,360.2,391.0,346.7,69,58,69,64,0.150408,0.150408,9.276351,9.276454
1791341806.01,-,1,0,99.9,28.930424981,4.834414118,17435972984.0,13587854472.0,2857208840.0,10.0,36.0,70.48698399999999,47.418312,88.922072,1.238,279269.0,0.0,,,,,,24.517995926,912.0,33.13,0.0,0.0,806245840.0,0.0,0.0,0.0,24.0,33.068864,0.0,82.139664,0.03,,,,,,,,0.0,0.0,455.72,208.914071558,35.305702246,96425888784.0,68951998248.0,20840817864.0,10.0,34.0,110.852464,40.597871999999995,84.529304,10.306000000000001,1435131.0,0.0,1435131.0,11.731724,0.0,,,83.230844412,2389.0,134.19,,,,,,,31.0,69.653584,25.552512,79.681208,2.023,1435131.0,,,,,0.0,1435131.0,191.812013298,2362.0,395.2,359.7,391.5,347.3,69,57,68,64,0.002584,0.002584,12.057332,12.057454
1791341807.01,-,1,0,99.91000000000001,28.936312208000004,4.834414118,17436979584.0,13587890808.0,2857208840.0,10.0,36.0,71.53556,47.418312,88.922072,1.238,279269.0,0.0,,,,,,24.517995926,912.0,33.15,0.0,0.0,806896672.0,0.0,0.0,0.0,24.0,34.11744,0.0,82.148624,0.03,,,,,,,,0.0,0.0,455.73,208.920409095,35.305702246,96426713152.0,68952034296.0,20840817864.0,10.0,34.0,111.90104,40.597871999999995,84.529304,10.306000000000001,1435131.0,0.0,1435131.0,11.731724,0.0,,,83.230844412,2389.0,134.19,,,,,,,31.0,70.70215999999999,25.552512,79.681208,2.023,1435131.0,,,,,0.0,1435131.0,191.812013298,2362.0,395.2,359.7,391.5,347.3,69,57,68,64,0.002584,0.002584,12.057332,12.057454
1791341808.02,-,1,0,99.92,28.942808785000004,4.834414118,17437986128.0,13587927072.0,2857208840.0,10.0,36.0,73.632712,47.418312,88.922072,1.238,279269.0,0.0,,,,,,24.517995926,912.0,33.15,0.0,0.0,807546416.0,0.0,0.0,0.0,24.0,34.11744,0.0,82.148624,0.03,,,,,,,,0.0,0.0,455.74,208.926879373,35.305702246,96427537816.0,68952070792.0,20840817864.0,10.0,34.0,112.94961599999999,40.597871999999995,84.529304,10.306000000000001,1435131.0,0.0,1435131.0,11.731724,0.0,,,83.230844412,2389.0,134.20000000000002,,,,,,,31.0,71.750736,25.552512,79.6942,2.023,1435131.0,,,,,0.0,1435131.0,191.812013298,2362.0,395.2,359.7,391.5,347.3,69,57,68,64,0.002584,0.002584,12.057332,12.057454
1791341809.03,-,1,0,99.94000000000001,28.95063879,4.834873254,17439056008.0,13588016184.0,2857219408.0,10.0,36.0,74.681288,47.418312,88.922072,1.238,279270.0,0.0,,,,,,24.523188508,913.0,33.160000000000004,0.0,0.0,808196096.0,0.0,0.0,0.0,24.0,35.166016,0.0,82.148624,0.03,,,,,,,,0.0,0.0,455.83000000000004,208.93507289299998,35.306346904,96428673552.0,68952182624.0,20840831760.0,10.0,34.0,115.046768,40.597871999999995,83.986328,10.306000000000001,1435132.0,1.0,1435132.0,11.731949,0.0,,,83.250778936,2390.0,134.21,,,,,,,31.0,72.799312,25.552512,79.6942,2.023,1435132.0,,,,,0.0,1435132.0,191.833976633,2363.0,394.2,359.7,391.4,347.0,69,57,67,64,0.002648,0.002648,15.28787,15.28801
1791341810.04,-,1,0,99.95,28.956143283000003,4.835100874,17440116768.0,13588099592.0,2857226528.0,10.0,36.0,75.72986399999999,47.418312,88.922072,1.238,279271.0,0.0,,,,,,24.526215597,914.0,33.160000000000004,0.0,0.0,808845920.0,0.0,0.0,0.0,24.0,35.166016,0.0,82.148624,0.03,,,,,,,,0.0,0.0,455.86,208.941617364,35.307492433,96430078768.0,68952328248.0,20840865024.0,10.0,34.0,40.27196,38.09068,84.00092,10.309,1435135.0,0.0,1435135.0,11.732624,0.0,,,83.29110541,2392.0,134.22,,,,,,,31.0,72.799312,25.552512,79.69752799999999,2.023,1435135.0,,,,,0.0,1435135.0,191.854042885,2365.0,394.2,359.7,391.4,347.0,69,57,67,64,0.002648,0.002648,15.28787,15.28801
1791341811.05,-,1,0,99.96000000000001,28.964503848000003,4.835866555,17441353472.0,13588342176.0,2857249848.0,10.0,36.0,76.77844,47.418312,88.923608,1.238,279274.0,0.0,,,,,,24.533381078,916.0,33.160000000000004,0.0,0.0,809495632.0,0.0,0.0,0.0,24.0,35.166016,0.0,82.148624,0.03,,,,,,,,0.0,0.0,455.88000000000005,208.94907114,35.308241811,96431281176.0,68952505688.0,20840878936.0,10.0,34.0,40.27196,38.09068,83.98812,10.309,1435136.0,0.0,1435136.0,11.732852,0.0,,,83.301593757,2393.0,134.24,,,,,,,31.0,74.896464,25.552512,79.69752799999999,2.023,1435136.0,,,,,0.0,1435136.0,191.864587274,2366.0,394.2,359.7,391.4,347.0,69,57,67,64,0.002648,0.002648,15.28787,15.28801
1791341812.06,-,1,0,99.97000000000001,28.971496398000003,4.835866555,17442385264.0,13588403768.0,2857249848.0,10.0,36.0,77.827016,47.418312,88.923608,1.238,279274.0,0.0,,,,,,24.533381078,916.0,33.190000000000005,0.0,0.0,810145360.0,0.0,0.0,0.0,24.0,36.214591999999996,0.0,82.16104,0.03,,,,,,,,0.0,0.0,455.89000000000004,208.95474619700002,35.308241811,96432105728.0,68952541952.0,20840878936.0,10.0,34.0,41.320536,38.09068,83.988888,10.309,1435136.0,0.0,1435136.0,11.732852,0.0,,,83.301593757,2393.0,134.24,,,,,,,31.0,75.94503999999999,25.552512,79.69752799999999,2.023,1435136.0,,,,,0.0,1435136.0,191.864587274,2366.0,394.7,359.2,393.4,347.6,69,57,67,64,0.004272,0.004272,18.134173,18.134299
1791341813.07,-,1,0,99.99000000000001,28.977284795,4.835866555,17443391776.0,13588440080.0,2857249848.0,10.0,36.0,78.875592,47.418312,88.926296,1.238,279274.0,0.0,,,,,,24.533381078,916.0,33.190000000000005,0.0,0.0,810795208.0,0.0,0.0,0.0,24.0,37.263168,0.0,82.165392,0.03,,,,,,,,0.0,0.0,455.90000000000003,208.960883309,35.308241811,96432931528.0,68952578400.0,20840878936.0,10.0,34.0,42.369112,38.09068,83.988888,10.309,1435136.0,0.0,1435136.0,11.732852,0.0,,,83.301593757,2393.0,134.26000000000002,,,,,,,31.0,76.993616,25.552512,79.704696,2.023,1435136.0,,,,,0.0,1435136.0,191.864587274,2366.0,394.7,359.2,393.4,347.6,69,57,67,64,0.004272,0.004272,18.134173,18.134299
1791341814.08,-,1,0,100.01,28.983630463,4.835866555,17444398688.0,13588476792.0,2857249848.0,10.0,36.0,79.924168,47.418312,88.926296,1.238,279274.0,0.0,,,,,,24.533381078,916.0,33.2,0.0,0.0,811444936.0,0.0,0.0,0.0,24.0,37.263168,0.0,82.165392,0.03,,,,,,,,0.0,0.0,455.91,208.96730086899998,35.308241811,96433755880.0,68952614448.0,20840878936.0,10.0,34.0,42.369112,38.09068,83.988888,10.309,1435136.0,0.0,1435136.0,11.732852,0.0,,,83.301593757,2393.0,134.27,,,,,,,31.0,78.042192,25.552512,79.704696,2.023,1435136.0,,,,,0.0,1435136.0,191.864587274,2366.0,394.7,359.2,393.4,347.6,69,57,67,64,0.004272,0.004272,18.134173,18.134299
1791341815.09,-,1,0,100.02000000000001,28.991449156,4.836712196,17445536392.0,13588624864.0,2857268728.0,10.0,36.0,80.97274399999999,47.418312,88.926296,1.238,279276.0,0.0,,,,,,24.558432039,918.0,33.2,0.0,0.0,812158712.0,0.0,0.0,0.0,24.0,38.311744,0.0,82.167328,0.03,,,,,,,,0.0,0.0,455.93,208.9750942,35.308872512,96434877768.0,68952736576.0,20840902856.0,10.0,34.0,43.417688,38.09068,83.988888,10.309,1435138.0,0.0,1435138.0,11.733303999999999,0.0,,,83.312212828,2394.0,134.28,,,,,,,31.0,78.042192,25.552512,79.704696,2.0260000000000002,1435138.0,,,,,0.0,1435138.0,191.871667507,2367.0,394.0,359.5,392.5,347.2,69,57,67,64,0.004464,0.004464,20.917855,20.918018
1791341816.11,-,1,0,100.04,28.997027719000002,4.836712196,17446543944.0,13588661128.0,2857268728.0,10.0,36.0,82.02132,47.418312,88.930904,1.238,279276.0,0.0,,,,,,24.558432039,918.0,33.21,0.0,0.0,812809464.0,0.0,0.0,0.0,24.0,38.311744,0.0,82.167328,0.03,,,,,,,,0.0,0.0,455.94000000000005,208.981050297,35.308872512,96435702040.0,68952772624.0,20840902856.0,10.0,34.0,44.466263999999995,38.09068,83.988888,10.309,1435138.0,0.0,1435138.0,11.733303999999999,0.0,,,83.312212828,2394.0,134.29000000000002,,,,,,,31.0,24.815208,23.070543999999998,79.704696,2.0260000000000002,1435138.0,,,,,0.0,1435138.0,191.871667507,2367.0,394.0,359.5,392.5,347.2,69,57,67,64,0.004464,0.004464,20.917855,20.918018
1791341817.12,-,1,0,100.05000000000001,29.002975198999998,4.836712196,17447550576.0,13588697392.0,2857268728.0,10.0,36.0,83.069896,47.418312,88.930904,1.238,279276.0,0.0,,,,,,24.558432039,918.0,33.21,0.0,0.0,813459376.0,0.0,0.0,0.0,24.0,39.36032,0.0,82.167328,0.03,,,,,,,,0.0,0.0,455.95000000000005,208.987127019,35.308872512,96436526520.0,68952808696.0,20840902856.0,10.0,34.0,45.51484,38.09068,83.988888,10.309,1435138.0,0.0,1435138.0,11.733303999999999,0.0,,,83.312212828,2394.0,134.29000000000002,,,,,,,31.0,25.863784,23.070543999999998,79.704696,2.0260000000000002,1435138.0,,,,,0.0,1435138.0,191.871667507,2367.0,394.0,360.0,392.4,347.4,69,57,67,64,0.00256,0.00256,23.707156,23.707285
1791341818.14,-,1,0,100.08000000000001,29.009363768,4.836712196,17448586360.0,13588734568.0,2857268728.0,10.0,36.0,50.480304,47.418312,88.930904,1.24,279276.0,0.0,,,,,,24.558432039,918.0,33.21,0.0,0.0,814109104.0,0.0,0.0,0.0,24.0,40.408896,0.0,82.174112,0.03,,,,,,,,0.0,0.0,455.96000000000004,208.993322833,35.308872512,96437351232.0,68952845168.0,20840902856.0,10.0,34.0,46.563416,38.09068,83.988888,10.309,1435138.0,0.0,1435138.0,11.733303999999999,0.0,,,83.312212828,2394.0,134.3,,,,,,,31.0,25.863784,23.070543999999998,79.704696,2.0260000000000002,1435138.0,,,,,0.0,1435138.0,191.871667507,2367.0,394.0,360.0,392.4,347.4,69,57,67,64,0.00256,0.00256,23.707156,23.707285
1791341819.14,-,1,0,100.09,29.016291779000003,4.837093743,17449655112.0,13588822568.0,2857279296.0,10.0,36.0,51.52888,47.418312,88.930904,1.24,279277.0,0.0,,,,,,24.562092777,919.0,33.22,0.0,0.0,814758856.0,0.0,0.0,0.0,24.0,40.408896,0.0,82.174112,0.03,,,,,,,,0.0,0.0,455.97,209.001088038,35.30943703,96438489568.0,68952956816.0,20840916752.0,10.0,34.0,47.611992,38.09068,83.988888,10.309,1435139.0,1.0,1435139.0,11.733528999999999,0.0,,,83.321903874,2395.0,134.31,,,,,,,31.0,26.91236,23.070543999999998,79.7102,2.0260000000000002,1435139.0,,,,,0.0,1435139.0,191.880227778,2368.0,394.0,360.0,392.4,347.4,69,57,67,64,0.00256,0.00256,23.707156,23.707285
1791341820.15,-,1,0,100.10000000000001,29.023006423000005,4.837370449,17450771216.0,13588961376.0,2857286416.0,10.0,36.0,52.577456,47.418312,88.932824,1.24,279278.0,2.0,,,,,,24.566204183,920.0,33.22,0.0,0.0,815408648.0,0.0,0.0,0.0,24.0,41.457471999999996,0.0,82.174112,0.03,,,,,,,,0.0,0.0,455.99,209.008923197,35.310661078,96439870208.0,68953102216.0,20840950016.0,10.0,34.0,48.660568,38.09068,83.988888,10.309,1435142.0,0.0,1435142.0,11.734204,0.0,,,83.344092748,2397.0,134.33,,,,,,,31.0,27.960936,23.070543999999998,79.724536,2.0260000000000002,1435142.0,,,,,0.0,1435142.0,191.897924739,2370.0,395.7,360.0,394.0,349.3,69,57,67,64,0.005768,0.003208,26.452711,26.452847
1791341821.15,-,1,0,100.12,29.02977851,4.838476792,17451856784.0,13589053376.0,2857309736.0,10.0,36.0,53.626031999999995,47.418312,88.932824,1.24,279281.0,0.0,,,,,,24.575253259,922.0,33.230000000000004,0.0,0.0,816058376.0,0.0,0.0,0.0,24.0,42.506048,0.0,82.174112,0.03,,,,,,,,0.0,0.0,456.01000000000005,209.015436353,35.31131459,96440942064.0,68953183280.0,20840963928.0,10.0,34.0,49.709143999999995,38.09068,83.988888,10.309,1435143.0,0.0,1435143.0,11.734432,0.0,,,83.359289283,2398.0,134.36,,,,,,,31.0,29.009511999999997,23.070543999999998,79.734776,2.0260000000000002,1435143.0,,,,,0.0,1435143.0,191.908511827,2371.0,395.7,360.0,394.0,349.3,69,57,67,64,0.005768,0.003208,26.452711,26.452847
1791341822.16,-,1,0,100.14,29.036716063,4.838476792,17452889008.0,13589115448.0,2857309736.0,10.0,36.0,53.626031999999995,47.418312,88.93858399999999,1.24,279281.0,0.0,,,,,,24.575253259,922.0,33.24,0.0,0.0,816708176.0,0.0,0.0,0.0,24.0,42.506048,0.0,82.179616,0.03,,,,,,,,0.0,0.0,456.02000000000004,209.021226227,35.31131459,96441786120.0,68953221520.0,20840963928.0,10.0,34.0,50.75772,38.09068,83.988888,10.309,1435143.0,0.0,1435143.0,11.734432,0.0,,,83.359289283,2398.0,134.36,,,,,,,31.0,30.058087999999998,23.070543999999998,79.734776,2.0260000000000002,1435143.0,,,,,0.0,1435143.0,191.908511827,2371.0,395.7,360.0,394.0,349.3,69,57,67,64,0.005768,0.003208,26.452711,26.452847
1791341823.17,-,1,0,100.17,29.043149455,4.838476792,17453895896.0,13589152184.0,2857309736.0,10.0,36.0,55.723183999999996,47.418312,88.94792799999999,1.24,279281.0,0.0,,,,,,24.575253259,922.0,33.25,0.0,0.0,817358592.0,0.0,0.0,0.0,24.0,43.554624,0.0,82.18704,0.03,,,,,,,,0.0,0.0,456.03000000000003,209.027578384,35.31131459,96442612136.0,68953257992.0,20840963928.0,10.0,34.0,51.806295999999996,38.09068,83.995544,10.309,1435143.0,0.0,1435143.0,11.734432,0.0,,,83.359289283,2398.0,134.37,,,,,,,31.0,30.058087999999998,23.070543999999998,79.734776,2.0260000000000002,1435143.0,,,,,0.0,1435143.0,191.908511827,2371.0,394.8,359.2,393.2,349.0,69,57,67,64,0.005912,0.005912,29.30146,29.301619
1791341824.19,배치 1,1,0,100.34,29.183146246,4.838476792,17526884272.0,13661138584.0,2857309736.0,10.0,36.0,82.317152,40.358424,88.958552,1.243,279281.0,0.0,,,,,,24.575253259,922.0,33.29,0.0,0.0,818008416.0,0.0,0.0,0.0,24.0,44.6032,0.0,82.202528,0.03,,,,,,,,0.0,0.0,456.38000000000005,209.190800971,35.32103818,96519468328.0,69021259944.0,20847391120.0,10.0,34.0,64.57867999999999,35.584888,84.009496,10.313,1435605.0,357.0,1435605.0,12.000117999999999,0.0,,,83.440309209,2399.0,134.38,,,,,,,31.0,37.39812,23.070543999999998,79.734776,2.0260000000000002,1435605.0,,,,,462.0,1435143.0,191.908511827,2371.0,394.8,359.2,393.2,349.0,69,57,67,64,0.005912,0.005912,29.30146,29.301619
1791341825.19,배치 1,1,0,102.36,30.304461161,4.951809124,17962114728.0,14052973792.0,2899385720.0,10.0,36.0,114.11709599999999,48.011711999999996,88.875992,1.303,285036.0,4247.0,,,,,,25.470152165,924.0,33.29,0.0,0.0,818657872.0,0.0,0.0,0.0,24.0,44.6032,0.0,82.202528,0.03,,,,,,,,0.0,0.0,458.52000000000004,210.298353685,35.501011055,97039373984.0,69441601232.0,20932825240.0,10.0,34.0,59.409848,45.77836,83.978392,10.384,1443796.0,1349.0,1443796.0,16.716635,0.0,,,83.744499399,2402.0,134.63,,,,,,,31.0,78.87467199999999,23.070543999999998,79.558264,2.032,1439700.0,,,,,4096.0,1437652.0,192.605871452,2373.0,394.8,359.2,393.2,349.0,69,57,67,64,0.005912,0.005912,29.30146,29.301619
1791341826.2,배치 1,1,0,102.58000000000001,30.376460551,5.036340498,18038178944.0,14081539800.0,2945886600.0,10.0,36.0,124.92984799999999,48.011711999999996,88.88072799999999,1.309,289132.0,151.0,,,,,,26.186208634,926.0,33.300000000000004,0.0,0.0,819308264.0,0.0,0.0,0.0,24.0,45.651776,0.0,82.202528,0.03,,,,,,,,0.0,0.0,458.59000000000003,210.288284999,35.563367576,97085210344.0,69421988248.0,20980062832.0,10.0,34.0,114.984376,45.77836,83.978392,10.384,1445145.0,0.0,1445145.0,17.49289,0.0,,,83.892568152,2404.0,135.06,,,,,,,31.0,35.216575999999996,23.522807999999998,79.68524,2.0380000000000003,1445145.0,,,,,0.0,1445145.0,193.778773035,2377.0,436.5,359.0,414.1,348.6,69,57,67,64,13.465712,13.465712,1.914277,1.912526
1791341827.21,배치 1,1,0,102.62,30.348533081,5.079137089,18042425896.0,14059823616.0,2970853248.0,10.0,36.0,53.655328,50.293048,88.88072799999999,1.311,289283.0,0.0,,,,,,26.531892631,928.0,33.31,0.0,0.0,819957744.0,0.0,0.0,0.0,24.0,45.651776,0.0,82.202528,0.03,,,,,,,,0.0,0.0,458.62,210.295102495,35.563367576,97086037544.0,69422027440.0,20980062832.0,10.0,34.0,116.032952,45.77836,83.981848,10.384,1445145.0,0.0,1445145.0,17.49289,0.0,,,83.892568152,2404.0,135.07000000000002,,,,,,,31.0,35.216575999999996,23.522807999999998,79.68524,2.0380000000000003,1445145.0,,,,,0.0,1445145.0,193.778773035,2377.0,436.5,359.0,414.1,348.6,69,57,67,64,13.465712,13.465712,1.914277,1.912526
1791341828.22,배치 1,1,0,102.63000000000001,30.355206901000003,5.079137089,18043434136.0,14059861784.0,2970853248.0,10.0,36.0,54.703903999999994,50.293048,88.882008,1.311,289283.0,0.0,,,,,,26.531892631,928.0,33.31,0.0,0.0,820607936.0,0.0,0.0,0.0,24.0,46.700351999999995,0.0,82.202528,0.03,,,,,,,,0.0,0.0,458.63000000000005,210.30119335,35.563367576,97086862024.0,69422063912.0,20980062832.0,10.0,34.0,116.032952,45.77836,83.981848,10.384,1445145.0,0.0,1445145.0,17.49289,0.0,,,83.892568152,2404.0,135.07000000000002,,,,,,,31.0,36.265152,23.522807999999998,79.68524,2.0380000000000003,1445145.0,,,,,0.0,1445145.0,193.778773035,2377.0,436.5,359.0,414.1,348.6,69,57,67,64,13.465712,13.465712,1.914277,1.912526
1791341829.23,배치 1,1,0,102.65,30.361983817000002,5.079137089,18044483488.0,14059941056.0,2970853248.0,10.0,36.0,55.75248,50.293048,88.882008,1.311,289284.0,0.0,,,,,,26.531892631,928.0,33.32,0.0,0.0,821257296.0,0.0,0.0,0.0,24.0,47.748928,0.0,82.20764799999999,0.03,,,,,,,,0.0,0.0,458.66,210.309597306,35.563972613,97087983600.0,69422175264.0,20980076728.0,10.0,34.0,117.08152799999999,45.77836,83.991192,10.384,1445146.0,0.0,1445146.0,17.493115,0.0,,,83.946925859,2405.0,135.08,,,,,,,31.0,37.313728,23.522807999999998,79.68524,2.0380000000000003,1445146.0,,,,,0.0,1445146.0,193.806555471,2378.0,436.5,359.0,414.1,348.6,69,57,67,64,13.465712,13.465712,1.914277,1.912526
1791341830.25,배치 1,1,0,102.67,30.368137289999996,5.080468268,18045627880.0,14060088200.0,2970881504.0,10.0,36.0,56.801055999999996,50.293048,88.88815199999999,1.311,289286.0,0.0,,,,,,26.767900659,931.0,33.330000000000005,0.0,0.0,821907392.0,0.0,0.0,0.0,24.0,47.748928,0.0,82.20764799999999,0.03,,,,,,,,0.0,0.0,458.75000000000006,210.31672020000002,35.565024643,97089460968.0,69422389416.0,20980098336.0,10.0,34.0,118.13010399999999,45.77836,84.034712,10.384,1445148.0,1.0,1445148.0,17.493565,0.0,,,84.042112699,2407.0,135.12,,,,,,,33.0,38.362304,23.522807999999998,79.74112,2.0380000000000003,1445148.0,,,,,0.0,1445148.0,193.869532024,2380.0,437.3,359.8,416.9,353.3,69,57,67,64,16.317032,16.317032,5.31084,5.311417
1791341831.26,배치 1,1,0,102.68,30.376712828000002,5.081325973,18046851744.0,14060324320.0,2970899200.0,10.0,36.0,57.849632,50.293048,88.88892,1.311,289288.0,0.0,,,,,,26.781835798,933.0,33.34,0.0,0.0,822557056.0,0.0,0.0,0.0,24.0,48.797503999999996,0.0,82.211744,0.03,,,,,,,,0.0,0.0,458.76000000000005,210.32171841599998,35.565746141,97090748816.0,69422483688.0,20980112152.0,10.0,34.0,119.17868,45.77836,84.034712,10.384,1445150.0,0.0,1445150.0,17.494018,0.0,,,84.75256097,2408.0,135.14000000000001,,,,,,,33.0,39.41088,23.522807999999998,79.74112,2.0380000000000003,1445150.0,,,,,0.0,1445150.0,193.931472816,2381.0,437.3,359.8,416.9,353.3,69,57,67,64,16.317032,16.317032,5.31084,5.311417
1791341832.27,배치 1,1,0,102.69000000000001,30.382862539,5.081325973,18047859856.0,14060362288.0,2970899200.0,10.0,36.0,58.898208,50.293048,88.88892,1.311,289288.0,0.0,,,,,,26.781835798,933.0,33.35,0.0,0.0,823206512.0,0.0,0.0,0.0,24.0,48.797503999999996,0.0,82.215328,0.03,,,,,,,,0.0,0.0,458.78000000000003,210.32744088599998,35.566297417,97091618048.0,69422529392.0,20980122704.0,10.0,34.0,120.227256,45.77836,84.034712,10.384,1445150.0,0.0,1445150.0,17.494018,0.0,,,84.862822247,2409.0,135.14000000000001,,,,,,,33.0,40.459455999999996,23.522807999999998,79.74112,2.0380000000000003,1445150.0,,,,,0.0,1445150.0,193.958865899,2382.0,437.3,359.8,416.9,353.3,69,57,67,64,16.317032,16.317032,5.31084,5.311417
1791341833.28,배치 1,1,0,102.71000000000001,30.389902961000004,5.081325973,18048869520.0,14060401312.0,2970899200.0,10.0,36.0,59.946783999999994,50.293048,88.88892,1.311,289288.0,0.0,,,,,,26.781835798,933.0,33.36,0.0,0.0,823856016.0,0.0,0.0,0.0,24.0,49.84608,0.0,82.215328,0.03,,,,,,,,0.0,0.0,458.79,210.33543103800002,35.566297417,97092487344.0,69422572584.0,20980122704.0,10.0,34.0,121.275832,45.77836,84.034712,10.384,1445150.0,0.0,1445150.0,17.494018,0.0,,,84.862822247,2409.0,135.15,,,,,,,33.0,41.508032,23.522807999999998,79.75583999999999,2.0380000000000003,1445150.0,,,,,0.0,1445150.0,193.958865899,2382.0,436.8,359.3,416.9,352.9,69,57,67,67,0.00344,0.00344,8.449803,8.450219
1791341834.29,배치 1,1,0,102.72000000000001,30.395564467,5.081325973,18049901968.0,14060463664.0,2970899200.0,10.0,36.0,59.946783999999994,50.293048,88.88892,1.311,289288.0,2.0,,,,,,26.781835798,933.0,33.36,0.0,0.0,824505536.0,0.0,0.0,0.0,24.0,50.894656,0.0,82.215328,0.03,,,,,,,,0.0,0.0,458.8,210.340431964,35.566297417,97093267144.0,69422601440.0,20980122704.0,10.0,34.0,122.32440799999999,45.77836,84.034712,10.384,1445150.0,0.0,1445150.0,17.494018,0.0,,,84.862822247,2409.0,135.20000000000002,,,,,,,33.0,42.556608,23.522807999999998,79.76723199999999,2.0380000000000003,1445150.0,,,,,0.0,1445150.0,193.958865899,2382.0,436.8,359.3,416.9,352.9,69,57,67,67,0.00344,0.00344,8.449803,8.450219
1791341835.3,배치 1,1,0,102.73,30.402787413,5.082068248,18051010648.0,14060583440.0,2970918080.0,10.0,36.0,60.99536,50.293048,88.88892,1.311,289290.0,0.0,,,,,,26.788415684,935.0,33.36,0.0,0.0,825154896.0,0.0,0.0,0.0,24.0,50.894656,0.0,82.215328,0.03,,,,,,,,0.0,0.0,458.82000000000005,210.347030603,35.566850527,97094448416.0,69422723736.0,20980146624.0,10.0,34.0,123.37298399999999,45.77836,84.034712,10.384,1445152.0,0.0,1445152.0,17.49447,0.0,,,84.875276231,2410.0,135.21,,,,,,,31.0,43.605184,23.522807999999998,79.78246399999999,2.0380000000000003,1445152.0,,,,,0.0,1445152.0,193.966686099,2383.0,437.2,359.3,417.4,352.9,69,57,67,66,0.0028,0.0028,11.290497,11.290875
1791341836.32,배치 1,1,0,102.76,30.408572196999998,5.082068248,18052018032.0,14060619728.0,2970918080.0,10.0,36.0,62.043935999999995,50.293048,88.89916,1.311,289290.0,0.0,,,,,,26.788415684,935.0,33.370000000000005,0.0,0.0,825805344.0,0.0,0.0,0.0,24.0,51.943231999999995,0.0,82.216224,0.03,,,,,,,,0.0,0.0,458.83000000000004,210.353017877,35.566850527,97095272304.0,69422759784.0,20980146624.0,10.0,34.0,124.42156,45.77836,84.034712,10.384,1445152.0,0.0,1445152.0,17.49447,0.0,,,84.875276231,2410.0,135.21,,,,,,,31.0,44.65376,23.522807999999998,79.802728,2.0380000000000003,1445152.0,,,,,0.0,1445152.0,193.966686099,2383.0,437.2,359.3,417.4,352.9,69,57,67,66,0.0028,0.0028,11.290497,11.290875
1791341837.33,배치 1,1,0,102.77000000000001,30.414289445,5.082068248,18053019544.0,14060651160.0,2970918080.0,10.0,36.0,64.141088,50.293048,88.89916,1.311,289290.0,0.0,,,,,,26.788415684,935.0,33.370000000000005,0.0,0.0,826454848.0,0.0,0.0,0.0,24.0,52.991808,0.0,82.216224,0.03,,,,,,,,0.0,0.0,458.84000000000003,210.359237136,35.566850527,97096096656.0,69422796232.0,20980146624.0,10.0,34.0,125.470136,45.77836,84.03612,10.384,1445152.0,0.0,1445152.0,17.49447,0.0,,,84.875276231,2410.0,135.22,,,,,,,31.0,45.702335999999995,23.522807999999998,79.822312,2.0380000000000003,1445152.0,,,,,0.0,1445152.0,193.966686099,2383.0,437.2,359.3,417.4,352.9,69,57,67,66,0.0028,0.0028,11.290497,11.290875
1791341838.34,배치 1,1,0,102.78,30.42154576,5.082068248,18054027256.0,14060688856.0,2970918080.0,10.0,36.0,65.189664,50.293048,88.89916,1.311,289290.0,0.0,,,,,,26.788415684,935.0,33.38,0.0,0.0,827104208.0,0.0,0.0,0.0,24.0,52.991808,0.0,82.216224,0.03,,,,,,,,0.0,0.0,458.85,210.365505724,35.566850527,97096921360.0,69422833144.0,20980146624.0,10.0,34.0,126.518712,45.77836,84.03612,10.384,1445152.0,0.0,1445152.0,17.49447,0.0,,,84.875276231,2410.0,135.23000000000002,,,,,,,31.0,46.750912,23.522807999999998,79.823768,2.0380000000000003,1445152.0,,,,,0.0,1445152.0,193.966686099,2383.0,436.5,359.5,416.6,352.3,69,57,67,64,0.0028,0.0028,13.990551,13.99084
1791341839.35,배치 1,1,0,102.80000000000001,30.429125921,5.082568762,18055093832.0,14060774584.0,2970928648.0,10.0,36.0,66.23823999999999,50.293048,88.91968,1.311,289291.0,0.0,,,,,,26.792835668,936.0,33.38,0.0,0.0,827753712.0,0.0,0.0,0.0,24.0,54.040383999999996,0.0,82.22176,0.03,,,,,,,,0.0,0.0,458.87,210.37306692200002,35.56757401,97098057496.0,69422919912.0,20980160520.0,10.0,34.0,127.56728799999999,45.77836,84.038552,10.384,1445153.0,0.0,1445153.0,17.494695,0.0,,,84.884078237,2411.0,135.24,,,,,,,31.0,47.799488,23.522807999999998,79.823768,2.0380000000000003,1445153.0,,,,,0.0,1445153.0,193.976181298,2384.0,436.5,359.5,416.6,352.3,69,57,67,64,0.0028,0.0028,13.990551,13.99084
1791341840.36,배치 1,1,0,102.81,30.437277714,5.083426778,18056224488.0,14060917568.0,2970946336.0,10.0,36.0,67.286816,50.293048,88.939264,1.311,289293.0,0.0,,,,,,26.799523916,938.0,33.39,0.0,0.0,828403096.0,0.0,0.0,0.0,24.0,54.040383999999996,0.0,82.241344,0.03,,,,,,,,0.0,0.0,458.88000000000005,210.379597209,35.568744442,97099491728.0,69423084704.0,20980184952.0,10.0,34.0,128.615864,45.77836,84.039448,10.384,1445155.0,1.0,1445155.0,17.495145,0.0,,,84.903215839,2413.0,135.25,,,,,,,31.0,48.848064,23.522807999999998,79.823768,2.0380000000000003,1445155.0,,,,,0.0,1445155.0,193.994716381,2386.0,436.5,359.5,416.6,352.3,69,57,67,64,0.0028,0.0028,13.990551,13.99084
1791341841.37,-,1,0,102.83000000000001,30.443632414,5.083668931,18057317576.0,14061033432.0,2970953456.0,10.0,36.0,67.286816,50.293048,88.940544,1.311,289294.0,1.0,,,,,,26.802641208,939.0,33.4,0.0,0.0,829052600.0,0.0,0.0,0.0,24.0,55.08896,0.0,82.24262399999999,0.03,,,,,,,,0.0,0.0,458.94000000000005,210.386582429,35.57025396,97100877728.0,69423200208.0,20980209400.0,10.0,34.0,129.66443999999998,45.77836,84.066968,10.384,1445157.0,0.0,1445157.0,17.495597999999998,0.0,,,84.929123091,2415.0,135.26000000000002,,,,,,,31.0,49.89664,23.522807999999998,79.823768,2.0380000000000003,1445157.0,,,,,0.0,1445157.0,194.014983224,2388.0,437.0,359.6,418.1,352.9,69,57,67,64,0.012664,0.012664,16.73876,16.739033
1791341842.38,-,1,0,102.84,30.449819497,5.084202397,18058362104.0,14061097360.0,2970964032.0,10.0,36.0,68.335392,50.293048,88.940544,1.311,289295.0,0.0,,,,,,26.806424308,940.0,33.410000000000004,0.0,0.0,829702104.0,0.0,0.0,0.0,24.0,56.137536,0.0,82.24262399999999,0.03,,,,,,,,0.0,0.0,458.95000000000005,210.39186888,35.57025396,97101699680.0,69423234432.0,20980209400.0,10.0,34.0,130.71301599999998,45.77836,84.066968,10.384,1445157.0,0.0,1445157.0,17.495597999999998,0.0,,,84.929123091,2415.0,135.27,,,,,,,31.0,50.945215999999995,23.522807999999998,79.831576,2.0380000000000003,1445157.0,,,,,0.0,1445157.0,194.014983224,2388.0,437.0,359.6,418.1,352.9,69,57,67,64,0.012664,0.012664,16.73876,16.739033
1791341843.39,-,1,0,102.85000000000001,30.45602478,5.084202397,18059368984.0,14061134072.0,2970964032.0,10.0,36.0,69.383968,50.293048,88.940544,1.311,289295.0,0.0,,,,,,26.806424308,940.0,33.410000000000004,0.0,0.0,830351560.0,0.0,0.0,0.0,24.0,56.137536,0.0,82.243904,0.03,,,,,,,,0.0,0.0,458.96000000000004,210.39811128099998,35.57025396,97102526408.0,69423270480.0,20980209400.0,10.0,34.0,131.761592,45.77836,84.06876,10.384,1445157.0,0.0,1445157.0,17.495597999999998,0.0,,,84.929123091,2415.0,135.27,,,,,,,31.0,50.945215999999995,23.522807999999998,79.833112,2.0380000000000003,1445157.0,,,,,0.0,1445157.0,194.014983224,2388.0,436.0,359.6,416.7,352.7,69,57,67,64,0.003576,0.003576,19.467663,19.46801
1791341844.39,-,1,0,102.87,30.462589955,5.084202397,18060403736.0,14061198784.0,2970964032.0,10.0,36.0,71.48111999999999,50.293048,88.94207999999999,1.311,289295.0,2.0,,,,,,26.806424308,940.0,33.46,0.0,0.0,831000968.0,0.0,0.0,0.0,24.0,57.186111999999994,0.0,82.27078399999999,0.03,,,,,,,,0.0,0.0,458.98,210.404271088,35.57025396,97103350280.0,69423306552.0,20980209400.0,10.0,34.0,132.810168,45.77836,84.06876,10.384,1445157.0,0.0,1445157.0,17.495597999999998,0.0,,,84.929123091,2415.0,135.29000000000002,,,,,,,31.0,51.993792,23.522807999999998,79.833112,2.0380000000000003,1445157.0,,,,,0.0,1445157.0,194.014983224,2388.0,436.0,359.6,416.7,352.7,69,57,67,64,0.003576,0.003576,19.467663,19.46801
1791341845.4,-,1,0,102.87,30.469099117999995,5.084873645,18061512104.0,14061318176.0,2970982912.0,10.0,36.0,72.529696,50.293048,88.94207999999999,1.311,289297.0,0.0,,,,,,26.816311735,942.0,33.47,0.0,0.0,831650472.0,0.0,0.0,0.0,24.0,58.234688,0.0,82.27078399999999,0.03,,,,,,,,0.0,0.0,458.99,210.410581558,35.570831615,97104496304.0,69423428856.0,20980233320.0,10.0,34.0,132.810168,45.77836,84.06876,10.384,1445159.0,0.0,1445159.0,17.49605,0.0,,,84.941525378,2416.0,135.3,,,,,,,31.0,54.090944,23.522807999999998,79.833112,2.0380000000000003,1445159.0,,,,,0.0,1445159.0,194.02149772,2389.0,436.0,359.6,416.7,352.7,69,57,67,64,0.003576,0.003576,19.467663,19.46801
1791341846.41,-,1,0,102.89,30.475584292999997,5.084873645,18062519520.0,14061354464.0,2970982912.0,10.0,36.0,73.578272,50.293048,88.94207999999999,1.311,289297.0,0.0,,,,,,26.816311735,942.0,33.47,0.0,0.0,832301168.0,0.0,0.0,0.0,24.0,58.234688,0.0,82.271552,0.03,,,,,,,,0.0,0.0,459.00000000000006,210.41692192,35.570831615,97105320144.0,69423464904.0,20980233320.0,10.0,34.0,134.90732,45.77836,84.06876,10.384,1445159.0,0.0,1445159.0,17.49605,0.0,,,84.941525378,2416.0,135.3,,,,,,,31.0,55.13952,23.522807999999998,79.833112,2.0380000000000003,1445159.0,,,,,0.0,1445159.0,194.02149772,2389.0,436.9,360.1,416.7,352.6,69,57,67,64,0.002776,0.002776,22.309112,22.309455
1791341847.42,-,1,0,102.9,30.481464425999995,5.084873645,18063525896.0,14061390728.0,2970982912.0,10.0,36.0,74.626848,50.293048,88.94207999999999,1.311,289297.0,0.0,,,,,,26.816311735,942.0,33.480000000000004,0.0,0.0,832950696.0,0.0,0.0,0.0,24.0,59.283263999999996,0.0,82.273088,0.03,,,,,,,,0.0,0.0,459.01000000000005,210.422945218,35.570831615,97106145048.0,69423501424.0,20980233320.0,10.0,34.0,134.90732,45.77836,84.06876,10.384,1445159.0,0.0,1445159.0,17.49605,0.0,,,84.941525378,2416.0,135.31,,,,,,,31.0,56.188095999999994,23.522807999999998,79.833112,2.0380000000000003,1445159.0,,,,,0.0,1445159.0,194.02149772,2389.0,436.9,360.1,416.7,352.6,69,57,67,64,0.002776,0.002776,22.309112,22.309455
1791341848.43,-,1,0,102.91000000000001,30.488044701999996,5.084873645,18064530272.0,14061423920.0,2970982912.0,10.0,36.0,74.626848,50.293048,88.94207999999999,1.311,289297.0,0.0,,,,,,26.816311735,942.0,33.480000000000004,0.0,0.0,833600264.0,0.0,0.0,0.0,24.0,60.33184,0.0,82.273088,0.03,,,,,,,,0.0,0.0,459.02000000000004,210.429400267,35.570831615,97106969952.0,69423538552.0,20980233320.0,10.0,34.0,135.955896,45.77836,84.06876,10.384,1445159.0,0.0,1445159.0,17.49605,0.0,,,84.941525378,2416.0,135.32000000000002,,,,,,,31.0,57.236672,23.522807999999998,79.83388,2.0380000000000003,1445159.0,,,,,0.0,1445159.0,194.02149772,2389.0,436.9,360.1,416.7,352.6,69,57,67,64,0.002776,0.002776,22.309112,22.309455
1791341849.45,-,1,0,102.93,30.495097171999998,5.085181758,18065596888.0,14061509888.0,2970993480.0,10.0,36.0,75.67542399999999,50.293048,88.94528,1.311,289298.0,0.0,,,,,,26.819711846,943.0,33.49,0.0,0.0,834249672.0,0.0,0.0,0.0,24.0,60.33184,0.0,82.273088,0.03,,,,,,,,0.0,0.0,459.03000000000003,210.436565255,35.571419359,97108107384.0,69423625320.0,20980247216.0,10.0,34.0,138.053048,45.77836,84.06876,10.384,1445160.0,0.0,1445160.0,17.496275,0.0,,,84.973294855,2417.0,135.33,,,,,,,31.0,58.285247999999996,23.522807999999998,79.835032,2.0380000000000003,1445160.0,,,,,0.0,1445160.0,194.050965298,2390.0,437.1,359.3,416.7,351.8,69,57,67,64,0.00284,0.00284,24.986902,24.987216
1791341850.45,-,1,0,102.94000000000001,30.500761016,5.085406757,18066690552.0,14061626400.0,2971000600.0,10.0,36.0,77.772576,50.293048,88.94528,1.311,289299.0,1.0,,,,,,26.82283273,944.0,33.5,0.0,0.0,834929800.0,0.0,0.0,0.0,24.0,26.757959999999997,0.0,82.29320799999999,0.032,,,,,,,,0.0,0.0,459.06,210.44365882099999,35.572428841,97109573424.0,69423790416.0,20980271648.0,10.0,34.0,41.494,38.72244,84.06876,10.387,1445162.0,1.0,1445162.0,17.496724999999998,0.0,,,85.006661646,2419.0,135.33,,,,,,,31.0,58.285247999999996,23.522807999999998,79.835032,2.0380000000000003,1445162.0,,,,,0.0,1445162.0,194.073384258,2392.0,437.1,359.3,416.7,351.8,69,57,67,64,0.00284,0.00284,24.986902,24.987216
1791341851.47,-,1,0,102.96000000000001,30.508544216,5.086142284,18067819464.0,14061767448.0,2971018288.0,10.0,36.0,78.821152,50.293048,88.94528,1.311,289301.0,1.0,,,,,,26.830273243,946.0,33.510000000000005,0.0,0.0,835579232.0,0.0,0.0,0.0,24.0,26.757959999999997,0.0,82.29320799999999,0.032,,,,,,,,0.0,0.0,459.08000000000004,210.450540571,35.573647647,97110959352.0,69423901216.0,20980296096.0,10.0,34.0,41.494,38.72244,84.06876,10.387,1445164.0,0.0,1445164.0,17.497177999999998,0.0,,,85.025576292,2421.0,135.34,,,,,,,31.0,59.333824,23.522807999999998,79.835032,2.0380000000000003,1445164.0,,,,,0.0,1445164.0,194.091266345,2394.0,437.1,359.3,416.7,351.8,69,57,67,64,0.00284,0.00284,24.986902,24.987216
1791341852.48,-,1,0,102.97000000000001,30.515624818,5.086656108,18068864008.0,14061831376.0,2971028864.0,10.0,36.0,79.869728,50.293048,88.94655999999999,1.311,289302.0,0.0,,,,,,26.834789243,947.0,33.510000000000005,0.0,0.0,836228616.0,0.0,0.0,0.0,24.0,27.806535999999998,0.0,82.29320799999999,0.032,,,,,,,,0.0,0.0,459.09000000000003,210.456740407,35.573647647,97111785256.0,69423939400.0,20980296096.0,10.0,34.0,42.542576,38.72244,84.06876,10.387,1445164.0,0.0,1445164.0,17.497177999999998,0.0,,,85.025576292,2421.0,135.35,,,,,,,31.0,60.3824,23.522807999999998,79.835032,2.0380000000000003,1445164.0,,,,,0.0,1445164.0,194.091266345,2394.0,436.9,359.4,417.8,352.7,69,57,67,64,0.003664,0.002792,27.685947,27.686369
1791341853.48,-,1,0,102.98,30.521747267000002,5.086656108,18069870712.0,14061868064.0,2971028864.0,10.0,36.0,80.91830399999999,50.293048,88.94655999999999,1.311,289302.0,0.0,,,,,,26.834789243,947.0,33.510000000000005,0.0,0.0,836878024.0,0.0,0.0,0.0,24.0,28.855112,0.0,82.29320799999999,0.032,,,,,,,,0.0,0.0,459.11,210.463175807,35.573647647,97112610200.0,69423975456.0,20980296096.0,10.0,34.0,43.591152,38.72244,84.06876,10.387,1445164.0,0.0,1445164.0,17.497177999999998,0.0,,,85.025576292,2421.0,135.35,,,,,,,31.0,61.430975999999994,23.522807999999998,79.836696,2.0380000000000003,1445164.0,,,,,0.0,1445164.0,194.091266345,2394.0,436.9,359.4,417.8,352.7,69,57,67,64,0.003664,0.002792,27.685947,27.686369
1791341854.48,-,1,0,102.99000000000001,30.528107362,5.086656108,18070905400.0,14061932776.0,2971028864.0,10.0,36.0,80.91830399999999,50.293048,88.94655999999999,1.311,289302.0,2.0,,,,,,26.834789243,947.0,33.52,0.0,0.0,837527464.0,0.0,0.0,0.0,24.0,28.855112,0.0,82.29320799999999,0.032,,,,,,,,0.0,0.0,459.12,210.469336841,35.573647647,97113433976.0,69424011480.0,20980296096.0,10.0,34.0,44.639728,38.72244,84.06876,10.387,1445164.0,0.0,1445164.0,17.497177999999998,0.0,,,85.025576292,2421.0,135.36,,,,,,,31.0,62.479552,23.522807999999998,79.83771999999999,2.0380000000000003,1445164.0,,,,,0.0,1445164.0,194.091266345,2394.0,436.9,359.9,416.6,352.9,69,57,67,64,0.00408,0.00408,30.659807,30.660224
1791341855.5,-,1,0,103.01,30.535020156,5.087346818,18072014144.0,14062052504.0,2971047744.0,10.0,36.0,81.96688,50.293048,88.95539199999999,1.311,289304.0,0.0,,,,,,26.842218897,949.0,33.52,0.0,0.0,838176968.0,0.0,0.0,0.0,24.0,28.855112,0.0,82.29320799999999,0.032,,,,,,,,0.0,0.0,459.13000000000005,210.475820408,35.574165419,97114582272.0,69424133848.0,20980320016.0,10.0,34.0,45.688303999999995,38.72244,84.06876,10.387,1445166.0,0.0,1445166.0,17.49763,0.0,,,85.034968795,2422.0,135.37,,,,,,,31.0,63.528127999999995,23.522807999999998,79.83771999999999,2.0380000000000003,1445166.0,,,,,0.0,1445166.0,194.099133892,2395.0,436.9,359.9,416.6,352.9,69,57,67,64,0.00408,0.00408,30.659807,30.660224
1791341856.5,-,1,0,103.03,30.540838099,5.087346818,18073023032.0,14062088792.0,2971047744.0,10.0,36.0,83.015456,50.293048,88.95539199999999,1.311,289304.0,0.0,,,,,,26.842218897,949.0,33.53,0.0,0.0,838828440.0,0.0,0.0,0.0,24.0,29.903688,0.0,82.29320799999999,0.032,,,,,,,,0.0,0.0,459.14000000000004,210.481510813,35.574165419,97115406104.0,69424169896.0,20980320016.0,10.0,34.0,45.688303999999995,38.72244,84.06876,10.387,1445166.0,0.0,1445166.0,17.49763,0.0,,,85.034968795,2422.0,135.38,,,,,,,31.0,64.57670399999999,23.522807999999998,79.83771999999999,2.0380000000000003,1445166.0,,,,,0.0,1445166.0,194.099133892,2395.0,436.9,359.9,416.6,352.9,69,57,67,64,0.00408,0.00408,30.659807,30.660224
1791341857.51,-,1,0,103.04,30.546728774,5.087346818,18074024528.0,14062120200.0,2971047744.0,10.0,36.0,84.064032,50.293048,88.957696,1.311,289304.0,0.0,,,,,,26.842218897,949.0,33.53,0.0,0.0,839477944.0,0.0,0.0,0.0,24.0,29.903688,0.0,82.294232,0.032,,,,,,,,0.0,0.0,459.15000000000003,210.48771472800001,35.574165419,97116230472.0,69424206416.0,20980320016.0,10.0,34.0,46.73688,38.72244,84.06876,10.387,1445166.0,0.0,1445166.0,17.49763,0.0,,,85.034968795,2422.0,135.38,,,,,,,31.0,65.62528,23.522807999999998,79.83771999999999,2.0380000000000003,1445166.0,,,,,0.0,1445166.0,194.099133892,2395.0,437.3,359.6,417.3,353.1,69,57,67,64,0.002776,0.002776,33.420584,33.420899
1791341858.52,-,1,0,103.05000000000001,30.553467218999998,5.087346818,18075032528.0,14062158080.0,2971047744.0,10.0,36.0,85.112608,50.293048,88.957696,1.311,289304.0,0.0,,,,,,26.842218897,949.0,33.54,0.0,0.0,840127352.0,0.0,0.0,0.0,24.0,30.952264,0.0,82.294232,0.032,,,,,,,,0.0,0.0,459.16,210.494469787,35.574165419,97117055168.0,69424243304.0,20980320016.0,10.0,34.0,47.785455999999996,38.72244,84.06876,10.387,1445166.0,0.0,1445166.0,17.49763,0.0,,,85.034968795,2422.0,135.39000000000001,,,,,,,31.0,66.673856,23.522807999999998,79.840792,2.0380000000000003,1445166.0,,,,,0.0,1445166.0,194.099133892,2395.0,437.3,359.6,417.3,353.1,69,57,67,64,0.002776,0.002776,33.420584,33.420899
1791341859.54,-,1,0,103.06,30.56000968,5.087346818,18076062680.0,14062218208.0,2971047744.0,10.0,36.0,87.20976,50.293048,88.957696,1.311,289304.0,1.0,,,,,,26.842218897,949.0,33.54,0.0,0.0,840776856.0,0.0,0.0,0.0,24.0,32.00084,0.0,82.294232,0.032,,,,,,,,0.0,0.0,459.17,210.501379951,35.57471762,97118195248.0,69424330352.0,20980333912.0,10.0,34.0,48.834032,38.72244,84.06876,10.387,1445167.0,0.0,1445167.0,17.497854999999998,0.0,,,85.050736011,2423.0,135.4,,,,,,,31.0,67.722432,23.522807999999998,79.840792,2.0380000000000003,1445167.0,,,,,0.0,1445167.0,194.105926304,2396.0,437.3,359.6,417.3,353.1,69,57,67,64,0.002776,0.002776,33.420584,33.420899
1791341860.54,-,1,0,103.09,30.566767897,5.088016416,18077192744.0,14062360472.0,2971065432.0,10.0,36.0,88.258336,50.293048,88.96184799999999,1.311,289306.0,1.0,,,,,,26.850106827,951.0,33.54,0.0,0.0,841426264.0,0.0,0.0,0.0,24.0,32.00084,0.0,82.294232,0.032,,,,,,,,0.0,0.0,459.20000000000005,210.508620699,35.575857466,97119638096.0,69424495376.0,20980358344.0,10.0,34.0,50.931183999999995,38.72244,84.073624,10.387,1445169.0,1.0,1445169.0,17.498305,0.0,,,85.071294674,2425.0,135.41,,,,,,,31.0,68.771008,23.522807999999998,79.841816,2.0380000000000003,1445169.0,,,,,0.0,1445169.0,194.120376127,2398.0,437.1,359.6,417.9,352.3,69,57,67,64,0.005344,0.005344,36.103144,36.103516
1791341861.55,-,1,0,103.10000000000001,30.573205686999998,5.088870137,18078321456.0,14062501472.0,2971083120.0,10.0,36.0,89.306912,50.293048,88.99754399999999,1.311,289308.0,1.0,,,,,,26.859704362,953.0,33.550000000000004,0.0,0.0,842075624.0,0.0,0.0,0.0,24.0,33.049416,0.0,82.297304,0.032,,,,,,,,0.0,0.0,459.21000000000004,210.514682081,35.577061094,97121026824.0,69424605432.0,20980382792.0,10.0,34.0,51.97976,38.72244,84.073624,10.387,1445171.0,0.0,1445171.0,17.498758,0.0,,,85.120706929,2427.0,135.43,,,,,,,31.0,69.81958399999999,23.522807999999998,79.841816,2.0380000000000003,1445171.0,,,,,0.0,1445171.0,194.166609104,2400.0,437.1,359.6,417.9,352.3,69,57,67,64,0.005344,0.005344,36.103144,36.103516
1791341862.57,-,1,0,103.11,30.579808803000002,5.08932184,18079365736.0,14062565184.0,2971093696.0,10.0,36.0,90.355488,50.293048,88.99754399999999,1.311,289309.0,0.0,,,,,,26.870140541,954.0,33.550000000000004,0.0,0.0,842725144.0,0.0,0.0,0.0,24.0,34.097992,0.0,82.297304,0.032,,,,,,,,0.0,0.0,459.22,210.52026069599998,35.577061094,97121852600.0,69424643448.0,20980382792.0,10.0,34.0,53.028335999999996,38.72244,84.073624,10.387,1445171.0,0.0,1445171.0,17.498758,0.0,,,85.120706929,2427.0,135.43,,,,,,,31.0,70.86816,23.522807999999998,79.841816,2.0380000000000003,1445171.0,,,,,0.0,1445171.0,194.166609104,2400.0,437.1,359.6,417.9,352.3,69,57,67,64,0.005344,0.005344,36.103144,36.103516
1791341863.58,-,1,0,103.17,30.585897344,5.08932184,18080372352.0,14062601872.0,2971093696.0,10.0,36.0,91.40406399999999,50.293048,89.030952,1.311,289309.0,0.0,,,,,,26.870140541,954.0,33.56,0.0,0.0,843374480.0,0.0,0.0,0.0,24.0,34.097992,0.0,82.299864,0.032,,,,,,,,0.0,0.0,459.23,210.52625959099998,35.577061094,97122677672.0,69424679496.0,20980382792.0,10.0,34.0,53.028335999999996,38.72244,84.073624,10.387,1445171.0,0.0,1445171.0,17.498758,0.0,,,85.120706929,2427.0,135.43,,,,,,,31.0,71.916736,23.522807999999998,79.841816,2.0380000000000003,1445171.0,,,,,0.0,1445171.0,194.166609104,2400.0,435.8,359.6,417.6,352.9,69,57,67,64,0.003928,0.003928,39.07958,39.07995
1791341864.59,-,1,0,103.18,30.592101043000003,5.08932184,18081406936.0,14062666560.0,2971093696.0,10.0,36.0,92.45264,50.293048,89.030952,1.311,289309.0,2.0,,,,,,26.870140541,954.0,33.57,0.0,0.0,844024032.0,0.0,0.0,0.0,24.0,35.146567999999995,0.0,82.299864,0.032,,,,,,,,0.0,0.0,459.24,210.532680181,35.577061094,97123501664.0,69424715544.0,20980382792.0,10.0,34.0,54.076912,38.72244,84.073624,10.387,1445171.0,0.0,1445171.0,17.498758,0.0,,,85.120706929,2427.0,135.44,,,,,,,31.0,72.965312,23.522807999999998,79.841816,2.0380000000000003,1445171.0,,,,,0.0,1445171.0,194.166609104,2400.0,435.8,359.6,417.6,352.9,69,57,67,64,0.003928,0.003928,39.07958,39.07995
1791341865.6,-,1,0,103.2,30.598622491999997,5.090179268,18082514896.0,14062785664.0,2971112576.0,10.0,36.0,93.501216,50.293048,89.030952,1.311,289311.0,0.0,,,,,,26.877103887,956.0,33.57,0.0,0.0,844673512.0,0.0,0.0,0.0,24.0,35.146567999999995,0.0,82.299864,0.032,,,,,,,,0.0,0.0,459.26000000000005,210.540377531,35.577834319,97124651192.0,69424837096.0,20980406712.0,10.0,34.0,55.125488,38.72244,84.07516,10.387,1445173.0,0.0,1445173.0,17.499209999999998,0.0,,,85.130537162,2428.0,135.45000000000002,,,,,,,31.0,74.013888,23.522807999999998,79.841816,2.0380000000000003,1445173.0,,,,,0.0,1445173.0,194.176198002,2401.0,435.8,359.6,417.6,352.9,69,57,67,64,0.003928,0.003928,39.07958,39.07995
1791341866.6,-,1,0,103.21000000000001,30.604122306999997,5.090179268,18083522248.0,14062821928.0,2971112576.0,10.0,36.0,94.549792,50.293048,89.030952,1.311,289311.0,0.0,,,,,,26.877103887,956.0,33.580000000000005,0.0,0.0,845323888.0,0.0,0.0,0.0,24.0,36.195144,0.0,82.299864,0.032,,,,,,,,0.0,0.0,459.27000000000004,210.546480202,35.577834319,97125475112.0,69424873144.0,20980406712.0,10.0,34.0,56.174063999999994,38.72244,84.07516,10.387,1445173.0,0.0,1445173.0,17.499209999999998,0.0,,,85.130537162,2428.0,135.46,,,,,,,31.0,75.06246399999999,23.522807999999998,79.841816,2.0380000000000003,1445173.0,,,,,0.0,1445173.0,194.176198002,2401.0,436.6,359.4,416.6,352.1,69,57,67,64,0.002776,0.002776,41.933551,41.933817
1791341867.61,-,1,0,103.22000000000001,30.609709805999998,5.090179268,18084523544.0,14062853312.0,2971112576.0,10.0,36.0,95.598368,50.293048,89.03261599999999,1.311,289311.0,0.0,,,,,,26.877103887,956.0,33.580000000000005,0.0,0.0,845973368.0,0.0,0.0,0.0,24.0,37.243719999999996,0.0,82.30076,0.032,,,,,,,,0.0,0.0,459.28000000000003,210.552740823,35.577834319,97126299408.0,69424909592.0,20980406712.0,10.0,34.0,57.22264,38.72244,84.07516,10.387,1445173.0,0.0,1445173.0,17.499209999999998,0.0,,,85.130537162,2428.0,135.48000000000002,,,,,,,31.0,22.927471999999998,23.522807999999998,79.841816,2.04,1445173.0,,,,,0.0,1445173.0,194.176198002,2401.0,436.6,359.4,416.6,352.1,69,57,67,64,0.002776,0.002776,41.933551,41.933817
1791341868.63,-,1,0,103.27000000000001,30.616313552,5.090179268,18085531272.0,14062891144.0,2971112576.0,10.0,36.0,96.64694399999999,50.293048,89.059112,1.311,289311.0,0.0,,,,,,26.877103887,956.0,33.59,0.0,0.0,846622680.0,0.0,0.0,0.0,24.0,37.243719999999996,0.0,82.30076,0.032,,,,,,,,0.0,0.0,459.3,210.559192744,35.577834319,97127124096.0,69424946528.0,20980406712.0,10.0,34.0,58.271215999999995,38.72244,84.07516,10.387,1445173.0,0.0,1445173.0,17.499209999999998,0.0,,,85.130537162,2428.0,135.55,,,,,,,31.0,23.976048,22.474232,79.6982,2.04,1445173.0,,,,,0.0,1445173.0,194.176198002,2401.0,436.6,359.4,416.6,352.1,69,57,67,64,0.002776,0.002776,41.933551,41.933817
1791341869.63,-,1,0,103.28,30.622682107000003,5.090179268,18086560936.0,14062951320.0,2971112576.0,10.0,36.0,96.64694399999999,50.293048,89.059112,1.311,289311.0,1.0,,,,,,26.877103887,956.0,33.59,0.0,0.0,847272112.0,0.0,0.0,0.0,24.0,38.292296,0.0,82.30076,0.032,,,,,,,,0.0,0.0,459.31,210.56635899600002,35.578483453,97128264952.0,69425032528.0,20980420608.0,10.0,34.0,59.319792,38.72244,84.07516,10.387,1445174.0,0.0,1445174.0,17.499435,0.0,,,85.161809842,2429.0,135.56,,,,,,,31.0,25.024624,22.474232,79.6982,2.04,1445174.0,,,,,0.0,1445174.0,194.202599296,2402.0,436.5,359.4,416.8,342.1,69,57,67,64,0.002776,0.002776,44.637836,44.638152
1791341870.64,-,1,0,103.29,30.629572465,5.090818025,18087690232.0,14063093352.0,2971130264.0,10.0,36.0,97.69552,50.293048,89.059112,1.311,289313.0,1.0,,,,,,26.904784448,958.0,33.6,0.0,0.0,847921448.0,0.0,0.0,0.0,24.0,39.340872,0.0,82.301784,0.032,,,,,,,,0.0,0.0,459.32000000000005,210.574825026,35.57884997,97129605016.0,69425164544.0,20980431144.0,10.0,34.0,60.368368,38.72244,84.07516,10.387,1445176.0,0.0,1445176.0,17.499885,0.0,,,85.168672961,2430.0,135.57000000000002,,,,,,,31.0,26.0732,22.474232,79.6982,2.04,1445176.0,,,,,0.0,1445176.0,194.214296759,2404.0,436.5,359.4,416.8,342.1,69,57,67,64,0.002776,0.002776,44.637836,44.638152
1791341871.65,배치 2,1,0,103.31,30.637560719999996,5.091709135,18088818992.0,14063234376.0,2971147952.0,10.0,36.0,99.792672,50.293048,89.05987999999999,1.311,289315.0,1.0,,,,,,26.91271252,960.0,33.61,0.0,0.0,848570880.0,0.0,0.0,0.0,24.0,39.340872,0.0,82.302936,0.032,,,,,,,,0.0,0.0,459.34000000000003,210.58027199999998,35.581166052,97131096488.0,69425286120.0,20980466664.0,10.0,34.0,62.46552,38.72244,84.07516,10.387,1445178.0,0.0,1445178.0,17.500338,0.0,,,85.27654769,2433.0,135.58,,,,,,,31.0,27.121775999999997,22.474232,79.699992,2.04,1445178.0,,,,,0.0,1445178.0,194.252760504,2406.0,436.5,359.4,416.8,342.1,69,57,67,64,0.002776,0.002776,44.637836,44.638152
1791341872.65,배치 2,1,0,105.02000000000001,31.662430284,5.14069244,18560400976.0,14510304392.0,2994407480.0,10.0,36.0,57.955824,38.987992,88.936104,1.435,293412.0,5724.0,,,,,,27.368153837,962.0,33.620000000000005,0.0,0.0,849220872.0,0.0,0.0,0.0,24.0,40.389448,0.0,82.303704,0.032,,,,,,,,0.0,0.0,461.46000000000004,211.69538345799998,35.729185821,97700064576.0,69874185392.0,21082557464.0,10.0,34.0,120.630968,54.435384,83.971096,10.478,1452519.0,1049.0,1452519.0,21.726815,0.0,,,85.585595924,2437.0,135.75,,,,,,,31.0,46.25096,24.571384,79.73580799999999,2.045,1450471.0,,,,,4096.0,1448423.0,194.996529996,2408.0,436.6,359.1,417.6,341.1,69,57,67,64,3.620392,0.449568,48.217148,48.217728
1791341873.66,배치 2,1,0,105.26,31.741965949999997,5.28781295,18647921368.0,14527077232.0,3064163424.0,10.0,36.0,146.036208,38.987992,88.936104,1.435,297508.0,0.0,,,,,,28.32176545,965.0,33.620000000000005,0.0,0.0,849870304.0,0.0,0.0,0.0,24.0,40.389448,0.0,82.303704,0.032,,,,,,,,0.0,0.0,461.76000000000005,211.76572753099998,35.757823862,97772926544.0,69893932008.0,21119543960.0,10.0,34.0,99.678536,59.3358,83.971096,10.487,1455178.0,0.0,1455178.0,23.258343999999997,0.0,,,85.63974348,2439.0,135.97,,,,,,,31.0,25.099936,22.458392,79.533064,2.051,1455178.0,,,,,0.0,1455178.0,195.933198306,2412.0,436.6,359.1,417.6,341.1,69,57,67,64,3.620392,0.449568,48.217148,48.217728
1791341874.67,배치 2,1,0,105.45,31.768027154000002,5.320713276,18676250200.0,14533860336.0,3084665304.0,10.0,36.0,78.732328,49.867743999999995,88.936104,1.438,299316.0,2.0,,,,,,28.532211597,966.0,33.63,0.0,0.0,850519592.0,0.0,0.0,0.0,24.0,41.438024,0.0,82.303704,0.032,,,,,,,,0.0,0.0,461.77000000000004,211.7730063,35.757823862,97773776304.0,69893994048.0,21119543960.0,10.0,34.0,100.72711199999999,59.3358,83.971096,10.487,1455178.0,1.0,1455178.0,23.258343999999997,0.0,,,85.63974348,2439.0,135.98000000000002,,,,,,,31.0,27.197087999999997,22.458392,79.534088,2.051,1455179.0,,,,,0.0,1455179.0,195.941904258,2413.0,436.6,359.1,417.6,341.1,69,57,67,64,3.620392,0.449568,48.217148,48.217728
1791341875.68,배치 2,1,0,105.46000000000001,31.774765143,5.321481748,18677358952.0,14533980616.0,3084684184.0,10.0,36.0,79.78090399999999,49.867743999999995,88.936104,1.438,299318.0,0.0,,,,,,28.538932476,968.0,33.63,0.0,0.0,851169056.0,0.0,0.0,0.0,24.0,42.486599999999996,0.0,82.303704,0.032,,,,,,,,0.0,0.0,461.78000000000003,211.779767628,35.758990492,97775238456.0,69894118704.0,21119569568.0,10.0,34.0,102.824264,59.3358,83.97263199999999,10.487,1455180.0,0.0,1455180.0,23.258796,0.0,,,85.652015922,2441.0,135.99,,,,,,,31.0,27.197087999999997,22.458392,79.534088,2.051,1455180.0,,,,,0.0,1455180.0,195.946991337,2414.0,466.8,359.1,438.7,342.6,69,57,67,64,15.453192,15.453144,3.436405,3.436838
1791341876.68,배치 2,1,0,105.47000000000001,31.780735846000002,5.321481748,18678365784.0,14534016904.0,3084684184.0,10.0,36.0,80.82947999999999,49.867743999999995,88.936104,1.438,299318.0,0.0,,,,,,28.538932476,968.0,33.63,0.0,0.0,851819432.0,0.0,0.0,0.0,24.0,42.486599999999996,0.0,82.303704,0.032,,,,,,,,0.0,0.0,462.31,211.786130403,35.758990492,97776470960.0,69894154776.0,21119569568.0,10.0,36.0,103.87284,59.3358,84.185232,10.487,1455180.0,0.0,1455180.0,23.258796,0.0,,,85.652015922,2441.0,136.0,,,,,,,31.0,28.245663999999998,22.458392,79.541192,2.051,1455180.0,,,,,0.0,1455180.0,195.946991337,2414.0,466.8,359.1,438.7,342.6,69,57,67,64,15.453192,15.453144,3.436405,3.436838
1791341877.69,배치 2,1,0,105.49000000000001,31.787666796,5.321481748,18679373408.0,14534053192.0,3084684184.0,10.0,36.0,81.878056,49.867743999999995,88.936104,1.438,299318.0,0.0,,,,,,28.538932476,968.0,33.64,0.0,0.0,852468904.0,0.0,0.0,0.0,24.0,43.535176,0.0,82.303704,0.032,,,,,,,,0.0,0.0,462.37,211.793277352,35.758990492,97777298752.0,69894191224.0,21119569568.0,10.0,36.0,104.921416,59.3358,84.25806399999999,10.487,1455180.0,0.0,1455180.0,23.258796,0.0,,,85.652015922,2441.0,136.01000000000002,,,,,,,31.0,29.29424,22.458392,79.54196,2.051,1455180.0,,,,,0.0,1455180.0,195.946991337,2414.0,466.0,359.1,479.1,342.8,69,57,75,64,0.0102,0.0102,6.255517,6.255892
1791341878.69,배치 2,1,0,105.5,31.794493687000003,5.321481748,18680380528.0,14534091264.0,3084684184.0,10.0,36.0,82.926632,49.867743999999995,88.936104,1.438,299318.0,0.0,,,,,,28.538932476,968.0,33.64,0.0,0.0,853118336.0,0.0,0.0,0.0,24.0,44.583752,0.0,82.303704,0.032,,,,,,,,0.0,0.0,462.38000000000005,211.79998548,35.758990492,97778128152.0,69894228328.0,21119569568.0,10.0,36.0,105.96999199999999,59.3358,84.258832,10.487,1455180.0,0.0,1455180.0,23.258796,0.0,,,85.652015922,2441.0,136.01000000000002,,,,,,,31.0,29.29424,22.458392,79.54196,2.051,1455180.0,,,,,0.0,1455180.0,195.946991337,2414.0,466.0,359.1,479.1,342.8,69,57,75,64,0.0102,0.0102,6.255517,6.255892
1791341879.7,배치 2,1,0,105.53,31.801394075999998,5.321904825,18681441720.0,14534172304.0,3084694752.0,10.0,36.0,83.975208,49.867743999999995,88.94122399999999,1.438,299319.0,0.0,,,,,,28.541227459,969.0,33.64,0.0,0.0,853767672.0,0.0,0.0,0.0,24.0,44.583752,0.0,82.303704,0.032,,,,,,,,0.0,0.0,462.41,211.808693198,35.759606851,97779301768.0,69894315776.0,21119583464.0,10.0,36.0,107.018568,59.3358,84.28532799999999,10.487,1455181.0,0.0,1455181.0,23.259021,0.0,,,85.658053058,2442.0,136.03,,,,,,,31.0,30.342816,22.458392,79.54797599999999,2.051,1455181.0,,,,,0.0,1455181.0,195.952374106,2415.0,466.0,359.1,479.1,342.8,69,57,75,64,0.0102,0.0102,6.255517,6.255892
1791341880.71,배치 2,1,0,105.55000000000001,31.808737931000003,5.322534223,18682572984.0,14534316368.0,3084712440.0,10.0,36.0,83.975208,49.867743999999995,88.94519199999999,1.438,299321.0,0.0,,,,,,28.55321663,971.0,33.65,0.0,0.0,854416928.0,0.0,0.0,0.0,24.0,45.632328,0.0,82.303704,0.032,,,,,,,,0.0,0.0,462.42,211.817034468,35.760994189,97780781256.0,69894452664.0,21119607896.0,10.0,36.0,108.067144,59.3358,84.28532799999999,10.487,1455183.0,0.0,1455183.0,23.259470999999998,0.0,,,85.698759834,2444.0,136.04000000000002,,,,,,,31.0,31.391392,22.458392,79.550664,2.051,1455183.0,,,,,0.0,1455183.0,195.962593963,2417.0,466.7,359.4,468.5,343.7,69,57,72,64,0.28116,0.28116,9.100979,9.101334
1791341881.71,배치 2,1,0,105.56,31.814294913,5.322760694,18683641576.0,14534408280.0,3084719560.0,10.0,36.0,85.02378399999999,49.867743999999995,88.94519199999999,1.438,299322.0,0.0,,,,,,28.55530405,972.0,33.660000000000004,0.0,0.0,855066312.0,0.0,0.0,0.0,24.0,45.632328,0.0,82.303704,0.032,,,,,,,,0.0,0.0,462.44000000000005,211.824082918,35.762034093,97782273280.0,69894600888.0,21119632344.0,10.0,34.0,109.11572,59.3358,84.29992,10.487,1455185.0,0.0,1455185.0,23.259923999999998,0.0,,,85.72820798,2446.0,136.05,,,,,,,31.0,32.439968,22.458392,79.550664,2.051,1455185.0,,,,,0.0,1455185.0,195.983701884,2419.0,466.7,359.4,468.5,343.7,69,57,72,64,0.28116,0.28116,9.100979,9.101334
1791341882.72,배치 2,1,0,105.58000000000001,31.820738137,5.323236813,18684709736.0,14534495928.0,3084730136.0,10.0,36.0,86.07235999999999,49.867743999999995,88.946344,1.438,299323.0,0.0,,,,,,28.558644082,973.0,33.660000000000004,0.0,0.0,855715776.0,0.0,0.0,0.0,24.0,46.680904,0.0,82.303704,0.032,,,,,,,,0.0,0.0,462.45000000000005,211.82949485900002,35.762034093,97783099480.0,69894639280.0,21119632344.0,10.0,34.0,110.164296,59.3358,84.29992,10.487,1455185.0,0.0,1455185.0,23.259923999999998,0.0,,,85.72820798,2446.0,136.09,,,,,,,30.0,33.488544,22.458392,79.576776,2.051,1455185.0,,,,,0.0,1455185.0,195.983701884,2419.0,466.7,359.4,468.5,343.7,69,57,72,64,0.28116,0.28116,9.100979,9.101334
1791341883.73,배치 2,1,0,105.59,31.82727662,5.323236813,18685716088.0,14534532592.0,3084730136.0,10.0,36.0,87.120936,49.867743999999995,88.94762399999999,1.438,299323.0,0.0,,,,,,28.558644082,973.0,33.68,0.0,0.0,856365216.0,0.0,0.0,0.0,24.0,47.729479999999995,0.0,82.310744,0.032,,,,,,,,0.0,0.0,462.46000000000004,211.836108713,35.762034093,97783924328.0,69894675304.0,21119632344.0,10.0,34.0,111.21287199999999,59.3358,84.29992,10.487,1455185.0,0.0,1455185.0,23.259923999999998,0.0,,,85.72820798,2446.0,136.09,,,,,,,30.0,34.53712,22.458392,79.576776,2.051,1455185.0,,,,,0.0,1455185.0,195.983701884,2419.0,466.2,359.1,467.8,342.2,69,57,68,63,0.003208,0.003208,11.929978,11.930493
1791341884.73,배치 2,1,0,105.60000000000001,31.834061544999997,5.323236813,18686750360.0,14534597280.0,3084730136.0,10.0,36.0,88.169512,49.867743999999995,88.94762399999999,1.438,299323.0,2.0,,,,,,28.558644082,973.0,33.68,0.0,0.0,857014568.0,0.0,0.0,0.0,24.0,47.729479999999995,0.0,82.31164,0.032,,,,,,,,0.0,0.0,462.48,211.842670253,35.762034093,97784771392.0,69894734608.0,21119632344.0,10.0,34.0,112.261448,59.3358,84.300688,10.487,1455185.0,1.0,1455185.0,23.259923999999998,0.0,,,85.72820798,2446.0,136.1,,,,,,,30.0,35.585696,22.458392,79.576776,2.051,1455185.0,,,,,0.0,1455185.0,195.983701884,2419.0,466.2,359.1,467.8,342.2,69,57,68,63,0.003208,0.003208,11.929978,11.930493
1791341885.74,배치 2,1,0,105.61000000000001,31.841897875,5.323945994,18687858968.0,14534717440.0,3084749016.0,10.0,36.0,89.218088,49.867743999999995,88.94762399999999,1.438,299325.0,0.0,,,,,,28.563428421,975.0,33.68,0.0,0.0,857663856.0,0.0,0.0,0.0,24.0,48.778056,0.0,82.31164,0.032,,,,,,,,0.0,0.0,462.50000000000006,211.84922972200002,35.763037146,97786238928.0,69894859736.0,21119657952.0,10.0,34.0,113.310024,59.3358,84.311184,10.487,1455187.0,0.0,1455187.0,23.260375999999997,0.0,,,85.743994317,2448.0,136.11,,,,,,,30.0,36.634271999999996,22.458392,79.576776,2.051,1455187.0,,,,,0.0,1455187.0,195.997863784,2421.0,466.2,359.1,467.8,342.2,69,57,68,63,0.003208,0.003208,11.929978,11.930493
1791341886.75,배치 2,1,0,105.62,31.847763922,5.323945994,18688865936.0,14534753752.0,3084749016.0,10.0,36.0,90.26666399999999,49.867743999999995,88.94762399999999,1.438,299325.0,0.0,,,,,,28.563428421,975.0,33.68,0.0,0.0,858314232.0,0.0,0.0,0.0,24.0,49.826632,0.0,82.31164,0.032,,,,,,,,0.0,0.0,462.66,211.855195155,35.763037146,97787062640.0,69894895760.0,21119657952.0,10.0,34.0,114.3586,59.3358,84.364176,10.487,1455187.0,0.0,1455187.0,23.260375999999997,0.0,,,85.743994317,2448.0,136.14000000000001,,,,,,,30.0,37.682848,22.458392,79.602504,2.051,1455187.0,,,,,0.0,1455187.0,195.997863784,2421.0,466.7,359.1,469.1,343.4,69,57,67,63,0.003208,0.003208,14.647761,14.648072
1791341887.76,배치 2,1,0,105.63000000000001,31.853828831,5.323945994,18689871864.0,14534790072.0,3084749016.0,10.0,36.0,91.31524,49.867743999999995,88.94762399999999,1.438,299325.0,0.0,,,,,,28.563428421,975.0,33.690000000000005,0.0,0.0,858963592.0,0.0,0.0,0.0,24.0,49.826632,0.0,82.31164,0.032,,,,,,,,0.0,0.0,462.72,211.861794391,35.763037146,97787886296.0,69894932264.0,21119657952.0,10.0,34.0,115.40717599999999,59.3358,84.394384,10.487,1455187.0,0.0,1455187.0,23.260375999999997,0.0,,,85.743994317,2448.0,136.16,,,,,,,30.0,38.731424,22.458392,79.602504,2.051,1455187.0,,,,,0.0,1455187.0,195.997863784,2421.0,466.7,359.1,469.1,343.4,69,57,67,63,0.003208,0.003208,14.647761,14.648072
1791341888.76,배치 2,1,0,105.65,31.860065904000002,5.323945994,18690874448.0,14534823040.0,3084749016.0,10.0,36.0,92.363816,49.867743999999995,88.94762399999999,1.438,299325.0,0.0,,,,,,28.563428421,975.0,33.7,0.0,0.0,859613120.0,0.0,0.0,0.0,24.0,50.875208,0.0,82.312536,0.032,,,,,,,,0.0,0.0,462.73,211.86822595299998,35.763037146,97788705160.0,69894964248.0,21119657952.0,10.0,34.0,116.45575199999999,59.3358,84.394384,10.487,1455187.0,0.0,1455187.0,23.260375999999997,0.0,,,85.743994317,2448.0,136.16,,,,,,,30.0,39.78,22.458392,79.602504,2.051,1455187.0,,,,,0.0,1455187.0,195.997863784,2421.0,466.7,359.1,469.1,343.4,69,57,67,63,0.003208,0.003208,14.647761,14.648072
1791341889.76,-,1,0,105.67,31.867392473000002,5.324475815,18692004312.0,14534908920.0,3084759584.0,10.0,36.0,94.460968,49.867743999999995,88.9502,1.438,299326.0,0.0,,,,,,28.566164637,976.0,33.7,0.0,0.0,860262472.0,0.0,0.0,0.0,24.0,51.923784,0.0,82.312536,0.032,,,,,,,,0.0,0.0,462.74,211.875913757,35.763693744,97789874712.0,69895050160.0,21119671848.0,10.0,34.0,117.504328,59.3358,84.394384,10.487,1455188.0,0.0,1455188.0,23.260600999999998,0.0,,,85.753429405,2449.0,136.17000000000002,,,,,,,30.0,40.828576,22.458392,79.602504,2.051,1455188.0,,,,,0.0,1455188.0,196.003690401,2422.0,467.2,359.7,468.9,343.6,69,57,68,63,0.003208,0.003208,17.392889,17.393329
1791341890.77,-,1,0,105.69000000000001,31.875136434999998,5.324756173,18693193024.0,14535120760.0,3084766704.0,10.0,36.0,95.50954399999999,49.867743999999995,88.964672,1.438,299327.0,1.0,,,,,,28.568647483,977.0,33.71,0.0,0.0,860911760.0,0.0,0.0,0.0,24.0,51.923784,0.0,82.312536,0.032,,,,,,,,0.0,0.0,462.77000000000004,211.88528760699998,35.764767419,97791455776.0,69895290016.0,21119696280.0,10.0,34.0,119.60148,59.3358,84.417352,10.487,1455190.0,0.0,1455190.0,23.261051,0.0,,,85.769542074,2451.0,136.18,,,,,,,30.0,41.877151999999995,22.458392,79.602504,2.051,1455190.0,,,,,0.0,1455190.0,196.015768949,2424.0,467.2,359.7,468.9,343.6,69,57,68,63,0.003208,0.003208,17.392889,17.393329
1791341891.78,-,1,0,105.7,31.882468484,5.325460195,18694298344.0,14535238736.0,3084784392.0,10.0,36.0,96.55812,49.867743999999995,88.964672,1.438,299329.0,0.0,,,,,,28.573560218,979.0,33.71,0.0,0.0,861561192.0,0.0,0.0,0.0,24.0,52.972359999999995,0.0,82.312536,0.032,,,,,,,,0.0,0.0,462.79,211.892785168,35.766165743,97792943712.0,69895435648.0,21119720728.0,10.0,34.0,120.65005599999999,59.3358,84.4258,10.487,1455192.0,0.0,1455192.0,23.261504,0.0,,,85.78566061,2453.0,136.19,,,,,,,30.0,42.925728,22.458392,79.602504,2.051,1455192.0,,,,,0.0,1455192.0,196.028331894,2426.0,467.2,359.7,468.9,343.6,69,57,68,63,0.003208,0.003208,17.392889,17.393329
1791341892.8,-,1,0,105.71000000000001,31.888784019000003,5.325897754,18695366120.0,14535326312.0,3084794968.0,10.0,36.0,97.606696,49.867743999999995,88.964672,1.438,299330.0,0.0,,,,,,28.58665537,980.0,33.71,0.0,0.0,862210480.0,0.0,0.0,0.0,24.0,54.020936,0.0,82.312536,0.032,,,,,,,,0.0,0.0,462.8,211.89841269800002,35.766165743,97793769024.0,69895474016.0,21119720728.0,10.0,34.0,121.69863199999999,59.3358,84.4258,10.487,1455192.0,0.0,1455192.0,23.261504,0.0,,,85.78566061,2453.0,136.20000000000002,,,,,,,30.0,43.974304,22.458392,79.602504,2.051,1455192.0,,,,,0.0,1455192.0,196.028331894,2426.0,467.2,359.4,469.8,343.9,69,57,67,63,0.003408,0.003408,20.394036,20.394444
1791341893.8,-,1,0,105.72000000000001,31.894818151,5.325897754,18696372704.0,14535363288.0,3084794968.0,10.0,36.0,98.655272,49.867743999999995,88.964672,1.438,299330.0,0.0,,,,,,28.58665537,980.0,33.72,0.0,0.0,862859816.0,0.0,0.0,0.0,24.0,54.020936,0.0,82.312536,0.032,,,,,,,,0.0,0.0,462.92,211.904224972,35.766165743,97794593168.0,69895510280.0,21119720728.0,10.0,34.0,121.69863199999999,59.3358,84.479304,10.487,1455192.0,0.0,1455192.0,23.261504,0.0,,,85.78566061,2453.0,136.20000000000002,,,,,,,30.0,45.02288,22.458392,79.602504,2.051,1455192.0,,,,,0.0,1455192.0,196.028331894,2426.0,467.2,359.4,469.8,343.9,69,57,67,63,0.003408,0.003408,20.394036,20.394444
1791341894.81,-,1,0,105.74000000000001,31.901925314,5.325897754,18697407032.0,14535428032.0,3084794968.0,10.0,36.0,99.703848,49.867743999999995,88.964672,1.438,299330.0,2.0,,,,,,28.58665537,980.0,33.730000000000004,0.0,0.0,863509264.0,0.0,0.0,0.0,24.0,55.069511999999996,0.0,82.312536,0.032,,,,,,,,0.0,0.0,462.97,211.91091831799997,35.766165743,97795734312.0,69895569560.0,21119720728.0,10.0,36.0,123.795784,59.3358,84.520608,10.487,1455192.0,1.0,1455192.0,23.261504,0.0,,,85.78566061,2453.0,136.21,,,,,,,30.0,46.071456,22.458392,79.602504,2.051,1455192.0,,,,,0.0,1455192.0,196.028331894,2426.0,467.7,359.7,468.8,343.8,69,57,67,63,0.003304,0.003304,23.171157,23.171553
1791341895.82,-,1,0,105.75,31.908497312,5.32653786,18698515608.0,14535548144.0,3084813848.0,10.0,36.0,100.75242399999999,49.867743999999995,88.968128,1.438,299332.0,0.0,,,,,,28.591768863,982.0,33.730000000000004,0.0,0.0,864158696.0,0.0,0.0,0.0,24.0,55.069511999999996,0.0,82.313304,0.032,,,,,,,,0.0,0.0,462.99,211.917894196,35.767379814,97797212848.0,69895694576.0,21119752392.0,10.0,36.0,124.84436,59.3358,84.522528,10.487,1455194.0,0.0,1455194.0,23.261955999999998,0.0,,,85.806414838,2455.0,136.22,,,,,,,30.0,47.120031999999995,22.458392,79.602504,2.051,1455194.0,,,,,0.0,1455194.0,196.047442949,2428.0,467.7,359.7,468.8,343.8,69,57,67,63,0.003304,0.003304,23.171157,23.171553
1791341896.83,-,1,0,105.76,31.914488589,5.32653786,18699522600.0,14535584480.0,3084813848.0,10.0,36.0,101.801,49.867743999999995,88.968128,1.438,299332.0,0.0,,,,,,28.591768863,982.0,33.74,0.0,0.0,864809096.0,0.0,0.0,0.0,24.0,56.118088,0.0,82.313304,0.032,,,,,,,,0.0,0.0,463.00000000000006,211.923979418,35.767379814,97798038744.0,69895730672.0,21119752392.0,10.0,36.0,125.89293599999999,59.3358,84.522528,10.487,1455194.0,0.0,1455194.0,23.261955999999998,0.0,,,85.806414838,2455.0,136.22,,,,,,,30.0,48.168608,22.458392,79.602504,2.051,1455194.0,,,,,0.0,1455194.0,196.047442949,2428.0,467.7,359.7,468.8,343.8,69,57,67,63,0.003304,0.003304,23.171157,23.171553
1791341897.85,-,1,0,105.78,31.920863296999997,5.32653786,18700528496.0,14535620792.0,3084813848.0,10.0,36.0,102.849576,49.867743999999995,88.968128,1.438,299332.0,0.0,,,,,,28.591768863,982.0,33.74,0.0,0.0,865458640.0,0.0,0.0,0.0,24.0,57.166664,0.0,82.313304,0.032,,,,,,,,0.0,0.0,463.01000000000005,211.930065204,35.767379814,97798860208.0,69895762288.0,21119752392.0,10.0,36.0,126.94151199999999,59.3358,84.522528,10.487,1455194.0,0.0,1455194.0,23.261955999999998,0.0,,,85.806414838,2455.0,136.23000000000002,,,,,,,30.0,49.217183999999996,22.458392,79.602504,2.051,1455194.0,,,,,0.0,1455194.0,196.047442949,2428.0,466.9,359.9,469.8,343.2,69,57,69,63,0.003264,0.003264,25.861288,25.861561
1791341898.85,-,1,0,105.79,31.927158808,5.32653786,18701531032.0,14535653720.0,3084813848.0,10.0,36.0,103.898152,49.867743999999995,88.968128,1.438,299332.0,0.0,,,,,,28.591768863,982.0,33.74,0.0,0.0,866107976.0,0.0,0.0,0.0,24.0,57.166664,0.0,82.313304,0.032,,,,,,,,0.0,0.0,463.02000000000004,211.936084852,35.767379814,97799687032.0,69895799288.0,21119752392.0,10.0,36.0,127.990088,59.3358,84.522528,10.487,1455194.0,0.0,1455194.0,23.261955999999998,0.0,,,85.806414838,2455.0,136.24,,,,,,,30.0,50.26576,22.458392,79.602504,2.051,1455194.0,,,,,0.0,1455194.0,196.047442949,2428.0,466.9,359.9,469.8,343.2,69,57,69,63,0.003264,0.003264,25.861288,25.861561
1791341899.86,-,1,0,105.80000000000001,31.933133255999998,5.32653786,18702564488.0,14535713608.0,3084813848.0,10.0,36.0,104.946728,49.867743999999995,88.968128,1.438,299332.0,1.0,,,,,,28.591768863,982.0,33.75,0.0,0.0,866757408.0,0.0,0.0,0.0,24.0,58.215239999999994,0.0,82.31637599999999,0.032,,,,,,,,0.0,0.0,463.03000000000003,211.942909786,35.767944616,97800861128.0,69895884904.0,21119766848.0,10.0,34.0,129.03866399999998,59.3358,84.522528,10.487,1455195.0,0.0,1455195.0,23.262180999999998,0.0,,,85.813690523,2456.0,136.25,,,,,,,30.0,51.314336,22.458392,79.602504,2.051,1455195.0,,,,,0.0,1455195.0,196.053758638,2429.0,466.9,359.9,469.8,343.2,69,57,69,63,0.003264,0.003264,25.861288,25.861561
1791341900.87,-,1,0,105.81,31.940312772,5.327241342,18703694656.0,14535856392.0,3084831536.0,10.0,36.0,105.99530399999999,49.867743999999995,88.969664,1.438,299334.0,1.0,,,,,,28.597489033,984.0,33.75,0.0,0.0,867406904.0,0.0,0.0,0.0,24.0,58.215239999999994,0.0,82.31637599999999,0.032,,,,,,,,0.0,0.0,463.05,211.94835326700002,35.769348217,97802330624.0,69896011440.0,21119789888.0,10.0,34.0,130.08723999999998,59.3358,84.522528,10.487,1455197.0,0.0,1455197.0,23.262631,0.0,,,85.829307396,2458.0,136.25,,,,,,,30.0,52.362911999999994,22.458392,79.602504,2.051,1455197.0,,,,,0.0,1455197.0,196.064889297,2431.0,467.3,359.9,469.1,343.2,69,57,67,63,0.003048,0.003048,28.524221,28.524716
1791341901.88,-,1,0,105.82000000000001,31.946978891999997,5.327904967,18704799616.0,14535974032.0,3084849224.0,10.0,36.0,107.04388,49.867743999999995,88.969664,1.438,299336.0,0.0,,,,,,28.603353625,986.0,33.78,0.0,0.0,868056192.0,0.0,0.0,0.0,24.0,59.263816,0.0,82.32482399999999,0.032,,,,,,,,0.0,0.0,463.07000000000005,211.955793648,35.770450705,97803797264.0,69896132768.0,21119814256.0,10.0,34.0,132.184392,59.3358,84.522528,10.487,1455199.0,0.0,1455199.0,23.263084,0.0,,,85.843309957,2460.0,136.27,,,,,,,30.0,53.411488,22.458392,79.602504,2.051,1455199.0,,,,,0.0,1455199.0,196.080351124,2433.0,467.3,359.9,469.1,343.2,69,57,67,63,0.003048,0.003048,28.524221,28.524716
1791341902.88,-,1,0,105.84,31.953837056,5.328494662,18705867648.0,14536061880.0,3084859800.0,10.0,36.0,108.092456,49.867743999999995,88.9712,1.438,299337.0,0.0,,,,,,28.606490162,987.0,33.78,0.0,0.0,868705640.0,0.0,0.0,0.0,24.0,60.312391999999996,0.0,82.325592,0.032,,,,,,,,0.0,0.0,463.09000000000003,211.961859561,35.770450705,97804646832.0,69896194840.0,21119814256.0,10.0,34.0,132.184392,59.3358,84.522528,10.487,1455199.0,0.0,1455199.0,23.263084,0.0,,,85.843309957,2460.0,136.28,,,,,,,30.0,54.460063999999996,22.458392,79.623752,2.051,1455199.0,,,,,0.0,1455199.0,196.080351124,2433.0,467.3,359.4,469.6,343.0,69,57,67,63,0.003208,0.003208,31.278597,31.279027
1791341903.89,-,1,0,105.85000000000001,31.960135931999996,5.328494662,18706874192.0,14536098808.0,3084859800.0,10.0,36.0,109.141032,49.867743999999995,88.97196799999999,1.438,299337.0,0.0,,,,,,28.606490162,987.0,33.79,0.0,0.0,869355000.0,0.0,0.0,0.0,24.0,60.312391999999996,0.0,82.325592,0.032,,,,,,,,0.0,0.0,463.12,211.967747547,35.770450705,97805469424.0,69896231104.0,21119814256.0,10.0,34.0,133.232968,59.3358,84.541088,10.487,1455199.0,0.0,1455199.0,23.263084,0.0,,,85.843309957,2460.0,136.29000000000002,,,,,,,30.0,54.460063999999996,22.458392,79.623752,2.051,1455199.0,,,,,0.0,1455199.0,196.080351124,2433.0,467.3,359.4,469.6,343.0,69,57,67,63,0.003208,0.003208,31.278597,31.279027
1791341904.9,-,1,0,105.86000000000001,31.966632197,5.328494662,18707908472.0,14536163528.0,3084859800.0,10.0,36.0,110.18960799999999,49.867743999999995,88.975296,1.438,299337.0,2.0,,,,,,28.606490162,987.0,33.81,0.0,0.0,870034840.0,0.0,0.0,0.0,24.0,26.73672,0.0,82.32636,0.036,,,,,,,,0.0,0.0,463.15000000000003,211.97358175899998,35.770450705,97806314976.0,69896290432.0,21119814256.0,10.0,34.0,134.281544,59.3358,84.54915199999999,10.487,1455199.0,1.0,1455199.0,23.263084,0.0,,,85.843309957,2460.0,136.31,,,,,,,30.0,55.50864,22.458392,79.62772,2.054,1455199.0,,,,,0.0,1455199.0,196.080351124,2433.0,467.3,359.4,469.6,343.0,69,57,67,63,0.003208,0.003208,31.278597,31.279027
1791341905.92,-,1,0,105.88000000000001,31.974489567000003,5.329156578,18709018272.0,14536283688.0,3084878680.0,10.0,36.0,111.23818399999999,49.867743999999995,88.975296,1.438,299339.0,0.0,,,,,,28.611891538,989.0,33.81,0.0,0.0,870684320.0,0.0,0.0,0.0,24.0,27.785296,0.0,82.327128,0.036,,,,,,,,0.0,0.0,463.16,211.981528654,35.771547181,97807787536.0,69896415360.0,21119839864.0,10.0,34.0,135.33012,59.3358,84.55376,10.487,1455201.0,0.0,1455201.0,23.263536,0.0,,,85.858177712,2462.0,136.32000000000002,,,,,,,30.0,23.691959999999998,22.157912,79.629384,2.054,1455201.0,,,,,0.0,1455201.0,196.092273013,2435.0,467.4,359.7,469.6,343.6,69,57,67,63,0.005176,0.005176,33.997228,33.997614
1791341906.92,-,1,0,105.9,31.980108079999997,5.329156578,18710024256.0,14536319952.0,3084878680.0,10.0,36.0,112.28676,49.867743999999995,88.97644799999999,1.438,299339.0,0.0,,,,,,28.611891538,989.0,33.82,0.0,0.0,871334960.0,0.0,0.0,0.0,24.0,27.785296,0.0,82.327128,0.036,,,,,,,,0.0,0.0,463.17,211.98765980299999,35.771547181,97808605080.0,69896446576.0,21119839864.0,10.0,34.0,136.378696,59.3358,84.55376,10.487,1455201.0,0.0,1455201.0,23.263536,0.0,,,85.858177712,2462.0,136.32000000000002,,,,,,,30.0,24.740536,22.157912,79.629384,2.054,1455201.0,,,,,0.0,1455201.0,196.092273013,2435.0,467.4,359.7,469.6,343.6,69,57,67,63,0.005176,0.005176,33.997228,33.997614
1791341907.93,-,1,0,105.91000000000001,31.986053037,5.329156578,18711026464.0,14536351384.0,3084878680.0,10.0,36.0,112.28676,49.867743999999995,88.97644799999999,1.438,299339.0,0.0,,,,,,28.611891538,989.0,33.82,0.0,0.0,871984640.0,0.0,0.0,0.0,24.0,28.833872,0.0,82.327128,0.036,,,,,,,,0.0,0.0,463.19000000000005,211.994070159,35.771547181,97809427960.0,69896483024.0,21119839864.0,10.0,34.0,137.427272,59.3358,84.55376,10.487,1455201.0,0.0,1455201.0,23.263536,0.0,,,85.858177712,2462.0,136.33,,,,,,,30.0,24.740536,22.157912,79.630792,2.054,1455201.0,,,,,0.0,1455201.0,196.092273013,2435.0,467.4,359.7,469.6,343.6,69,57,67,63,0.005176,0.005176,33.997228,33.997614
1791341908.95,-,1,0,105.92,31.993110413,5.329156578,18712033856.0,14536389240.0,3084878680.0,10.0,36.0,113.335336,49.867743999999995,88.97644799999999,1.438,299339.0,0.0,,,,,,28.611891538,989.0,33.82,0.0,0.0,872634008.0,0.0,0.0,0.0,24.0,29.882448,0.0,82.327128,0.036,,,,,,,,0.0,0.0,463.21000000000004,212.00115238299998,35.771547181,97810251392.0,69896520096.0,21119839864.0,10.0,34.0,138.47584799999998,59.3358,84.555168,10.487,1455201.0,0.0,1455201.0,23.263536,0.0,,,85.858177712,2462.0,136.34,,,,,,,30.0,25.789112,22.157912,79.633608,2.054,1455201.0,,,,,0.0,1455201.0,196.092273013,2435.0,466.7,359.7,468.6,342.7,69,57,67,63,0.003232,0.003232,36.764546,36.765173
1791341909.95,-,1,0,105.93,31.999600269000002,5.329156578,18713063096.0,14536448912.0,3084878680.0,10.0,36.0,115.43248799999999,49.867743999999995,88.97644799999999,1.438,299339.0,1.0,,,,,,28.611891538,989.0,33.82,0.0,0.0,873283424.0,0.0,0.0,0.0,24.0,29.882448,0.0,82.327128,0.036,,,,,,,,0.0,0.0,463.22,212.008499502,35.772034328,97811423096.0,69896605448.0,21119853760.0,10.0,34.0,139.52442399999998,59.3358,84.55606399999999,10.487,1455202.0,0.0,1455202.0,23.263761,0.0,,,85.865329524,2463.0,136.36,,,,,,,30.0,26.837688,22.157912,79.633608,2.054,1455202.0,,,,,0.0,1455202.0,196.097103245,2436.0,466.7,359.7,468.6,342.7,69,57,67,63,0.003232,0.003232,36.764546,36.765173
1791341910.97,-,1,0,105.97000000000001,32.006924941,5.329713162,18714288248.0,14536686792.0,3084896368.0,10.0,36.0,116.48106399999999,49.867743999999995,88.988736,1.438,299341.0,1.0,,,,,,28.618304796,991.0,33.830000000000005,0.0,0.0,873932784.0,0.0,0.0,0.0,24.0,30.931023999999997,0.0,82.327128,0.036,,,,,,,,0.0,0.0,463.24,212.015724028,35.773653739,97812991000.0,69896828064.0,21119875368.0,10.0,34.0,140.573,59.3358,84.567848,10.487,1455204.0,0.0,1455204.0,23.264211,0.0,,,85.882229381,2465.0,136.37,,,,,,,30.0,27.886263999999997,22.157912,79.633608,2.054,1455204.0,,,,,0.0,1455204.0,196.112186779,2438.0,466.8,359.7,469.1,342.9,69,57,67,63,0.004992,0.004992,39.471771,39.472121
1791341911.98,-,1,0,105.98,32.012969268999996,5.330707328,18715393256.0,14536804504.0,3084914056.0,10.0,36.0,118.578216,49.867743999999995,88.988736,1.438,299343.0,0.0,,,,,,28.628205759,993.0,33.84,0.0,0.0,874582240.0,0.0,0.0,0.0,24.0,31.979599999999998,0.0,82.327128,0.036,,,,,,,,0.0,0.0,463.26000000000005,212.023230568,35.774782714,97814459656.0,69896946208.0,21119900272.0,10.0,34.0,142.670152,59.3358,84.567848,10.487,1455206.0,0.0,1455206.0,23.264664,0.0,,,85.901045108,2467.0,136.38,,,,,,,30.0,28.934839999999998,22.157912,79.633608,2.054,1455206.0,,,,,0.0,1455206.0,196.122197102,2440.0,466.8,359.7,469.1,342.9,69,57,67,63,0.004992,0.004992,39.471771,39.472121
1791341912.98,-,1,0,106.0,32.019808244000004,5.331166849,18716461128.0,14536892264.0,3084924632.0,10.0,36.0,118.578216,49.867743999999995,88.988736,1.438,299344.0,0.0,,,,,,28.63083642,994.0,33.84,0.0,0.0,875232240.0,0.0,0.0,0.0,24.0,31.979599999999998,0.0,82.327896,0.036,,,,,,,,0.0,0.0,463.26000000000005,212.028811364,35.774782714,97815308944.0,69897008112.0,21119900272.0,10.0,34.0,143.718728,59.3358,84.567848,10.487,1455206.0,0.0,1455206.0,23.264664,0.0,,,85.901045108,2467.0,136.39000000000001,,,,,,,30.0,28.934839999999998,22.157912,79.633608,2.054,1455206.0,,,,,0.0,1455206.0,196.122197102,2440.0,466.8,359.7,469.1,342.9,69,57,67,63,0.004992,0.004992,39.471771,39.472121
1791341914.0,-,1,0,106.01,32.025965839,5.331166849,18717467344.0,14536928952.0,3084924632.0,10.0,36.0,119.626792,49.867743999999995,88.988736,1.438,299344.0,0.0,,,,,,28.63083642,994.0,33.85,0.0,0.0,875881696.0,0.0,0.0,0.0,24.0,33.028176,0.0,82.32866399999999,0.036,,,,,,,,0.0,0.0,463.27000000000004,212.034969955,35.774782714,97816131320.0,69897044168.0,21119900272.0,10.0,34.0,143.718728,59.3358,84.567848,10.487,1455206.0,0.0,1455206.0,23.264664,0.0,,,85.901045108,2467.0,136.39000000000001,,,,,,,30.0,29.983416,22.157912,79.633608,2.054,1455206.0,,,,,0.0,1455206.0,196.122197102,2440.0,467.2,360.0,468.8,343.9,69,57,67,63,0.003208,0.003208,42.187964,42.188272
1791341915.01,-,1,0,106.02000000000001,32.034663085,5.331610007,18718542224.0,14537023696.0,3084936384.0,10.0,36.0,120.67536799999999,49.867743999999995,88.988736,1.438,299345.0,0.0,,,,,,28.633729067,995.0,33.85,0.0,0.0,876531256.0,0.0,0.0,0.0,24.0,33.028176,0.0,82.32866399999999,0.036,,,,,,,,0.0,0.0,463.28000000000003,212.042107118,35.774782714,97816977328.0,69897103712.0,21119900272.0,10.0,34.0,144.767304,59.3358,84.567848,10.487,1455206.0,1.0,1455206.0,23.264664,0.0,,,85.901045108,2467.0,136.4,,,,,,,30.0,31.031992,22.157912,79.633608,2.054,1455206.0,,,,,0.0,1455206.0,196.122197102,2440.0,467.2,360.0,468.8,343.9,69,57,67,63,0.003208,0.003208,42.187964,42.188272
1791341916.02,-,1,0,106.03,32.040350079,5.331800842,18719612384.0,14537116152.0,3084943512.0,10.0,36.0,121.72394399999999,49.867743999999995,88.988736,1.438,299346.0,0.0,,,,,,28.637484834,996.0,33.86,0.0,0.0,877180672.0,0.0,0.0,0.0,24.0,34.076752,0.0,82.334936,0.036,,,,,,,,0.0,0.0,463.31,212.048049021,35.775728829,97818470080.0,69897228448.0,21119925880.0,10.0,34.0,145.81588,59.3358,84.567848,10.487,1455208.0,0.0,1455208.0,23.265116,0.0,,,85.921714409,2469.0,136.4,,,,,,,30.0,32.080568,22.157912,79.633608,2.054,1455208.0,,,,,0.0,1455208.0,196.138189389,2442.0,467.2,360.0,468.8,343.9,69,57,67,63,0.003208,0.003208,42.187964,42.188272
1791341917.02,-,1,0,106.05000000000001,32.046201245,5.331800842,18720618280.0,14537152512.0,3084943512.0,10.0,36.0,122.77252,49.867743999999995,88.990912,1.438,299346.0,0.0,,,,,,28.637484834,996.0,33.870000000000005,0.0,0.0,877831216.0,0.0,0.0,0.0,24.0,35.125327999999996,0.0,82.334936,0.036,,,,,,,,0.0,0.0,463.32000000000005,212.053754912,35.775728829,97819287536.0,69897259584.0,21119925880.0,10.0,34.0,147.913032,59.3358,84.567848,10.487,1455208.0,0.0,1455208.0,23.265116,0.0,,,85.921714409,2469.0,136.41,,,,,,,30.0,34.17772,22.157912,79.633608,2.054,1455208.0,,,,,0.0,1455208.0,196.138189389,2442.0,467.2,360.2,469.6,343.7,69,57,67,63,0.003264,0.003264,44.8693,44.869697
1791341918.04,-,1,0,106.06,32.051796713,5.331800842,18721619200.0,14537183896.0,3084943512.0,10.0,36.0,123.821096,49.867743999999995,88.990912,1.438,299346.0,0.0,,,,,,28.637484834,996.0,33.870000000000005,0.0,0.0,878480648.0,0.0,0.0,0.0,24.0,35.125327999999996,0.0,82.334936,0.036,,,,,,,,0.0,0.0,463.32000000000005,212.059740981,35.775728829,97820110392.0,69897296112.0,21119925880.0,10.0,34.0,147.913032,59.3358,84.567848,10.487,1455208.0,0.0,1455208.0,23.265116,0.0,,,85.921714409,2469.0,136.42000000000002,,,,,,,30.0,35.226296,22.157912,79.633608,2.054,1455208.0,,,,,0.0,1455208.0,196.138189389,2442.0,467.2,360.2,469.6,343.7,69,57,67,63,0.003264,0.003264,44.8693,44.869697
1791341919.05,배치 3,1,0,106.08000000000001,32.058991634,5.331800842,18722626696.0,14537221728.0,3084943512.0,10.0,36.0,124.869672,49.867743999999995,88.990912,1.438,299346.0,0.0,,,,,,28.637484834,996.0,33.88,0.0,0.0,879130096.0,0.0,0.0,0.0,24.0,36.173904,0.0,82.334936,0.036,,,,,,,,0.0,0.0,463.34000000000003,212.066349037,35.775728829,97820933816.0,69897333256.0,21119925880.0,10.0,34.0,148.96160799999998,59.3358,84.567848,10.487,1455208.0,0.0,1455208.0,23.265116,0.0,,,85.921714409,2469.0,136.43,,,,,,,30.0,35.226296,22.157912,79.662448,2.054,1455208.0,,,,,0.0,1455208.0,196.138189389,2442.0,467.3,360.0,468.9,343.4,69,57,67,63,0.003264,0.003264,47.652377,47.652765
1791341920.06,배치 3,1,0,106.59,32.510191031,5.331800842,18935766072.0,14749329464.0,3084943512.0,10.0,36.0,130.697472,33.179904,88.990912,1.45,301104.0,2711.0,,,,,,28.637484834,996.0,33.88,0.0,0.0,879779528.0,0.0,0.0,0.0,24.0,37.22248,0.0,82.334936,0.036,,,,,,,,0.0,0.0,464.33000000000004,212.691785418,35.820322549,98160057600.0,70179943240.0,21165155096.0,10.0,34.0,106.632696,40.81548,84.592424,10.518,1458460.0,1605.0,1458460.0,25.137535999999997,0.0,,,86.002332037,2471.0,136.64000000000001,,,,,,,30.0,48.735752,22.157912,79.622256,2.062,1458460.0,,,,,2048.0,1456412.0,196.359791083,2443.0,467.3,360.0,468.9,343.4,69,57,67,63,0.003264,0.003264,47.652377,47.652765
1791341921.07,배치 3,1,0,108.02000000000001,33.206123637000005,5.478969201,19269988320.0,15015935808.0,3151380336.0,10.0,36.0,116.565024,53.143968,88.96364799999999,1.484,307248.0,2101.0,,,,,,29.666085922,999.0,33.89,0.0,0.0,880428936.0,0.0,0.0,0.0,24.0,37.22248,0.0,82.334936,0.036,,,,,,,,0.0,0.0,465.47,213.230313307,35.960475142,98460423336.0,70366055496.0,21259034072.0,10.0,34.0,134.77774399999998,39.357327999999995,84.461224,10.547,1465211.0,0.0,1465211.0,29.023797,0.0,,,86.184570386,2476.0,136.83,,,,,,,30.0,40.630064,24.365456,79.622256,2.071,1464604.0,,,,,2654.0,1462556.0,197.40397877,2446.0,467.3,360.0,468.9,343.4,69,57,67,63,0.003264,0.003264,47.652377,47.652765
1791341922.07,배치 3,1,0,108.25,33.229158442,5.545140858,19310091248.0,15007938264.0,3198485080.0,10.0,36.0,76.900712,53.143968,89.005248,1.488,309350.0,0.0,,,,,,30.29822558,1002.0,33.89,0.0,0.0,881079008.0,0.0,0.0,0.0,24.0,38.271056,0.0,82.334936,0.036,,,,,,,,0.0,0.0,465.49,213.237915804,35.961347137,98463640720.0,70366143840.0,21259045144.0,10.0,34.0,137.923472,39.357327999999995,84.461224,10.547,1465212.0,0.0,1465212.0,29.024022,0.0,,,86.195504045,2477.0,136.88,,,,,,,30.0,51.115823999999996,24.365456,79.66044,2.071,1465212.0,,,,,0.0,1465212.0,197.797230749,2449.0,466.1,359.2,462.2,344.1,69,57,68,63,17.609832,11.8664,2.568545,2.569181
1791341923.09,배치 3,1,0,108.27000000000001,33.235572749,5.5455382,19311155216.0,15008022072.0,3198495656.0,10.0,36.0,77.949288,53.143968,89.005248,1.488,309351.0,0.0,,,,,,30.300996441,1003.0,33.89,0.0,0.0,881728264.0,0.0,0.0,0.0,24.0,38.271056,0.0,82.334936,0.036,,,,,,,,0.0,0.0,465.51000000000005,213.244269859,35.961950272,98464715784.0,70366230088.0,21259058976.0,10.0,34.0,138.972048,39.357327999999995,84.461224,10.547,1465213.0,0.0,1465213.0,29.02425,0.0,,,86.201112731,2478.0,136.93,,,,,,,30.0,52.1644,24.365456,80.583432,2.071,1465213.0,,,,,0.0,1465213.0,197.803236505,2450.0,466.1,359.2,462.2,344.1,69,57,68,63,17.609832,11.8664,2.568545,2.569181
1791341924.1,배치 3,1,0,108.28,33.241511061999994,5.5455382,19312162128.0,15008059240.0,3198495656.0,10.0,36.0,78.99786399999999,53.143968,89.00864,1.488,309351.0,0.0,,,,,,30.300996441,1003.0,33.910000000000004,0.0,0.0,882377712.0,0.0,0.0,0.0,24.0,39.319632,0.0,82.33576,0.036,,,,,,,,0.0,0.0,465.52000000000004,213.251339863,35.961950272,98465541040.0,70366268856.0,21259058976.0,10.0,34.0,140.020624,39.357327999999995,84.4636,10.547,1465213.0,0.0,1465213.0,29.02425,0.0,,,86.201112731,2478.0,136.94,,,,,,,30.0,53.212976,24.365456,80.583432,2.071,1465213.0,,,,,0.0,1465213.0,197.803236505,2450.0,466.1,359.2,462.2,344.1,69,57,68,63,17.609832,11.8664,2.568545,2.569181
1791341925.11,배치 3,1,0,108.30000000000001,33.247340216,5.5455382,19313168784.0,15008095504.0,3198495656.0,10.0,36.0,80.04643999999999,53.143968,90.792296,1.488,309351.0,0.0,,,,,,30.300996441,1003.0,33.93,0.0,0.0,883027328.0,0.0,0.0,0.0,24.0,40.368207999999996,0.0,84.21972799999999,0.036,,,,,,,,0.0,0.0,465.53000000000003,213.257439974,35.961950272,98466363488.0,70366304952.0,21259058976.0,10.0,34.0,140.020624,39.357327999999995,84.48783999999999,10.547,1465213.0,0.0,1465213.0,29.02425,0.0,,,86.201112731,2478.0,136.95000000000002,,,,,,,30.0,53.212976,24.365456,80.583432,2.071,1465213.0,,,,,0.0,1465213.0,197.803236505,2450.0,466.3,360.0,460.6,344.6,69,58,67,64,3.74092,3.74092,5.281262,5.281544
1791341926.12,배치 3,1,0,108.34,33.254902778,5.546273514,19314307536.0,15008244040.0,3198514536.0,10.0,36.0,80.04643999999999,53.143968,91.19268,1.488,309353.0,0.0,,,,,,30.306842817,1005.0,33.97,0.0,0.0,883679840.0,0.0,0.0,0.0,24.0,41.416784,0.0,82.90852,0.036,,,,,,,,0.0,0.0,465.56,213.264976419,35.963161417,98467770240.0,70366452776.0,21259084584.0,10.0,34.0,141.0692,39.357327999999995,84.534392,10.547,1465215.0,0.0,1465215.0,29.024701999999998,0.0,,,86.230256091,2480.0,136.96,,,,,,,30.0,54.261551999999995,24.365456,80.583432,2.071,1465215.0,,,,,0.0,1465215.0,197.830377477,2452.0,466.3,360.0,460.6,344.6,69,58,67,64,3.74092,3.74092,5.281262,5.281544
1791341927.14,배치 3,1,0,108.36000000000001,33.260810158,5.546273514,19315313328.0,15008280304.0,3198514536.0,10.0,36.0,81.095016,53.143968,91.19268,1.488,309353.0,0.0,,,,,,30.306842817,1005.0,34.03,0.0,0.0,884329408.0,0.0,0.0,0.0,24.0,41.416784,0.0,82.940776,0.036,,,,,,,,0.0,0.0,465.57000000000005,213.270985022,35.963161417,98468592728.0,70366488800.0,21259084584.0,10.0,34.0,142.117776,39.357327999999995,84.535416,10.547,1465215.0,0.0,1465215.0,29.024701999999998,0.0,,,86.230256091,2480.0,136.97,,,,,,,30.0,55.310128,24.365456,80.583432,2.071,1465215.0,,,,,0.0,1465215.0,197.830377477,2452.0,466.3,360.0,460.6,344.6,69,58,67,64,3.74092,3.74092,5.281262,5.281544
1791341928.15,배치 3,1,0,108.4,33.268115765,5.546273514,19316320520.0,15008317856.0,3198514536.0,10.0,36.0,82.143592,53.143968,89.483496,1.488,309353.0,0.0,,,,,,30.306842817,1005.0,34.07,0.0,0.0,884978864.0,0.0,0.0,0.0,24.0,42.46536,0.0,82.962536,0.036,,,,,,,,0.0,0.0,465.6,213.27779232199998,35.963161417,98469415520.0,70366525248.0,21259084584.0,10.0,34.0,143.166352,39.357327999999995,84.550648,10.547,1465215.0,0.0,1465215.0,29.024701999999998,0.0,,,86.230256091,2480.0,136.97,,,,,,,30.0,56.358703999999996,24.365456,80.006536,2.071,1465215.0,,,,,0.0,1465215.0,197.830377477,2452.0,466.5,360.8,460.7,344.5,72,58,67,64,0.003208,0.003208,8.064131,8.064748
1791341929.15,배치 3,1,0,108.41000000000001,33.273858422,5.546273514,19317326936.0,15008354376.0,3198514536.0,10.0,36.0,83.192168,53.143968,89.483496,1.488,309353.0,0.0,,,,,,30.306842817,1005.0,34.07,0.0,0.0,885628096.0,0.0,0.0,0.0,24.0,42.46536,0.0,82.962536,0.036,,,,,,,,0.0,0.0,465.62,213.284739065,35.963161417,98470238880.0,70366562368.0,21259084584.0,10.0,34.0,144.214928,39.357327999999995,84.550648,10.547,1465215.0,0.0,1465215.0,29.024701999999998,0.0,,,86.230256091,2480.0,136.98000000000002,,,,,,,30.0,57.40728,24.365456,80.006536,2.071,1465215.0,,,,,0.0,1465215.0,197.830377477,2452.0,466.5,360.8,460.7,344.5,72,58,67,64,0.003208,0.003208,8.064131,8.064748
1791341930.15,배치 3,1,0,108.43,33.280854001,5.546758384,19318397728.0,15008445240.0,3198525104.0,10.0,36.0,84.24074399999999,53.143968,89.483496,1.488,309354.0,0.0,,,,,,30.309581169,1006.0,34.080000000000005,0.0,0.0,886277112.0,0.0,0.0,0.0,24.0,43.513936,0.0,82.962536,0.036,,,,,,,,0.0,0.0,465.63000000000005,213.291234987,35.963911493,98471351880.0,70366650608.0,21259098480.0,10.0,34.0,145.26350399999998,39.357327999999995,84.550648,10.547,1465216.0,0.0,1465216.0,29.024926999999998,0.0,,,86.236488165,2481.0,136.99,,,,,,,30.0,58.455856,24.365456,80.006536,2.071,1465216.0,,,,,0.0,1465216.0,197.835867496,2453.0,466.5,360.8,460.7,344.5,72,58,67,64,0.003208,0.003208,8.064131,8.064748
1791341931.16,배치 3,1,0,108.44000000000001,33.288749145,5.547612704,19319527832.0,15008587784.0,3198543328.0,10.0,36.0,85.28931999999999,53.143968,89.483496,1.488,309356.0,0.0,,,,,,30.315837175,1008.0,34.09,0.0,0.0,886926944.0,0.0,0.0,0.0,24.0,44.562512,0.0,82.962536,0.036,,,,,,,,0.0,0.0,465.65000000000003,213.299893101,35.965108371,98472673280.0,70366790912.0,21259122912.0,10.0,34.0,147.360656,39.357327999999995,84.553336,10.547,1465218.0,0.0,1465218.0,29.025377,0.0,,,86.255979392,2483.0,136.99,,,,,,,30.0,59.504431999999994,24.365456,80.006536,2.071,1465218.0,,,,,0.0,1465218.0,197.853013568,2455.0,465.5,360.8,459.6,344.0,69,58,67,63,0.261856,0.261856,10.83426,10.834626
1791341932.18,배치 3,1,0,108.46000000000001,33.293505091,5.547967739,19320595872.0,15008678808.0,3198550984.0,10.0,36.0,86.337896,53.143968,89.483496,1.488,309357.0,0.0,,,,,,30.318193829,1009.0,34.09,0.0,0.0,887576184.0,0.0,0.0,0.0,24.0,44.562512,0.0,82.962536,0.036,,,,,,,,0.0,0.0,465.66,213.305846105,35.965764818,98473783344.0,70366874152.0,21259133984.0,10.0,34.0,148.409232,39.357327999999995,84.553336,10.547,1465219.0,0.0,1465219.0,29.025602,0.0,,,86.270066213,2484.0,137.01000000000002,,,,,,,30.0,60.553008,24.365456,80.006536,2.071,1465219.0,,,,,0.0,1465219.0,197.863986846,2456.0,465.5,360.8,459.6,344.0,69,58,67,63,0.261856,0.261856,10.83426,10.834626
1791341933.18,배치 3,1,0,108.47000000000001,33.30059663,5.548331773,19321662048.0,15008765024.0,3198561560.0,10.0,36.0,87.386472,53.143968,89.48503199999999,1.488,309358.0,0.0,,,,,,30.321586359,1010.0,34.1,0.0,0.0,888225328.0,0.0,0.0,0.0,24.0,45.611087999999995,0.0,82.96816799999999,0.036,,,,,,,,0.0,0.0,465.67,213.311655047,35.966495712,98474861456.0,70366961736.0,21259147896.0,10.0,34.0,149.457808,39.357327999999995,84.5582,10.547,1465220.0,0.0,1465220.0,29.02583,0.0,,,86.284947167,2485.0,137.01000000000002,,,,,,,30.0,61.601583999999995,24.365456,80.006536,2.071,1465220.0,,,,,0.0,1465220.0,197.877747094,2457.0,466.6,360.8,460.6,344.5,69,57,67,63,0.003208,0.003208,13.644548,13.64481
1791341934.2,배치 3,1,0,108.48,33.306666027,5.548331773,19322665400.0,15008798336.0,3198561560.0,10.0,36.0,89.48362399999999,53.143968,89.48503199999999,1.488,309358.0,0.0,,,,,,30.321586359,1010.0,34.1,0.0,0.0,888874568.0,0.0,0.0,0.0,24.0,45.611087999999995,0.0,82.96816799999999,0.036,,,,,,,,0.0,0.0,465.69000000000005,213.318463007,35.966495712,98475685872.0,70367000016.0,21259147896.0,10.0,34.0,150.506384,39.357327999999995,84.5582,10.547,1465220.0,0.0,1465220.0,29.02583,0.0,,,86.284947167,2485.0,137.02,,,,,,,30.0,62.65016,24.365456,80.006536,2.071,1465220.0,,,,,0.0,1465220.0,197.877747094,2457.0,466.6,360.8,460.6,344.5,69,57,67,63,0.003208,0.003208,13.644548,13.64481
1791341935.21,배치 3,1,0,108.5,33.312780881,5.548331773,19323670944.0,15008834672.0,3198561560.0,10.0,36.0,90.53219999999999,53.143968,89.48503199999999,1.488,309358.0,0.0,,,,,,30.321586359,1010.0,34.11,0.0,0.0,889523736.0,0.0,0.0,0.0,24.0,46.659664,0.0,82.96816799999999,0.036,,,,,,,,0.0,0.0,465.70000000000005,213.32385965000003,35.966495712,98476505784.0,70367033808.0,21259147896.0,10.0,34.0,150.506384,39.357327999999995,84.5582,10.547,1465220.0,0.0,1465220.0,29.02583,0.0,,,86.284947167,2485.0,137.02,,,,,,,30.0,63.698736,24.365456,80.006536,2.071,1465220.0,,,,,0.0,1465220.0,197.877747094,2457.0,466.6,360.8,460.6,344.5,69,57,67,63,0.003208,0.003208,13.644548,13.64481
1791341936.22,배치 3,1,0,108.51,33.320023799,5.548972966,19324808744.0,15008983368.0,3198580440.0,10.0,36.0,91.580776,53.143968,89.491176,1.488,309360.0,0.0,,,,,,30.340061726,1012.0,34.160000000000004,0.0,0.0,890174016.0,0.0,0.0,0.0,24.0,47.708239999999996,0.0,83.00426399999999,0.036,,,,,,,,0.0,0.0,465.73,213.331986073,35.967722087,98477917960.0,70367183936.0,21259173504.0,10.0,34.0,151.55496,39.357327999999995,84.5582,10.55,1465222.0,0.0,1465222.0,29.026282,0.0,,,86.298317969,2487.0,137.04000000000002,,,,,,,30.0,64.747312,24.365456,80.006536,2.071,1465222.0,,,,,0.0,1465222.0,197.891782794,2459.0,466.1,360.6,460.2,343.8,69,57,67,63,0.003832,0.003832,16.347898,16.348147
1791341937.23,-,1,0,108.52000000000001,33.325617152999996,5.548972966,19325814336.0,15009019656.0,3198580440.0,10.0,36.0,92.629352,53.143968,89.491176,1.488,309360.0,0.0,,,,,,30.340061726,1012.0,34.17,0.0,0.0,890823056.0,0.0,0.0,0.0,24.0,47.708239999999996,0.0,83.00426399999999,0.036,,,,,,,,0.0,0.0,465.74,213.33825121,35.967722087,98478767136.0,70367220008.0,21259173504.0,10.0,34.0,33.212448,30.971344,84.5582,10.55,1465222.0,0.0,1465222.0,29.026282,0.0,,,86.298317969,2487.0,137.04000000000002,,,,,,,30.0,65.79588799999999,24.365456,80.006536,2.071,1465222.0,,,,,0.0,1465222.0,197.891782794,2459.0,466.1,360.6,460.2,343.8,69,57,67,63,0.003832,0.003832,16.347898,16.348147
1791341938.23,-,1,0,108.53,33.331877477,5.548972966,19326822400.0,15009057392.0,3198580440.0,10.0,36.0,93.677928,53.143968,89.491176,1.488,309360.0,0.0,,,,,,30.340061726,1012.0,34.17,0.0,0.0,891471888.0,0.0,0.0,0.0,24.0,48.756816,0.0,83.00426399999999,0.036,,,,,,,,0.0,0.0,465.75000000000006,213.344689961,35.967722087,98479589688.0,70367256456.0,21259173504.0,10.0,34.0,33.212448,30.971344,84.5582,10.55,1465222.0,0.0,1465222.0,29.026282,0.0,,,86.298317969,2487.0,137.04000000000002,,,,,,,30.0,66.844464,24.365456,80.006536,2.071,1465222.0,,,,,0.0,1465222.0,197.891782794,2459.0,466.1,360.6,460.2,343.8,69,57,67,63,0.003832,0.003832,16.347898,16.348147
1791341939.25,-,1,0,108.55000000000001,33.338016552999996,5.548972966,19327828432.0,15009093800.0,3198580440.0,10.0,36.0,94.72650399999999,53.143968,89.50487199999999,1.488,309360.0,0.0,,,,,,30.340061726,1012.0,34.18,0.0,0.0,892120648.0,0.0,0.0,0.0,24.0,49.805392,0.0,83.006952,0.036,,,,,,,,0.0,0.0,465.76000000000005,213.351284557,35.967722087,98480412976.0,70367293600.0,21259173504.0,10.0,34.0,34.261024,30.971344,84.5582,10.55,1465222.0,0.0,1465222.0,29.026282,0.0,,,86.298317969,2487.0,137.05,,,,,,,30.0,66.844464,24.365456,80.006536,2.071,1465222.0,,,,,0.0,1465222.0,197.891782794,2459.0,465.8,360.6,461.3,344.5,69,57,67,63,0.003208,0.003208,19.176039,19.176384
1791341940.26,-,1,0,108.57000000000001,33.345508194,5.549482785,19328898512.0,15009184112.0,3198591008.0,10.0,36.0,95.77508,53.143968,89.50487199999999,1.488,309361.0,0.0,,,,,,30.342951656,1013.0,34.18,0.0,0.0,892769504.0,0.0,0.0,0.0,24.0,49.805392,0.0,83.006952,0.036,,,,,,,,0.0,0.0,465.77000000000004,213.35809312,35.968395404,98481524320.0,70367378336.0,21259187400.0,10.0,34.0,35.309599999999996,30.971344,84.5582,10.55,1465223.0,0.0,1465223.0,29.026507,0.0,,,86.304533105,2488.0,137.06,,,,,,,30.0,67.89304,24.365456,80.006536,2.071,1465223.0,,,,,0.0,1465223.0,197.899234066,2460.0,465.8,360.6,461.3,344.5,69,57,67,63,0.003208,0.003208,19.176039,19.176384
1791341941.27,-,1,0,108.58000000000001,33.352453806999996,5.550251631,19330027048.0,15009325832.0,3198608696.0,10.0,36.0,95.77508,53.143968,89.50564,1.488,309363.0,0.0,,,,,,30.372946149,1015.0,34.18,0.0,0.0,893418216.0,0.0,0.0,0.0,24.0,50.853967999999995,0.0,83.006952,0.036,,,,,,,,0.0,0.0,465.8,213.365141774,35.969447376,98482892128.0,70367519096.0,21259211832.0,10.0,34.0,37.406752,30.971344,84.562168,10.55,1465225.0,0.0,1465225.0,29.026957,0.0,,,86.318380123,2490.0,137.08,,,,,,,30.0,68.941616,24.365456,80.011912,2.071,1465225.0,,,,,0.0,1465225.0,197.919587033,2462.0,465.8,360.6,461.3,344.5,69,57,67,63,0.003208,0.003208,19.176039,19.176384
1791341942.28,-,1,0,108.60000000000001,33.358688811,5.550562002,19331094864.0,15009416856.0,3198616352.0,10.0,36.0,96.823656,53.143968,89.50564,1.488,309364.0,0.0,,,,,,30.375433411,1016.0,34.190000000000005,0.0,0.0,894066960.0,0.0,0.0,0.0,24.0,50.853967999999995,0.0,83.006952,0.036,,,,,,,,0.0,0.0,465.81,213.372888594,35.969911496,98484182416.0,70367655720.0,21259222904.0,10.0,34.0,38.455328,30.971344,84.562168,10.55,1465227.0,0.0,1465227.0,29.02741,0.0,,,86.326094923,2491.0,137.16,,,,,,,30.0,22.874464,22.268304,79.95546399999999,2.073,1465227.0,,,,,0.0,1465227.0,197.936387997,2464.0,465.9,360.6,461.4,344.1,69,57,67,63,0.002992,0.002992,21.92008,21.920428
1791341943.3,-,1,0,108.61000000000001,33.365399079,5.550943263,19332160704.0,15009503000.0,3198626928.0,10.0,36.0,98.920808,53.143968,89.506408,1.488,309365.0,0.0,,,,,,30.378180412,1017.0,34.190000000000005,0.0,0.0,894715816.0,0.0,0.0,0.0,24.0,51.902544,0.0,83.006952,0.036,,,,,,,,0.0,0.0,465.82000000000005,213.377541824,35.970480215,98485043320.0,70367691696.0,21259236816.0,10.0,34.0,38.455328,30.971344,84.562168,10.55,1465227.0,0.0,1465227.0,29.02741,0.0,,,86.338237557,2492.0,137.17000000000002,,,,,,,31.0,23.92304,22.268304,79.95546399999999,2.073,1465227.0,,,,,0.0,1465227.0,197.936387997,2464.0,465.9,360.6,461.4,344.1,69,57,67,63,0.002992,0.002992,21.92008,21.920428
1791341944.31,-,1,0,108.62,33.371243744,5.550943263,19333163216.0,15009536312.0,3198626928.0,10.0,36.0,99.96938399999999,53.143968,89.506408,1.488,309365.0,0.0,,,,,,30.378180412,1017.0,34.21,0.0,0.0,895365168.0,0.0,0.0,0.0,24.0,52.951119999999996,0.0,83.009896,0.036,,,,,,,,0.0,0.0,465.84000000000003,213.38471633499998,35.970480215,98485904368.0,70367729976.0,21259236816.0,10.0,34.0,39.503904,30.971344,84.56652,10.55,1465227.0,0.0,1465227.0,29.02741,0.0,,,86.338237557,2492.0,137.18,,,,,,,31.0,24.971615999999997,22.268304,79.95546399999999,2.073,1465227.0,,,,,0.0,1465227.0,197.936387997,2464.0,465.6,361.1,461.6,334.9,69,57,67,64,0.003208,0.003208,24.629874,24.630263
1791341945.31,-,1,0,108.64,33.377059183,5.550943263,19334168576.0,15009572624.0,3198626928.0,10.0,36.0,101.01796,53.143968,89.51127199999999,1.488,309365.0,0.0,,,,,,30.378180412,1017.0,34.21,0.0,0.0,896014024.0,0.0,0.0,0.0,24.0,52.951119999999996,0.0,83.009896,0.036,,,,,,,,0.0,0.0,465.85,213.39087424,35.970480215,98486726648.0,70367766024.0,21259236816.0,10.0,34.0,40.552479999999996,30.971344,84.56652,10.55,1465227.0,0.0,1465227.0,29.02741,0.0,,,86.338237557,2492.0,137.18,,,,,,,31.0,24.971615999999997,22.268304,79.95546399999999,2.073,1465227.0,,,,,0.0,1465227.0,197.936387997,2464.0,465.6,361.1,461.6,334.9,69,57,67,64,0.003208,0.003208,24.629874,24.630263
1791341946.32,-,1,0,108.65,33.384016261,5.551682965,19335305760.0,15009721208.0,3198645808.0,10.0,36.0,102.066536,53.143968,89.51127199999999,1.488,309367.0,0.0,,,,,,30.383771041,1019.0,34.21,0.0,0.0,896663824.0,0.0,0.0,0.0,24.0,53.999696,0.0,83.009896,0.036,,,,,,,,0.0,0.0,465.87,213.39806730700002,35.971546836,98488101648.0,70367911664.0,21259262424.0,10.0,34.0,41.601056,30.971344,84.568184,10.55,1465229.0,0.0,1465229.0,29.027862,0.0,,,86.372523339,2494.0,137.19,,,,,,,31.0,26.020191999999998,22.268304,79.956232,2.073,1465229.0,,,,,0.0,1465229.0,197.949341084,2466.0,465.6,361.1,461.6,334.9,69,57,67,64,0.003208,0.003208,24.629874,24.630263
1791341947.33,-,1,0,108.67,33.389989268,5.551682965,19336310680.0,15009757496.0,3198645808.0,10.0,36.0,103.115112,53.143968,89.51127199999999,1.488,309367.0,0.0,,,,,,30.383771041,1019.0,34.22,0.0,0.0,897312536.0,0.0,0.0,0.0,24.0,53.999696,0.0,83.009896,0.036,,,,,,,,0.0,0.0,465.88000000000005,213.404444792,35.971546836,98488924216.0,70367948136.0,21259262424.0,10.0,34.0,42.649632,30.971344,84.568184,10.55,1465229.0,0.0,1465229.0,29.027862,0.0,,,86.372523339,2494.0,137.19,,,,,,,31.0,27.068768,22.268304,79.956232,2.073,1465229.0,,,,,0.0,1465229.0,197.949341084,2466.0,465.3,361.1,461.9,334.0,69,57,67,64,0.003208,0.003208,27.452798,27.453053
1791341948.33,-,1,0,108.68,33.396920395,5.551682965,19337317120.0,15009795304.0,3198645808.0,10.0,36.0,104.163688,53.143968,89.51127199999999,1.488,309367.0,0.0,,,,,,30.383771041,1019.0,34.22,0.0,0.0,897961440.0,0.0,0.0,0.0,24.0,55.048272,0.0,83.009896,0.036,,,,,,,,0.0,0.0,465.89000000000004,213.410901899,35.971546836,98489747224.0,70367985072.0,21259262424.0,10.0,34.0,43.698208,30.971344,84.568184,10.55,1465229.0,0.0,1465229.0,29.027862,0.0,,,86.372523339,2494.0,137.20000000000002,,,,,,,31.0,28.117344,22.268304,79.956232,2.073,1465229.0,,,,,0.0,1465229.0,197.949341084,2466.0,465.3,361.1,461.9,334.0,69,57,67,64,0.003208,0.003208,27.452798,27.453053
1791341949.34,-,1,0,108.69000000000001,33.403051113000004,5.551682965,19338322088.0,15009831544.0,3198645808.0,10.0,36.0,105.21226399999999,53.143968,89.51127199999999,1.488,309367.0,0.0,,,,,,30.383771041,1019.0,34.230000000000004,0.0,0.0,898610152.0,0.0,0.0,0.0,24.0,56.096847999999994,0.0,83.011048,0.036,,,,,,,,0.0,0.0,465.90000000000003,213.417295878,35.971546836,98490569592.0,70368021304.0,21259262424.0,10.0,34.0,44.746784,30.971344,84.56933599999999,10.55,1465229.0,0.0,1465229.0,29.027862,0.0,,,86.372523339,2494.0,137.21,,,,,,,31.0,29.16592,22.268304,79.96083999999999,2.073,1465229.0,,,,,0.0,1465229.0,197.949341084,2466.0,465.3,361.1,461.9,334.0,69,57,67,64,0.003208,0.003208,27.452798,27.453053
1791341950.35,-,1,0,108.7,33.410490549,5.55220513,19339390552.0,15009920800.0,3198656376.0,10.0,36.0,105.21226399999999,53.143968,89.51127199999999,1.488,309368.0,0.0,,,,,,30.387134933,1020.0,34.230000000000004,0.0,0.0,899259008.0,0.0,0.0,0.0,24.0,56.096847999999994,0.0,83.011048,0.036,,,,,,,,0.0,0.0,465.92,213.424779872,35.972215523,98491685160.0,70368108328.0,21259276320.0,10.0,34.0,45.795359999999995,30.971344,84.56933599999999,10.55,1465230.0,0.0,1465230.0,29.028087,0.0,,,86.380708208,2495.0,137.22,,,,,,,31.0,30.214495999999997,22.268304,79.96083999999999,2.073,1465230.0,,,,,0.0,1465230.0,197.954963683,2467.0,465.6,361.1,460.4,332.8,69,57,67,64,0.003208,0.003208,30.194682,30.195006
1791341951.35,-,1,0,108.72000000000001,33.417907920999994,5.552953665,19340518896.0,15010062784.0,3198674064.0,10.0,36.0,107.309416,53.143968,89.513576,1.488,309370.0,0.0,,,,,,30.391716748,1022.0,34.24,0.0,0.0,899907800.0,0.0,0.0,0.0,24.0,57.145424,0.0,83.013352,0.036,,,,,,,,0.0,0.0,465.93,213.43071044799999,35.973292912,98493050872.0,70368242632.0,21259300752.0,10.0,34.0,46.843936,30.971344,84.56933599999999,10.55,1465232.0,0.0,1465232.0,29.028537,0.0,,,86.406007811,2497.0,137.23000000000002,,,,,,,31.0,31.263071999999998,22.268304,79.96083999999999,2.073,1465232.0,,,,,0.0,1465232.0,197.976860185,2469.0,465.6,361.1,460.4,332.8,69,57,67,64,0.003208,0.003208,30.194682,30.195006
1791341952.36,-,1,0,108.74000000000001,33.423315111,5.553305331,19341585856.0,15010153496.0,3198681720.0,10.0,36.0,108.357992,53.143968,89.513576,1.488,309371.0,0.0,,,,,,30.394194713,1023.0,34.25,0.0,0.0,900556680.0,0.0,0.0,0.0,24.0,58.193999999999996,0.0,83.017832,0.036,,,,,,,,0.0,0.0,465.94000000000005,213.436393621,35.973877862,98494132736.0,70368334840.0,21259311824.0,10.0,34.0,47.892511999999996,30.971344,84.57624799999999,10.55,1465233.0,0.0,1465233.0,29.028762,0.0,,,86.412196138,2498.0,137.23000000000002,,,,,,,31.0,32.311648,22.268304,79.961608,2.073,1465233.0,,,,,0.0,1465233.0,197.982266846,2470.0,465.6,361.1,460.4,332.8,69,57,67,64,0.003208,0.003208,30.194682,30.195006
1791341953.38,-,1,0,108.74000000000001,33.430055994,5.553751179,19342648216.0,15010236664.0,3198692296.0,10.0,36.0,109.406568,53.143968,89.513576,1.488,309372.0,0.0,,,,,,30.39677966,1024.0,34.25,0.0,0.0,901205536.0,0.0,0.0,0.0,24.0,58.193999999999996,0.0,83.017832,0.036,,,,,,,,0.0,0.0,465.96000000000004,213.443251414,35.974318691,98495214640.0,70368421896.0,21259325736.0,10.0,34.0,48.941088,30.971344,84.57624799999999,10.55,1465234.0,0.0,1465234.0,29.02899,0.0,,,86.417861744,2499.0,137.25,,,,,,,31.0,33.360223999999995,22.268304,79.961608,2.073,1465234.0,,,,,0.0,1465234.0,197.987400291,2471.0,465.9,360.6,461.1,333.9,69,57,67,64,0.003208,0.003208,32.974879,32.97514
1791341954.39,-,1,0,108.75,33.435877354999995,5.553751179,19343653072.0,15010272952.0,3198692296.0,10.0,36.0,110.45514399999999,53.143968,89.513576,1.488,309372.0,0.0,,,,,,30.39677966,1024.0,34.25,0.0,0.0,901854296.0,0.0,0.0,0.0,24.0,59.242576,0.0,83.017832,0.036,,,,,,,,0.0,0.0,465.97,213.449218387,35.974318691,98496037056.0,70368457968.0,21259325736.0,10.0,34.0,49.989664,30.971344,84.57624799999999,10.55,1465234.0,0.0,1465234.0,29.02899,0.0,,,86.417861744,2499.0,137.25,,,,,,,31.0,34.4088,22.268304,79.961608,2.073,1465234.0,,,,,0.0,1465234.0,197.987400291,2471.0,465.9,360.6,461.1,333.9,69,57,67,64,0.003208,0.003208,32.974879,32.97514
1791341955.41,-,1,0,108.76,33.441561066999995,5.553751179,19344658064.0,15010309240.0,3198692296.0,10.0,36.0,110.45514399999999,53.143968,89.513576,1.488,309372.0,0.0,,,,,,30.39677966,1024.0,34.260000000000005,0.0,0.0,902503056.0,0.0,0.0,0.0,24.0,60.291152,0.0,83.017832,0.036,,,,,,,,0.0,0.0,465.98,213.45533428599998,35.974318691,98496859248.0,70368494048.0,21259325736.0,10.0,34.0,49.989664,30.971344,84.57624799999999,10.55,1465234.0,0.0,1465234.0,29.02899,0.0,,,86.417861744,2499.0,137.26000000000002,,,,,,,31.0,35.457376,22.268304,79.96979999999999,2.073,1465234.0,,,,,0.0,1465234.0,197.987400291,2471.0,465.6,360.3,459.9,333.0,69,57,67,64,0.003208,0.003208,35.956477,35.956736
1791341956.42,-,1,0,108.83000000000001,33.448580208,5.554369267,19345795328.0,15010457848.0,3198711176.0,10.0,36.0,112.552296,53.143968,89.553512,1.488,309374.0,0.0,,,,,,30.40189481,1026.0,34.260000000000005,0.0,0.0,903152952.0,0.0,0.0,0.0,24.0,60.291152,0.0,83.017832,0.036,,,,,,,,0.0,0.0,466.00000000000006,213.462298363,35.975290133,98498278048.0,70368641840.0,21259351344.0,10.0,34.0,52.086816,30.971344,84.57624799999999,10.55,1465236.0,0.0,1465236.0,29.029442,0.0,,,86.429333592,2501.0,137.3,,,,,,,33.0,36.505952,22.268304,79.9922,2.073,1465236.0,,,,,0.0,1465236.0,197.998339097,2473.0,465.6,360.3,459.9,333.0,69,57,67,64,0.003208,0.003208,35.956477,35.956736
1791341957.44,-,1,0,108.85000000000001,33.454435172000004,5.554369267,19346800272.0,15010494160.0,3198711176.0,10.0,36.0,113.600872,53.143968,89.559016,1.488,309374.0,0.0,,,,,,30.40189481,1026.0,34.27,0.0,0.0,903801712.0,0.0,0.0,0.0,24.0,61.339727999999994,0.0,83.017832,0.036,,,,,,,,0.0,0.0,466.01000000000005,213.46877490999998,35.975290133,98499100608.0,70368678288.0,21259351344.0,10.0,34.0,53.135391999999996,30.971344,84.57624799999999,10.55,1465236.0,0.0,1465236.0,29.029442,0.0,,,86.429333592,2501.0,137.31,,,,,,,33.0,37.554528,22.268304,79.9922,2.073,1465236.0,,,,,0.0,1465236.0,197.998339097,2473.0,465.6,360.3,459.9,333.0,69,57,67,64,0.003208,0.003208,35.956477,35.956736
1791341958.45,-,1,0,108.86000000000001,33.460857968,5.554369267,19347806784.0,15010531968.0,3198711176.0,10.0,36.0,114.64944799999999,53.143968,89.56452,1.488,309374.0,0.0,,,,,,30.40189481,1026.0,34.29,0.0,0.0,904450568.0,0.0,0.0,0.0,24.0,61.339727999999994,0.0,83.02564,0.038,,,,,,,,0.0,0.0,466.02000000000004,213.476582908,35.975290133,98499926008.0,70368717528.0,21259351344.0,10.0,34.0,54.183968,30.971344,84.57624799999999,10.55,1465236.0,0.0,1465236.0,29.029442,0.0,,,86.429333592,2501.0,137.32000000000002,,,,,,,33.0,38.603103999999995,22.268304,79.9922,2.073,1465236.0,,,,,0.0,1465236.0,197.998339097,2473.0,466.4,361.1,461.1,334.0,69,57,67,66,0.003232,0.003232,38.670633,38.670933
1791341959.46,-,1,0,108.88000000000001,33.46680738,5.554369267,19348811872.0,15010568280.0,3198711176.0,10.0,36.0,114.64944799999999,53.143968,89.56605599999999,1.488,309374.0,0.0,,,,,,30.40189481,1026.0,34.31,0.0,0.0,905130440.0,0.0,0.0,0.0,24.0,26.715816,0.0,83.03988799999999,0.038,,,,,,,,0.0,0.0,466.04,213.48194768399998,35.975290133,98500746168.0,70368751552.0,21259351344.0,10.0,34.0,54.183968,30.971344,84.58252,10.55,1465236.0,0.0,1465236.0,29.029442,0.0,,,86.429333592,2501.0,137.38,,,,,,,33.0,39.65168,22.268304,80.029832,2.073,1465236.0,,,,,0.0,1465236.0,197.998339097,2473.0,466.4,361.1,461.1,334.0,69,57,67,66,0.003232,0.003232,38.670633,38.670933
1791341960.48,-,1,0,108.89,33.473500361999996,5.554757065,19349881672.0,15010658280.0,3198721744.0,10.0,36.0,116.7466,53.143968,89.56605599999999,1.488,309375.0,0.0,,,,,,30.404640845,1027.0,34.32,0.0,0.0,905779288.0,0.0,0.0,0.0,24.0,27.764391999999997,0.0,83.046544,0.038,,,,,,,,0.0,0.0,466.05,213.488733611,35.975917906,98501863984.0,70368838304.0,21259365240.0,10.0,34.0,56.281119999999994,30.971344,84.58252,10.55,1465237.0,0.0,1465237.0,29.029667,0.0,,,86.437332622,2502.0,137.39000000000001,,,,,,,33.0,40.700255999999996,22.268304,80.029832,2.073,1465237.0,,,,,0.0,1465237.0,198.00452766,2474.0,466.4,361.1,461.1,334.0,69,57,67,66,0.003232,0.003232,38.670633,38.670933
1791341961.49,-,1,0,108.91000000000001,33.481405867999996,5.555504173,19351010168.0,15010800432.0,3198739432.0,10.0,36.0,117.795176,53.143968,89.56605599999999,1.488,309377.0,0.0,,,,,,30.411198571,1029.0,34.32,0.0,0.0,906427952.0,0.0,0.0,0.0,24.0,28.812967999999998,0.0,83.046544,0.038,,,,,,,,0.0,0.0,466.07000000000005,213.496536992,35.97720235,98503259016.0,70368979568.0,21259389672.0,10.0,34.0,57.329696,30.971344,84.58252,10.55,1465239.0,0.0,1465239.0,29.030116999999997,0.0,,,86.452757693,2504.0,137.41,,,,,,,31.0,41.748832,22.268304,80.03059999999999,2.073,1465239.0,,,,,0.0,1465239.0,198.017305339,2476.0,465.6,361.4,461.9,334.2,69,57,67,66,0.003624,0.003624,41.32692,41.327215
1791341962.5,-,1,0,108.91000000000001,33.487482489,5.555789574,19352077216.0,15010891168.0,3198747088.0,10.0,36.0,118.843752,53.143968,89.56605599999999,1.488,309378.0,0.0,,,,,,30.413789801,1030.0,34.330000000000005,0.0,0.0,907076520.0,0.0,0.0,0.0,24.0,28.812967999999998,0.0,83.046544,0.038,,,,,,,,0.0,0.0,466.08000000000004,213.502885024,35.977724451,98504365008.0,70369092984.0,21259400744.0,10.0,34.0,58.378271999999996,30.971344,84.58252,10.55,1465240.0,1.0,1465240.0,29.030341999999997,0.0,,,86.458795427,2505.0,137.43,,,,,,,31.0,42.797408,22.268304,80.036232,2.073,1465241.0,,,,,0.0,1465241.0,198.028352172,2478.0,465.6,361.4,461.9,334.2,69,57,67,66,0.003624,0.003624,41.32692,41.327215
1791341963.52,-,1,0,108.93,33.494339014,5.556258962,19353144496.0,15010979240.0,3198757664.0,10.0,36.0,119.89232799999999,53.143968,89.56605599999999,1.488,309379.0,0.0,,,,,,30.416575966,1031.0,34.330000000000005,0.0,0.0,907725184.0,0.0,0.0,0.0,24.0,29.861544,0.0,83.046544,0.038,,,,,,,,0.0,0.0,466.09000000000003,213.509313018,35.978388172,98505424656.0,70369156816.0,21259414656.0,10.0,34.0,59.426848,30.971344,84.58252,10.55,1465241.0,0.0,1465241.0,29.030569999999997,0.0,,,86.464526624,2506.0,137.43,,,,,,,31.0,43.845984,22.268304,80.03699999999999,2.073,1465241.0,,,,,0.0,1465241.0,198.028352172,2478.0,465.6,361.4,461.9,334.2,69,57,67,66,0.003624,0.003624,41.32692,41.327215
1791341964.53,-,1,0,108.94000000000001,33.500236926999996,5.556258962,19354149416.0,15011015480.0,3198757664.0,10.0,36.0,120.94090399999999,53.143968,89.56605599999999,1.488,309379.0,0.0,,,,,,30.416575966,1031.0,34.330000000000005,0.0,0.0,908373752.0,0.0,0.0,0.0,24.0,30.91012,0.0,83.04731199999999,0.038,,,,,,,,0.0,0.0,466.1,213.514911368,35.978388172,98506241880.0,70369187960.0,21259414656.0,10.0,34.0,60.475424,30.971344,84.58252,10.55,1465241.0,0.0,1465241.0,29.030569999999997,0.0,,,86.464526624,2506.0,137.44,,,,,,,31.0,44.89456,22.268304,80.03699999999999,2.073,1465241.0,,,,,0.0,1465241.0,198.028352172,2478.0,465.7,360.9,461.4,333.7,69,57,67,64,0.003208,0.003208,44.135577,44.135984
1791341965.55,-,1,0,108.96000000000001,33.506153239999996,5.556258962,19355149536.0,15011046888.0,3198757664.0,10.0,36.0,120.94090399999999,53.143968,89.56605599999999,1.488,309379.0,0.0,,,,,,30.416575966,1031.0,34.34,0.0,0.0,909022320.0,0.0,0.0,0.0,24.0,30.91012,0.0,83.04731199999999,0.038,,,,,,,,0.0,0.0,466.12,213.52183315300002,35.978388172,98507102856.0,70369226264.0,21259414656.0,10.0,34.0,60.475424,30.971344,84.58252,10.55,1465241.0,0.0,1465241.0,29.030569999999997,0.0,,,86.464526624,2506.0,137.44,,,,,,,31.0,45.943135999999996,22.268304,80.03699999999999,2.073,1465241.0,,,,,0.0,1465241.0,198.028352172,2478.0,465.7,360.9,461.4,333.7,69,57,67,64,0.003208,0.003208,44.135577,44.135984
1791341966.56,-,1,0,108.97000000000001,33.51388979,5.556990084,19356287016.0,15011195448.0,3198776544.0,10.0,36.0,123.038056,53.143968,89.56605599999999,1.488,309381.0,0.0,,,,,,30.421977917,1033.0,34.34,0.0,0.0,909672160.0,0.0,0.0,0.0,24.0,31.958696,0.0,83.04731199999999,0.038,,,,,,,,0.0,0.0,466.13000000000005,213.530222197,35.979635178,98508490088.0,70369374136.0,21259440264.0,10.0,34.0,62.572576,30.971344,84.587384,10.55,1465243.0,0.0,1465243.0,29.031022,0.0,,,86.484623256,2508.0,137.46,,,,,,,31.0,46.991712,22.268304,80.03699999999999,2.073,1465243.0,,,,,0.0,1465243.0,198.045289458,2480.0,466.3,360.7,460.9,334.8,69,57,67,64,0.003208,0.003208,46.893952,46.894419
1791341967.57,-,1,1.0,109.16000000000001,33.677823539,5.556990084,19426124384.0,15080036600.0,3198776544.0,10.0,36.0,94.432176,50.333144,89.56605599999999,1.494,309381.0,1602.0,,,,,,30.421977917,1033.0,34.34,0.0,0.0,910320896.0,0.0,0.0,0.0,24.0,33.007272,0.0,83.04731199999999,0.038,,,,,,,,0.0,0.0,466.52000000000004,213.69308449099998,36.025494575,98622500504.0,70450766096.0,21283698576.0,10.0,34.0,53.965607999999996,28.874191999999997,84.56908,10.561,1466883.0,0.0,1466883.0,30.056569,0.0,,,86.567252415,2509.0,137.49,,,,,,,31.0,66.914656,22.268304,80.03891999999999,2.073,1466883.0,,,,,1640.0,1465243.0,198.045289458,2480.0,466.3,360.7,460.9,334.8,69,57,67,64,0.003208,0.003208,46.893952,46.894419
1791341968.58,-,1,1.0,110.52000000000001,34.5158504,5.631924171,19842338496.0,15450536696.0,3243170392.0,10.0,36.0,123.30936799999999,42.658984,89.44893599999999,1.531,315117.0,2893.0,,,,,,31.006478305,1035.0,34.35,0.0,0.0,910969600.0,0.0,0.0,0.0,24.0,33.007272,0.0,83.04731199999999,0.038,,,,,,,,0.0,0.0,468.04,214.488245515,36.131948058,99047093336.0,70786373592.0,21350480504.0,10.0,34.0,137.103936,41.981975999999996,84.541816,10.623000000000001,1470955.0,597.0,1470879.0,33.231096,0.0,,,86.765817572,2511.0,137.70000000000002,,,,,,,31.0,38.040296,25.457383999999998,80.05325599999999,2.087,1470879.0,,,,,2048.0,1468831.0,198.774008998,2482.0,466.3,360.7,460.9,334.8,69,57,67,64,0.003208,0.003208,46.893952,46.894419
1791341969.59,-,1,1.0,111.49000000000001,34.948199459,5.796212583,20123636184.0,15638430064.0,3335470552.0,10.0,36.0,84.515368,61.23744,89.47031199999999,1.57,321681.0,0.0,,,,,,31.61576536,1040.0,34.36,0.0,0.0,911618320.0,0.0,0.0,0.0,24.0,34.055848,0.0,83.04731199999999,0.038,,,,,,,,0.0,0.0,469.17,214.964332259,36.277871629,99399269632.0,70994171080.0,21459589280.0,10.0,34.0,83.80528,51.196152,84.540536,10.672,1477543.0,0.0,1477543.0,38.34912,0.0,,,86.992376066,2515.0,138.04000000000002,,,,,,,31.0,70.980576,27.98896,80.04724,2.097,1477543.0,,,,,0.0,1477543.0,199.383195029,2487.0,463.6,360.4,464.2,336.7,69,57,67,64,7.782336,31.30932,0.363521,0.363871
1791341970.6,-,1,1.0,111.52000000000001,34.97421505,5.800098396,20148155704.0,15657980784.0,3339470504.0,10.0,36.0,108.632616,61.23744,89.47031199999999,1.57,322092.0,0.0,,,,,,31.638384001,1041.0,34.36,0.0,0.0,912266960.0,0.0,0.0,0.0,24.0,34.055848,0.0,83.04731199999999,0.038,,,,,,,,0.0,0.0,469.21000000000004,214.99449018400003,36.281558041,99426725256.0,71013639600.0,21465322904.0,10.0,34.0,112.11683199999999,51.196152,84.541816,10.672,1477954.0,0.0,1477954.0,38.586314,0.0,,,87.002495102,2516.0,138.05,,,,,,,31.0,28.758816,25.256287999999998,80.04979999999999,2.1,1477954.0,,,,,0.0,1477954.0,199.41071961,2488.0,463.6,360.4,464.2,336.7,69,57,67,64,7.782336,31.30932,0.363521,0.363871
1791341971.6,-,1,1.0,111.57000000000001,35.008965743999994,5.80604121,20172616712.0,15677464728.0,3343478656.0,10.0,36.0,132.749864,61.23744,89.47031199999999,1.57,322504.0,0.0,,,,,,31.668787653,1044.0,34.370000000000005,0.0,0.0,912915528.0,0.0,0.0,0.0,24.0,35.104424,0.0,83.04731199999999,0.038,,,,,,,,0.0,0.0,469.27000000000004,215.03560701499998,36.288111611,99454655608.0,71033051688.0,21471068752.0,10.0,34.0,139.379808,51.196152,84.541816,10.672,1478366.0,0.0,1478366.0,38.823741999999996,0.0,,,87.026924192,2519.0,138.08,,,,,,,31.0,34.001695999999995,25.256287999999998,80.051208,2.1,1478366.0,,,,,0.0,1478366.0,199.455503666,2491.0,463.6,360.4,464.2,336.7,69,57,67,64,7.782336,31.30932,0.363521,0.363871
1791341972.62,-,1,1.0,111.62,35.033375291,5.8109589,20197037784.0,15696891112.0,3347476840.0,10.0,36.0,64.520136,52.633544,89.47031199999999,1.572,322915.0,0.0,,,,,,31.696202608,1046.0,34.370000000000005,0.0,0.0,913564192.0,0.0,0.0,0.0,24.0,36.153,0.0,83.04731199999999,0.038,,,,,,,,0.0,0.0,469.33000000000004,215.073537376,36.292492202,99482379800.0,71052456288.0,21476803048.0,10.0,34.0,167.69136,51.196152,84.541816,10.675,1478777.0,1.0,1478777.0,39.060944,0.0,,,87.056793128,2521.0,138.09,,,,,,,31.0,39.244575999999995,25.256287999999998,80.051208,2.1,1478777.0,,,,,0.0,1478777.0,199.486864272,2493.0,461.8,360.4,490.1,340.3,69,57,67,64,0.580096,0.580296,0.185337,1.184654
1791341973.63,-,1,1.0,111.66000000000001,35.059887018,5.815553103,20221543264.0,15716350632.0,3351553984.0,10.0,36.0,88.637384,52.633544,89.47492,1.572,323326.0,0.0,,,,,,31.72686608,1048.0,34.370000000000005,0.0,0.0,914212784.0,0.0,0.0,0.0,24.0,36.153,0.0,83.04731199999999,0.038,,,,,,,,0.0,0.0,469.37,215.09913197199998,36.296996497,99509909752.0,71071780600.0,21482535440.0,10.0,34.0,71.119096,43.85612,84.542968,10.675,1479188.0,0.0,1479188.0,39.298184,0.0,,,87.073130839,2523.0,138.10000000000002,,,,,,,31.0,45.536032,25.256287999999998,80.07475199999999,2.1,1479188.0,,,,,0.0,1479188.0,199.523923885,2495.0,461.8,360.4,490.1,340.3,69,57,67,64,0.580096,0.580296,0.185337,1.184654
1791341974.64,-,1,1.0,111.69000000000001,35.084843532,5.819373249,20245995864.0,15735764448.0,3355623952.0,10.0,36.0,112.754632,52.633544,89.47492,1.572,323736.0,0.0,,,,,,31.749551726,1049.0,34.38,0.0,0.0,914861352.0,0.0,0.0,0.0,24.0,37.201575999999996,0.0,83.04731199999999,0.038,,,,,,,,0.0,0.0,469.41,215.123903831,36.300072143,99537221776.0,71091127528.0,21488259896.0,10.0,34.0,99.43064799999999,43.85612,84.542968,10.675,1479598.0,0.0,1479598.0,39.535199999999996,0.0,,,87.086630719,2524.0,138.11,,,,,,,31.0,50.778912,25.256287999999998,80.076032,2.1,1479598.0,,,,,0.0,1479598.0,199.550191768,2496.0,461.8,360.4,490.1,340.3,69,57,67,64,0.580096,0.580296,0.185337,1.184654
1791341975.65,-,1,1.0,111.73,35.113543295,5.823661338,20270370296.0,15755175120.0,3359618896.0,10.0,36.0,137.920456,52.633544,89.476456,1.572,324146.0,1.0,,,,,,31.771678528,1050.0,34.38,0.0,0.0,915509968.0,0.0,0.0,0.0,24.0,37.201575999999996,0.0,83.048464,0.038,,,,,,,,0.0,0.0,469.45000000000005,215.154099177,36.303765717,99564530272.0,71110454656.0,21493983880.0,10.0,34.0,126.693624,43.85612,84.54411999999999,10.675,1480008.0,0.0,1480008.0,39.772183999999996,0.0,,,87.095616473,2525.0,138.13,,,,,,,31.0,56.021792,25.256287999999998,80.07871999999999,2.1,1480008.0,,,,,0.0,1480008.0,199.573472382,2497.0,462.7,360.7,491.0,341.7,69,57,67,64,0.884352,0.884352,0.93335,0.933661
1791341976.67,-,1,1.0,111.95,35.148057662999996,5.833558664,20294913872.0,15774654992.0,3363630984.0,10.0,36.0,67.43764,52.633544,89.451368,1.576,324558.0,0.0,,,,,,31.81369991,1054.0,34.39,0.0,0.0,916159600.0,0.0,0.0,0.0,24.0,38.250152,0.0,83.049616,0.038,,,,,,,,0.0,0.0,469.51000000000005,215.179745631,36.308657303,99592558616.0,71129874016.0,21499729800.0,10.0,34.0,47.511736,41.957816,84.54411999999999,10.678,1480420.0,0.0,1480420.0,40.009633,0.0,,,87.128140086,2528.0,138.14000000000001,,,,,,,31.0,62.313247999999994,25.256287999999998,80.07871999999999,2.1,1480420.0,,,,,0.0,1480420.0,199.618682245,2500.0,462.7,360.7,491.0,341.7,69,57,67,64,0.884352,0.884352,0.93335,0.933661
1791341977.68,-,1,1.0,112.01,35.190708321,5.840692434,20319310944.0,15794057200.0,3367656864.0,10.0,36.0,91.55488799999999,52.633544,89.451368,1.576,324968.0,0.0,,,,,,31.86141659,1055.0,34.39,0.0,0.0,916808264.0,0.0,0.0,0.0,24.0,39.298728,0.0,83.049616,0.038,,,,,,,,0.0,0.0,469.55,215.21254739300002,36.312959322,99619895568.0,71149193112.0,21505451080.0,10.0,34.0,74.774712,41.957816,84.54411999999999,10.678,1480830.0,0.0,1480830.0,40.246624,0.0,,,87.141567107,2529.0,138.16,,,,,,,31.0,67.556128,25.256287999999998,80.07871999999999,2.1,1480830.0,,,,,0.0,1480830.0,199.675332295,2501.0,462.7,360.7,491.0,341.7,69,57,67,64,0.884352,0.884352,0.93335,0.933661
1791341978.69,-,1,1.0,112.05000000000001,35.224219547,5.845804211,20343727016.0,15813475592.0,3371685584.0,10.0,36.0,115.672136,52.633544,89.451368,1.576,325378.0,0.0,,,,,,31.901546976,1057.0,34.400000000000006,0.0,0.0,917456992.0,0.0,0.0,0.0,24.0,39.298728,0.0,83.05230399999999,0.038,,,,,,,,0.0,0.0,469.6,215.240372393,36.31766375,99647162480.0,71168511800.0,21511175696.0,10.0,34.0,102.03768799999999,41.957816,84.552824,10.678,1481240.0,0.0,1481240.0,40.483636,0.0,,,87.151530884,2530.0,138.25,,,,,,,31.0,28.365351999999998,24.207711999999997,80.012288,2.103,1481240.0,,,,,0.0,1481240.0,199.718970576,2502.0,462.2,360.7,491.6,340.9,69,57,67,64,0.809664,0.809664,0.777617,0.77802
1791341979.7,-,1,1.0,112.09,35.251362318000005,5.850420177,20368104624.0,15832886808.0,3375683048.0,10.0,36.0,140.83795999999998,52.633544,89.45290399999999,1.576,325788.0,0.0,,,,,,31.928142098,1059.0,34.410000000000004,0.0,0.0,918105608.0,0.0,0.0,0.0,24.0,40.347304,0.0,83.05230399999999,0.038,,,,,,,,0.0,0.0,469.64000000000004,215.26391330299998,36.320904164,99674446184.0,71187830360.0,21516900072.0,10.0,34.0,129.30066399999998,41.957816,84.552824,10.678,1481650.0,0.0,1481650.0,40.720631999999995,0.0,,,87.167222018,2531.0,138.27,,,,,,,31.0,33.608232,24.207711999999997,80.01407999999999,2.103,1481650.0,,,,,0.0,1481650.0,199.742101018,2503.0,462.2,360.7,491.6,340.9,69,57,67,64,0.809664,0.809664,0.777617,0.77802
1791341980.71,-,1,1.0,112.15,35.28249465,5.857451832,20392497712.0,15852283400.0,3379683496.0,10.0,36.0,66.314664,52.633544,89.455208,1.579,326198.0,0.0,,,,,,31.963666239,1061.0,34.410000000000004,0.0,0.0,918754360.0,0.0,0.0,0.0,24.0,41.39588,0.0,83.05230399999999,0.038,,,,,,,,0.0,0.0,469.81,215.293138984,36.327657004,99701910608.0,71207184760.0,21522633648.0,10.0,34.0,50.46532,41.876343999999996,84.552824,10.681000000000001,1482061.0,0.0,1482061.0,40.957837999999995,0.0,,,87.184732949,2532.0,138.29000000000002,,,,,,,31.0,38.851112,24.207711999999997,80.01407999999999,2.103,1482061.0,,,,,0.0,1482061.0,199.772469454,2504.0,462.2,360.7,491.6,340.9,69,57,67,64,0.809664,0.809664,0.777617,0.77802
1791341981.73,-,1,1.0,112.2,35.319703618,5.864557234,20416970208.0,15871769984.0,3383700432.0,10.0,36.0,91.480488,52.633544,89.459944,1.579,326610.0,0.0,,,,,,32.005038746,1065.0,34.410000000000004,0.0,0.0,919402928.0,0.0,0.0,0.0,24.0,41.39588,0.0,83.05230399999999,0.038,,,,,,,,0.0,0.0,469.85,215.319523684,36.332478654,99729631448.0,71226596488.0,21528378560.0,10.0,34.0,78.776872,41.876343999999996,84.552824,10.681000000000001,1482473.0,0.0,1482473.0,41.195293,0.0,,,87.2093766,2534.0,138.3,,,,,,,31.0,44.093992,24.207711999999997,80.01407999999999,2.103,1482473.0,,,,,0.0,1482473.0,199.803659448,2506.0,462.8,360.4,491.4,341.5,69,57,67,64,0.32448,0.32448,0.507733,0.508064
1791341982.74,-,1,1.0,112.25,35.346469766999995,5.869336183,20441426856.0,15891239648.0,3387718512.0,10.0,36.0,115.597736,52.633544,89.459944,1.579,327022.0,0.0,,,,,,32.033168752,1069.0,34.42,0.0,0.0,920051496.0,0.0,0.0,0.0,24.0,42.444455999999995,0.0,83.05230399999999,0.038,,,,,,,,0.0,0.0,469.88000000000005,215.345571981,36.336590291,99757316512.0,71245949640.0,21534110200.0,10.0,34.0,107.08842399999999,41.876343999999996,84.552824,10.681000000000001,1482884.0,0.0,1482884.0,41.4325,0.0,,,87.238590468,2536.0,138.31,,,,,,,31.0,50.385448,24.207711999999997,80.01407999999999,2.103,1482884.0,,,,,0.0,1482884.0,199.837993924,2508.0,462.8,360.4,491.4,341.5,69,57,67,64,0.32448,0.32448,0.507733,0.508064
1791341983.75,-,1,1.0,112.29,35.380341314999995,5.875208546,20465919912.0,15910686696.0,3391795504.0,10.0,36.0,140.76355999999998,52.633544,89.459944,1.579,327433.0,0.0,,,,,,32.070928608,1071.0,34.42,0.0,0.0,920700160.0,0.0,0.0,0.0,24.0,43.493032,0.0,83.05230399999999,0.038,,,,,,,,0.0,0.0,469.94000000000005,215.380000551,36.340806506,99784920912.0,71265329960.0,21539845496.0,10.0,34.0,48.40932,41.876343999999996,84.552824,10.684,1483295.0,0.0,1483295.0,41.669744,0.0,,,87.289654137,2538.0,138.32000000000002,,,,,,,31.0,55.628327999999996,24.207711999999997,80.01407999999999,2.103,1483295.0,,,,,0.0,1483295.0,199.902791278,2510.0,471.5,360.9,459.2,341.7,69,57,67,64,0.630152,0.630152,1.227305,0.224854
1791341984.76,-,1,1.0,112.34,35.403785510999995,5.879178594,20490409312.0,15930110224.0,3395865096.0,10.0,36.0,44.354112,35.9428,89.459944,1.582,327843.0,0.0,,,,,,32.09385028,1072.0,34.43,0.0,0.0,921348728.0,0.0,0.0,0.0,24.0,43.493032,0.0,83.05230399999999,0.038,,,,,,,,0.0,0.0,469.98,215.409429348,36.344357561,99812224840.0,71284661960.0,21545569792.0,10.0,34.0,75.672296,41.876343999999996,84.552824,10.684,1483705.0,0.0,1483705.0,41.906743999999996,0.0,,,87.302841387,2539.0,138.34,,,,,,,31.0,60.871207999999996,24.207711999999997,80.01407999999999,2.103,1483705.0,,,,,0.0,1483705.0,199.932255836,2511.0,471.5,360.9,459.2,341.7,69,57,67,64,0.630152,0.630152,1.227305,0.224854
1791341985.77,-,1,1.0,112.37,35.430322436,5.883029909,20514800168.0,15949537448.0,3399859744.0,10.0,36.0,68.47135999999999,35.9428,89.459944,1.582,328253.0,2.0,,,,,,32.113614963,1073.0,34.43,0.0,0.0,921997776.0,0.0,0.0,0.0,24.0,44.541608,0.0,83.053072,0.038,,,,,,,,0.0,0.0,470.02000000000004,215.437206188,36.3485403,99839569960.0,71303983928.0,21551293624.0,10.0,34.0,102.935272,41.876343999999996,84.552824,10.684,1484115.0,0.0,1484115.0,42.143730999999995,0.0,,,87.314388167,2540.0,138.35000000000002,,,,,,,31.0,67.16266399999999,24.207711999999997,80.01407999999999,2.103,1484115.0,,,,,0.0,1484115.0,199.957120432,2512.0,471.5,360.9,459.2,341.7,69,57,67,64,0.630152,0.630152,1.227305,0.224854
1791341986.79,-,1,1.0,112.41000000000001,35.464824217,5.887152261,20539247752.0,15969005312.0,3403869472.0,10.0,36.0,93.63718399999999,35.9428,89.46148,1.582,328665.0,0.0,,,,,,32.138183825,1076.0,34.440000000000005,0.0,0.0,922647384.0,0.0,0.0,0.0,24.0,44.541608,0.0,83.057552,0.038,,,,,,,,0.0,0.0,470.08000000000004,215.46655228499998,36.35434839,99867582456.0,71323369232.0,21557036224.0,10.0,34.0,36.366608,31.704144,84.552824,10.686,1484527.0,0.0,1484527.0,42.381164999999996,0.0,,,87.345724603,2543.0,138.38,,,,,,,31.0,25.796504,24.207711999999997,80.01728,2.105,1484527.0,,,,,0.0,1484527.0,199.994266321,2515.0,471.5,360.9,459.5,342.0,69,57,67,64,0.331048,0.81336,0.894448,0.894793
1791341987.79,-,1,1.0,,,,,,,,,,,,,,,,,,,,,,34.440000000000005,0.0,0.0,923295968.0,0.0,0.0,0.0,24.0,45.590184,0.0,83.057552,0.038,,,,,,,,0.0,0.0,470.13000000000005,215.49719199600003,36.358274334,99894926864.0,71342686504.0,21562760376.0,10.0,34.0,61.532432,31.704144,84.555512,10.686,1484937.0,0.0,1484937.0,42.61815,0.0,,,87.361841702,2544.0,138.38,,,,,,,31.0,31.039384,24.207711999999997,80.01728,2.105,1484937.0,,,,,0.0,1484937.0,200.021048304,2516.0,471.5,360.9,459.5,342.0,69,57,67,64,0.331048,0.81336,0.894448,0.894793
1791341988.8,-,1,1.0,,,,,,,,,,,,,,,,,,,,,,34.45,0.0,0.0,923945288.0,0.0,0.0,0.0,24.0,46.63876,0.0,83.057552,0.038,,,,,,,,0.0,0.0,472.33000000000004,216.787530228,36.550373015,100726987200.0,71980361544.0,21754395208.0,10.0,34.0,57.652296,27.208664,84.521592,10.739,1497651.0,410.0,1497651.0,51.069179999999996,0.0,,,87.708760321,2559.0,,,,,,,,,,,,,,,,,,,,,,0.0,360.7,410.7,0.0,0,57,67,0,23.45304,2.868728,8.482149,6.473646
1791341996.91,적체 쌓는 중,1,5.0,,,,,,,,,,,,,,,,,,,,,,34.47,0.0,0.0,924596528.0,0.0,0.0,0.0,24.0,46.63876,0.0,83.059088,0.038,,,,,,,,0.0,0.0,474.67,217.992697027,36.734370085,101753751744.0,72770859648.0,21988997240.0,10.0,34.0,50.389295999999995,23.236496,84.53067999999999,10.796,1514464.0,411.0,1514464.0,60.786769,0.0,,,88.292390609,2596.0,,,,,,,,,,,,,,,,,,,,,,0.0,360.4,421.2,0.0,0,57,67,0,48.3686,3.345864,17.784012,15.77555
1791342005.01,적체 쌓는 중,1,5.0,,,,,,,,,,,,,,,,,,,,,,34.49,0.0,0.0,925247728.0,0.0,0.0,0.0,24.0,47.687335999999995,0.0,83.059088,0.038,,,,,,,,0.0,0.0,478.89000000000004,220.14836442599997,37.084716546,103126729104.0,73818526768.0,22312240768.0,10.0,34.0,63.066551999999994,25.111511999999998,84.518136,10.925999999999998,1536609.0,0.0,1536609.0,74.68985099999999,0.0,,,89.287390634,2630.0,,,,,,,,,,,,,,,,,,,,,,0.0,360.4,396.9,0.0,0,57,67,0,64.44652,1.566952,26.559866,24.551427
1791342013.14,적체 쌓는 중,1,5.0,,,,,,,,,,,,,,,,,,,,,,34.5,0.0,0.0,925898832.0,0.0,0.0,0.0,24.0,47.687335999999995,0.0,83.059088,0.038,,,,,,,,0.0,0.0,482.79,222.252073093,37.405699623,104499709016.0,74877679848.0,22624053768.0,10.0,34.0,40.821048,27.918343999999998,84.520056,11.058,1557935.0,812.0,1557935.0,88.11912699999999,0.0,,,90.135871927,2664.0,,,,,,,,,,,,,,,,,,,,,,0.0,360.7,421.3,0.0,0,57,67,0,82.028704,2.709936,32.347108,30.338624
1791342021.24,적체 쌓는 중,1,5.0,,,,,,,,,,,,,,,,,,,,,,34.510000000000005,0.0,0.0,926550128.0,0.0,0.0,0.0,24.0,48.735912,0.0,83.059088,0.038,,,,,,,,0.0,0.0,485.05,223.44589381199998,37.607410295,105518121408.0,75654121376.0,22864387344.0,10.0,34.0,52.946712,24.24636,84.481144,11.115,1575160.0,0.0,1575160.0,98.07400899999999,0.0,,,91.060830927,2699.0,,,,,,,,,,,,,,,,,,,,,,0.0,360.4,429.0,0.0,0,57,67,0,105.322416,8.353728,41.580757,39.572243
1791342029.34,적체 쌓는 중,1,5.0,,,,,,,,,,,,,,,,,,,,,,34.53,0.0,0.0,927202288.0,0.0,0.0,0.0,24.0,48.735912,0.0,83.060496,0.038,,,,,,,,0.0,0.0,488.74,225.23592879199998,37.89480119,106899254000.0,76715731664.0,23181896360.0,10.0,34.0,42.746615999999996,23.449655999999997,84.48102399999999,11.231,1596895.0,410.0,1596895.0,111.739893,0.0,,,93.544193909,2728.0,,,,,,,,,,,,,,,,,,,,,,0.0,360.7,400.4,0.0,0,57,67,0,116.175464,0.764552,47.738164,45.729607
1791342037.44,적체 쌓는 중,1,5.0,,,,,,,,,,,,,,,,,,,,,,34.550000000000004,0.0,0.0,927853424.0,0.0,0.0,0.0,24.0,48.735912,0.0,83.060496,0.038,,,,,,,,0.0,0.0,492.41,227.2130135,38.207003686,108272125904.0,77763411536.0,23505130064.0,10.0,34.0,41.866568,28.194599999999998,84.48102399999999,11.34,1619039.0,0.0,1619039.0,125.64289099999999,0.0,,,94.573250899,2763.0,,,,,,,,,,,,,,,,,,,,,,0.0,360.4,420.1,0.0,0,57,67,0,137.693656,0.923728,56.77973,54.771197
1791342045.56,적체 쌓는 중,1,5.0,,,,,,,,,,,,,,,,,,,,,,34.56,0.0,0.0,928504624.0,0.0,0.0,0.0,24.0,49.784487999999996,0.0,83.060496,0.038,,,,,,,,0.0,0.0,494.82000000000005,228.59648781900003,38.430065214,109318268688.0,78572697696.0,23740428504.0,10.0,34.0,63.94804,26.199303999999998,84.48102399999999,11.395,1635853.0,410.0,1635853.0,135.399308,0.0,,,95.14812013,2799.0,,,,,,,,,,,,,,,,,,,,,,0.0,360.4,434.3,0.0,0,57,67,0,159.195384,3.081568,65.398019,63.389519
1791342053.69,적체 쌓는 중,1,5.0,,,,,,,,,,,,,,,,,,,,,,34.57,0.0,0.0,929156048.0,0.0,0.0,0.0,24.0,50.833064,0.0,83.060496,0.038,,,,,,,,0.0,0.0,498.21000000000004,230.49810907900002,38.717410681,110655000032.0,79596452512.0,24051552512.0,10.0,34.0,32.219848,25.236976,84.48102399999999,11.497,1657179.0,410.0,1657179.0,148.789672,0.0,,,95.768844072,2835.0,,,,,,,,,,,,,,,,,,,,,,0.0,360.4,402.7,0.0,0,57,67,0,174.96556,2.601744,74.320774,72.312468
1791342061.79,적체 쌓는 중,1,5.0,,,,,,,,,,,,,,,,,,,,,,34.59,0.0,0.0,929806736.0,0.0,0.0,0.0,24.0,50.833064,0.0,83.060496,0.038,,,,,,,,0.0,0.0,501.77000000000004,232.434103804,39.048855025,112040179752.0,80656574112.0,24374786840.0,10.0,34.0,86.212312,27.208664,84.48102399999999,11.597999999999999,1679324.0,308.0,1679324.0,162.69218999999998,0.0,,,96.409032632,2871.0,,,,,,,,,,,,,,,,,,,,,,0.0,360.4,410.8,0.0,0,57,67,0,197.376976,2.488552,83.095728,81.087441
1791342069.88,적체 쌓는 중,1,5.0,,,,,,,,,,,,,,,,,,,,,,34.61,0.0,0.0,930458256.0,0.0,0.0,0.0,24.0,51.88164,0.0,83.061392,0.038,,,,,,,,0.0,0.0,504.37,233.927566281,39.258824887,113149743264.0,81516899800.0,24622331080.0,10.0,34.0,43.97164,24.381048,84.48294399999999,11.665,1696872.0,473.0,1696872.0,173.030162,0.0,,,96.92399074,2908.0,,,,,,,,,,,,,,,,,,,,,,0.0,360.7,431.0,0.0,0,57,67,0,214.571648,1.9304,89.048324,87.040133
1791342078.0,적체 쌓는 중,1,5.0,,,,,,,,,,,,,,,,,,,,,,34.620000000000005,0.0,0.0,931109360.0,0.0,0.0,0.0,24.0,52.930215999999994,0.0,83.061392,0.038,,,,,,,,0.0,0.0,507.83000000000004,235.731951331,39.527568894,114435809568.0,82496473160.0,24926919144.0,10.0,34.0,53.390304,25.247135999999998,84.482176,11.768,1717873.0,410.0,1717873.0,186.075862,0.0,,,97.637328862,2943.0,,,,,,,,,,,,,,,,,,,,,,0.0,360.4,405.9,0.0,0,57,67,0,228.971632,1.71944,97.387532,95.379007
1791342086.11,적체 쌓는 중,1,5.0,,,,,,,,,,,,,,,,,,,,,,34.64,0.0,0.0,931760888.0,0.0,0.0,0.0,24.0,52.930215999999994,0.0,83.061392,0.038,,,,,,,,0.0,0.0,511.68,237.76823614900002,39.856228826,115826767768.0,83562230512.0,25250149184.0,10.0,34.0,51.718632,26.25732,84.48829599999999,11.876000000000001,1740017.0,0.0,1740017.0,199.978458,0.0,,,98.32954681,2979.0,,,,,,,,,,,,,,,,,,,,,,0.0,360.7,408.3,0.0,0,57,67,0,250.693104,1.823032,106.185856,104.17734
1791342094.22,적체 쌓는 중,1,5.0,,,,,,,,,,,,,,,,,,,,,,34.650000000000006,0.0,0.0,932412088.0,0.0,0.0,0.0,24.0,53.978792,0.0,83.062928,0.038,,,,,,,,0.0,0.0,514.7,239.470339426,40.06751398,117083912616.0,84567199656.0,25500521000.0,10.0,34.0,49.000544,31.984976,84.477136,11.984,1758371.0,1827.0,1757599.0,210.51936899999998,0.0,,,98.870541654,3015.0,,,,,,,,,,,,,,,,,,,,,,0.0,360.4,437.8,0.0,0,57,67,0,272.530488,2.023152,115.250971,113.242462
1791342102.31,적체 쌓는 중,1,5.0,,,,,,,,,,,,,,,,,,,,,,34.67,0.0,0.0,933063224.0,0.0,0.0,0.0,24.0,53.978792,0.0,83.062928,0.038,,,,,,,,0.0,0.0,517.26,240.833236222,40.351545255,118199856240.0,85379660144.0,25802303864.0,10.0,34.0,36.183208,23.826928,84.478032,12.043,1778568.0,0.0,1778568.0,223.362539,0.0,,,99.468741372,3053.0,,,,,,,,,,,,,,,,,,,,,,0.0,360.4,402.4,0.0,0,57,67,0,291.74152,5.817296,123.502074,121.493952
1791342110.43,적체 쌓는 중,1,5.0,,,,,,,,,,,,,,,,,,,,,,34.68,0.0,0.0,933713416.0,0.0,0.0,0.0,24.0,55.027367999999996,0.0,83.063952,0.038,,,,,,,,0.0,0.0,520.97,242.815654426,40.675053776,119592442248.0,86447063824.0,26125543824.0,10.0,34.0,35.418976,26.023152,84.477648,12.147,1800713.0,78.0,1800713.0,237.265504,0.0,,,100.151067758,3088.0,,,,,,,,,,,,,,,,,,,,,,0.0,360.4,425.2,0.0,0,57,67,0,307.423016,1.870824,131.861045,129.852604
1791342118.55,적체 쌓는 중,1,5.0,,,,,,,,,,,,,,,,,,,,,,34.690000000000005,0.0,0.0,934365296.0,0.0,0.0,0.0,24.0,56.075944,0.0,83.063952,0.038,,,,,,,,0.0,0.0,524.84,244.976766603,41.010284023,120961945504.0,87503016216.0,26437226352.0,10.0,34.0,86.47872,52.924288,84.477648,12.271999999999998,1822029.0,0.0,1822029.0,250.68962499999998,0.0,,,100.947075547,3124.0,,,,,,,,,,,,,,,,,,,,,,0.0,360.4,431.8,0.0,0,57,67,0,327.767488,0.815336,140.211875,138.203507
1791342126.66,적체 쌓는 중,1,5.0,,,,,,,,,,,,,,,,,,,,,,34.71,0.0,0.0,935016680.0,0.0,0.0,0.0,24.0,56.075944,0.0,83.063952,0.038,,,,,,,,0.0,0.0,527.14,246.27432660999997,41.220287447,121972120392.0,88276910648.0,26671948224.0,10.0,34.0,56.598335999999996,26.299007999999997,84.480976,12.331,1838851.0,410.0,1838851.0,260.412107,0.0,,,101.495654453,3160.0,,,,,,,,,,,,,,,,,,,,,,0.0,360.7,431.4,0.0,0,57,67,0,337.768576,1.070312,145.950942,143.942773
1791342134.75,적체 쌓는 중,1,5.0,,,,,,,,,,,,,,,,,,,,,,34.730000000000004,0.0,0.0,935669032.0,0.0,0.0,0.0,24.0,57.12452,0.0,83.069144,0.038,,,,,,,,0.0,0.0,530.69,248.20401497999998,41.551211601,123341683032.0,89327100160.0,26989479712.0,10.0,34.0,53.055727999999995,25.922016,84.47623999999999,12.433,1860997.0,0.0,1860587.0,274.078129,0.0,,,102.211654623,3195.0,,,,,,,,,,,,,,,,,,,,,,0.0,360.4,409.0,0.0,0,57,67,0,359.024888,2.134624,154.533398,152.524924
1791342142.82,적체 쌓는 중,1,5.0,,,,,,,,,,,,,,,,,,,,,,34.74,0.0,0.0,936320288.0,0.0,0.0,0.0,24.0,58.173095999999994,0.0,83.070168,0.038,,,,,,,,0.0,0.0,534.6600000000001,250.21326566399998,41.877254599,124734822832.0,90389097632.0,27318438856.0,10.0,34.0,47.295088,39.363696,84.47623999999999,12.558,1883142.0,0.0,1883142.0,288.217858,0.0,,,103.133209042,3231.0,,,,,,,,,,,,,,,,,,,,,,0.0,360.4,429.9,0.0,0,57,67,0,380.514224,2.084048,163.601145,161.592792
1791342150.92,적체 쌓는 중,1,5.0,,,,,,,,,,,,,,,,,,,,,,34.760000000000005,0.0,0.0,936970824.0,0.0,0.0,0.0,24.0,58.173095999999994,0.0,83.070168,0.038,,,,,,,,0.0,0.0,537.0400000000001,251.51958830299998,42.05759144,125744947768.0,91174356888.0,27541612664.0,10.0,34.0,39.241416,27.256135999999998,84.47623999999999,12.623000000000001,1899137.0,820.0,1899137.0,297.461795,0.0,,,104.069534077,3265.0,,,,,,,,,,,,,,,,,,,,,,0.0,361.5,408.9,0.0,0,57,67,0,391.086152,0.662496,169.681507,167.672914
1791342159.03,적체 쌓는 중,1,5.0,,,,,,,,,,,,,,,,,,,,,,34.78,0.0,0.0,937622008.0,0.0,0.0,0.0,24.0,59.221672,0.0,83.070168,0.038,,,,,,,,0.0,0.0,540.86,253.392383294,42.37059709,127085891856.0,92201543128.0,27853396208.0,10.0,34.0,60.02804,24.15788,84.461648,12.748,1920461.0,446.0,1920461.0,310.89039399999996,0.0,,,105.907875885,3296.0,,,,,,,,,,,,,,,,,,,,,,0.0,360.4,406.1,0.0,0,57,67,0,413.234544,1.023064,179.075224,177.06672
1791342167.14,적체 쌓는 중,1,5.0,,,,,,,,,,,,,,,,,,,,,,34.800000000000004,0.0,0.0,938272984.0,0.0,0.0,0.0,24.0,59.221672,0.0,83.070168,0.038,,,,,,,,0.0,0.0,545.5500000000001,255.81786168500003,42.751535316,128523237928.0,93336575352.0,28153551536.0,10.0,34.0,94.10479199999999,46.529295999999995,84.461648,12.982999999999999,1941596.0,1741.0,1940912.0,323.841971,0.0,,,106.997171036,3328.0,,,,,,,,,,,,,,,,,,,,,,0.0,360.4,406.4,0.0,0,57,67,0,418.276528,1.982544,182.010272,180.001887
1791342171.35,적체 따라잡기,1,1.0,,,,,,,,,,,,,,,,,,,,,,34.81,0.0,0.0,938921480.0,0.0,0.0,0.0,24.0,60.270247999999995,0.0,83.070168,0.038,,,,,,,,0.0,0.0,546.32,256.055645895,42.916976337,128691080168.0,93435109552.0,28222002656.0,10.0,34.0,131.07206399999998,56.534704,84.461648,13.014999999999999,1945008.0,410.0,1945008.0,327.09610799999996,0.0,,,107.276411677,3330.0,,,,,,,,,,,,,,,,,,,,,,0.0,360.4,406.4,0.0,0,57,67,0,418.276528,1.982544,182.010272,180.001887
1791342172.35,적체 따라잡기,1,1.0,,,,,,,,,,,,,,,,,,,,,,34.84,0.0,0.0,939573128.0,0.0,0.0,0.0,24.0,26.704231999999998,0.0,83.070512,0.041,,,,,,,,0.0,0.0,546.65,256.14471335999997,42.958788231,128747731432.0,93464810752.0,28248100704.0,10.0,34.0,83.11597599999999,45.913424,84.461648,13.030000000000001,1946705.0,0.0,1946705.0,328.267413,0.0,,,107.349169205,3331.0,,,,,,,,,,,,,,,,,,,,,,99.76,360.4,429.8,8.27,28,57,67,7,447.907168,19.200032,185.432148,183.42388
1791342173.36,적체 따라잡기,1,1.0,,,,,,,,,,,,,,,,,,,,,,34.85,0.0,0.0,940248048.0,0.0,0.0,0.0,24.0,26.704231999999998,0.0,83.101568,0.041,,,,,,,,0.0,0.0,546.73,256.205379343,42.969130893,128772775944.0,93483344656.0,28253856128.0,10.0,34.0,107.23322399999999,45.913424,84.461648,13.030000000000001,1947118.0,411.0,1947118.0,328.505096,0.0,,,107.409976238,3333.0,,,,,,,,,,,,,,,,,,,,,,99.76,360.4,429.8,8.27,28,57,67,7,447.907168,19.200032,185.432148,183.42388
1791342174.36,적체 따라잡기,1,1.0,,,,,,,,,,,,,,,,,,,,,,34.85,0.0,0.0,940896640.0,0.0,0.0,0.0,24.0,27.752807999999998,0.0,83.102848,0.041,,,,,,,,0.0,0.0,546.84,256.274753372,42.989059441,128806960608.0,93505296928.0,28265310712.0,10.0,34.0,61.999224,46.82656,84.461648,13.033,1947939.0,0.0,1947939.0,328.979297,0.0,,,107.466422677,3335.0,,,,,,,,,,,,,,,,,,,,,,99.76,360.4,429.8,8.27,28,57,67,7,447.907168,19.200032,185.432148,183.42388
1791342175.37,적체 따라잡기,1,1.0,,,,,,,,,,,,,,,,,,,,,,34.86,0.0,0.0,941545208.0,0.0,0.0,0.0,24.0,28.801384,0.0,83.102848,0.041,,,,,,,,0.0,0.0,546.9100000000001,256.33102780400003,42.996750181,128832778896.0,93524639728.0,28271035440.0,10.0,34.0,88.213624,46.82656,84.461648,13.033,1948349.0,0.0,1948349.0,329.216316,0.0,,,107.484946835,3336.0,,,,,,,,,,,,,,,,,,,,,,196.8,360.5,464.9,211.4,41,57,67,39,449.686416,0.515752,188.519923,186.511902
1791342176.37,적체 따라잡기,1,1.0,,,,,,,,,,,,,,,,,,,,,,34.870000000000005,0.0,0.0,942194864.0,0.0,0.0,0.0,24.0,28.801384,0.0,83.102848,0.041,,,,,,,,0.0,0.0,547.01,256.41233859700003,42.997590265,128858590096.0,93549689712.0,28271045968.0,10.0,34.0,113.379448,46.82656,84.461648,13.033,1948760.0,0.0,1948760.0,329.45354199999997,0.0,,,107.501383292,3337.0,,,,,,,,,,,,,,,,,,,,,,196.8,360.5,464.9,211.4,41,57,67,39,449.686416,0.515752,188.519923,186.511902
1791342177.38,적체 따라잡기,1,1.0,31.62,0.405090611,0.0,481636448.0,21020224.0,0.0,2.0,29.0,44.509471999999995,0.0,76.71017599999999,0.009,,,,,,,,0.0,0.0,34.88,0.0,0.0,942844376.0,0.0,0.0,0.0,24.0,29.84996,0.0,83.103872,0.041,,,,,,,,0.0,0.0,547.1,256.474603875,43.009831934,128884420960.0,93569019688.0,28276770000.0,10.0,34.0,49.131128,32.655288,84.461648,13.039,1949170.0,0.0,1949170.0,329.690546,0.0,,,107.531271306,3338.0,31.270000000000003,,,,,,,32.0,55.635568,0.0,77.60053599999999,0.004,,,,,,463823.0,1485347.0,0.0,0.0,338.5,360.5,464.7,324.0,67,57,67,54,450.713744,0.506072,191.66199,189.653548
1791342178.39,적체 따라잡기,1,1.0,32.660000000000004,0.781707741,0.0,502634864.0,39276344.0,0.0,8.0,35.0,38.329584,0.0,81.07603999999999,0.014,,0.0,,,,,,0.0,0.0,34.89,0.0,0.0,943492840.0,0.0,0.0,0.0,24.0,30.898536,0.0,83.103872,0.041,,,,,,,,0.0,0.0,547.2800000000001,256.519502256,43.031366475,128919845952.0,93582661680.0,28288226536.0,10.0,34.0,87.92844,32.655288,84.51392799999999,13.039,1949581.0,0.0,1949581.0,329.92776399999997,0.0,,,107.74072767,3340.0,33.06,,,,,,,32.0,49.596624,0.0,81.40163199999999,0.01,2048.0,,,,,463823.0,1485347.0,0.0,0.0,338.5,360.5,464.7,324.0,67,57,67,54,450.713744,0.506072,191.66199,189.653548
1791342179.4,적체 따라잡기,1,1.0,36.11,1.7304155760000002,0.11028815,556441128.0,88241344.0,3932856.0,10.0,37.0,39.546336,0.0,88.188544,0.026,183.0,283.0,,,,,,0.20696636,1.0,34.89,0.0,0.0,944141456.0,0.0,0.0,0.0,24.0,30.898536,0.0,83.10476799999999,0.041,,,,,,,,0.0,0.0,547.35,256.574769577,43.031366475,128941546952.0,93592750344.0,28288226536.0,10.0,34.0,113.094264,32.655288,84.51392799999999,13.039,1949632.0,171.0,1949632.0,329.95719399999996,0.0,,,107.74072767,3340.0,35.09,,,,,,,32.0,58.843087999999995,29.372639999999997,83.629432,0.015,4096.0,,,,,462186.0,1487395.0,0.692074744,1.0,338.5,360.5,464.7,324.0,67,57,67,54,450.713744,0.506072,191.66199,189.653548
1791342180.41,적체 따라잡기,1,1.0,43.400000000000006,2.856934153,0.382837876,709549240.0,219897704.0,24119456.0,10.0,37.0,55.040783999999995,0.0,85.864944,0.067,1879.0,151.0,,,,,,0.732258165,3.0,34.900000000000006,0.0,0.0,944790024.0,0.0,0.0,0.0,24.0,31.947111999999997,0.0,83.10476799999999,0.041,,,,,,,,0.0,0.0,548.11,256.684903493,43.05297896,129001380760.0,93618709480.0,28293952312.0,10.0,34.0,68.95676,39.090776,84.51970399999999,13.049,1949991.0,410.0,1949991.0,330.164757,0.0,,,107.793904415,3342.0,38.0,,,,,,,32.0,38.829656,28.081495999999998,85.09988,0.034,11696.0,,,,,454404.0,1495587.0,2.148904946,5.0,338.5,360.5,464.7,324.0,67,57,67,54,450.713744,0.506072,191.66199,189.653548
1791342181.42,적체 따라잡기,1,1.0,50.580000000000005,4.2347151180000004,0.604362128,938394584.0,428570080.0,42896632.0,10.0,36.0,60.884344,45.426688,86.4212,0.123,5433.0,1803.0,,,,,,1.203267851,4.0,34.910000000000004,0.0,0.0,945438688.0,0.0,0.0,0.0,24.0,32.995688,0.0,83.106304,0.041,,,,,,,,0.0,0.0,548.27,256.74876311599996,43.064079744,129046091248.0,93638036776.0,28299676296.0,10.0,34.0,123.48271199999999,39.090776,84.583832,13.049,1950401.0,410.0,1950401.0,330.40175,0.0,,,107.827358948,3343.0,40.11,,,,,,,32.0,53.530248,28.081495999999998,85.771704,0.043,16384.0,,,,,450718.0,1499683.0,2.756333407,7.0,418.6,360.7,461.5,367.8,77,57,67,71,453.060808,4.187384,191.745032,187.95258
1791342182.42,적체 따라잡기,1,1.0,57.61000000000001,5.337733461,0.942696759,1263739520.0,685620088.0,109598408.0,10.0,36.0,89.596256,54.676992,86.179864,0.184,9529.0,1690.0,,,,,,2.072007723,7.0,34.92,0.0,0.0,946087952.0,0.0,0.0,0.0,24.0,32.995688,0.0,83.107072,0.041,,,,,,,,0.0,0.0,548.4100000000001,256.785926498,43.078470406,129078487200.0,93644471496.0,28305401136.0,10.0,34.0,42.395312,27.55644,84.58792799999999,13.056,1950811.0,92.0,1950811.0,330.63876999999997,0.0,,,107.851641102,3344.0,41.21,,,,,,,31.0,53.548711999999995,28.081495999999998,86.18455999999999,0.055999999999999994,22528.0,,,,,442936.0,1507875.0,4.004252001,11.0,418.6,360.7,461.5,367.8,77,57,67,71,453.060808,4.187384,191.745032,187.95258
1791342183.44,적체 따라잡기,1,1.0,63.7,6.720031895,1.193204688,1748019320.0,1107774376.0,170207456.0,10.0,36.0,103.73728799999999,55.405255999999994,86.430544,0.259,16284.0,4668.0,,,,,,2.896262239,10.0,34.95,0.0,0.0,946736616.0,0.0,0.0,0.0,24.0,34.044264,0.0,83.111936,0.041,,,,,,,,0.0,0.0,548.58,256.90973503099997,43.098724622,129151810656.0,93679436944.0,28316887552.0,10.0,34.0,129.42712,27.55644,84.589208,13.056,1951635.0,0.0,1951635.0,331.11369199999996,0.0,,,107.896493942,3347.0,41.99,,,,,,,31.0,54.644424,28.081495999999998,86.516376,0.074,30720.0,,,,,435157.0,1516067.0,4.711465184,14.0,418.6,360.7,461.5,367.8,77,57,67,71,453.060808,4.187384,191.745032,187.95258
1791342184.44,적체 따라잡기,1,1.0,66.88000000000001,7.920887445999999,1.390786909,2292160872.0,1569530432.0,251147152.0,10.0,36.0,88.89632,67.573024,86.64796,0.32,23881.0,6534.0,,,,,,3.750589392,14.0,34.97,0.0,0.0,947385296.0,0.0,0.0,0.0,24.0,34.044264,0.0,83.111936,0.041,,,,,,,,0.0,0.0,548.87,256.987380881,43.098724622,129222349112.0,93704463736.0,28316887552.0,10.0,34.0,62.147104,27.212792,84.582296,13.064,1952045.0,0.0,1952045.0,264.00825599999996,0.0,,,107.896493942,3347.0,42.78,,,,,,,31.0,53.618055999999996,28.204168,86.496344,0.092,40960.0,,,,,427376.0,1524259.0,5.677085721,19.0,476.8,360.5,486.6,375.5,74,57,67,67,440.740592,4.002928,186.648029,181.641286
1791342185.45,적체 따라잡기,1,1.0,69.88000000000001,9.002546695,1.551803681,2874275144.0,2068329064.0,332872760.0,10.0,36.0,107.80879999999999,74.1528,86.881264,0.375,34105.0,8192.0,,,,,,4.439730722,18.0,34.97,0.0,0.0,948033968.0,0.0,0.0,0.0,24.0,35.092839999999995,0.0,83.111936,0.041,,,,,,,,0.0,0.0,549.01,257.023754918,43.116928663,129284689312.0,93717241712.0,28326490832.0,10.0,34.0,39.562888,27.212792,84.59343199999999,13.068000000000001,1952323.0,0.0,1952323.0,264.168884,0.0,,,107.930677408,3349.0,43.46,,,,,,,31.0,52.641687999999995,28.276376,86.92124799999999,0.112,53248.0,,,,,415776.0,1536547.0,6.697421277,25.0,476.8,360.5,486.6,375.5,74,57,67,67,440.740592,4.002928,186.648029,181.641286
1791342186.45,적체 따라잡기,1,1.0,72.99000000000001,10.152856625,1.768898766,3541445696.0,2604200968.0,462681416.0,10.0,36.0,112.4288,73.512976,87.153128,0.425,46393.0,7197.0,,,,,,5.386896852,24.0,34.980000000000004,0.0,0.0,948683424.0,0.0,0.0,0.0,24.0,36.141416,0.0,83.111936,0.041,,,,,,,,0.0,0.0,549.1,257.069319879,43.120350598,129341999408.0,93734836008.0,28328347944.0,10.0,34.0,114.01178399999999,27.212792,84.597912,13.068000000000001,1952456.0,410.0,1952456.0,264.245492,0.0,,,107.944308849,3351.0,44.1,,,,,,,31.0,61.491248,28.307199999999998,87.17931999999999,0.13,63488.0,,,,,405669.0,1546787.0,7.503213028,30.0,476.8,360.5,486.6,375.5,74,57,67,67,440.740592,4.002928,186.648029,181.641286
1791342187.46,적체 따라잡기,1,1.0,75.32000000000001,11.216376804000001,1.930218488,4136988064.0,3098353040.0,562469712.0,10.0,36.0,134.14076799999998,61.240047999999994,87.48747999999999,0.468,56633.0,7318.0,,,,,,6.242163819,29.0,34.980000000000004,0.0,0.0,949332080.0,0.0,0.0,0.0,24.0,36.141416,0.0,83.111936,0.041,,,,,,,,0.0,0.0,549.33,257.125060177,43.127575133,129414855880.0,93754176520.0,28334071808.0,10.0,34.0,63.349295999999995,26.160088,84.539672,13.075,1952866.0,410.0,1952866.0,264.48247399999997,0.0,,,107.95972646,3352.0,44.75,,,,,,,31.0,52.717392,28.370544,87.515496,0.153,75776.0,,,,,393791.0,1559075.0,8.411111181,36.0,476.8,360.5,486.6,375.5,74,57,67,67,440.740592,4.002928,186.648029,181.641286
1791342188.47,적체 따라잡기,1,1.0,77.18,11.977858345,2.028097035,4537929048.0,3438326024.0,622413288.0,10.0,36.0,124.287368,64.518536,87.731392,0.502,62777.0,8192.0,,,,,,7.04611334,32.0,34.99,0.0,0.0,949980624.0,0.0,0.0,0.0,24.0,37.189992,0.0,83.111936,0.041,,,,,,,,0.0,0.0,549.47,257.195554601,43.142698446,129481762320.0,93776205416.0,28345527776.0,10.0,34.0,52.139128,26.160088,84.539672,13.079,1953687.0,2.0,1953687.0,264.956702,0.0,,,108.218265833,3355.0,45.27,,,,,,,31.0,52.742256,28.40768,87.91568,0.173,86016.0,,,,,384372.0,1569315.0,9.449198732,41.0,489.8,360.5,472.9,372.6,72,57,67,67,420.08988,8.668728,177.156599,170.149118
1791342189.48,적체 따라잡기,1,1.0,79.71000000000001,13.103563649000002,2.212462563,5131981728.0,3922472976.0,730798152.0,10.0,36.0,97.639696,68.627296,87.758864,0.548,73016.0,8121.0,,,,,,7.884012933,37.0,35.0,0.0,0.0,950629344.0,0.0,0.0,0.0,24.0,38.238568,0.0,83.111936,0.041,,,,,,,,0.0,0.0,549.62,257.239956187,43.149962587,129552483896.0,93795537240.0,28351263680.0,10.0,34.0,39.7866,26.160088,84.539672,13.087,1954098.0,0.0,1954098.0,265.19392899999997,0.0,,,108.24301981,3357.0,45.720000000000006,,,,,,,31.0,54.183536,28.443711999999998,88.13732,0.19,96256.0,,,,,374543.0,1579555.0,10.412254104,46.0,489.8,360.5,472.9,372.6,72,57,67,67,420.08988,8.668728,177.156599,170.149118
1791342190.49,적체 따라잡기,1,1.0,81.82000000000001,14.051020338999999,2.37768795,5721818376.0,4410352552.0,831437080.0,10.0,36.0,84.47175999999999,66.742216,87.895808,0.587,83256.0,8192.0,,,,,,8.754600993,42.0,35.0,0.0,0.0,951277960.0,0.0,0.0,0.0,24.0,38.238568,0.0,83.11308799999999,0.041,,,,,,,,0.0,0.0,549.7900000000001,257.288262501,43.156736234,129617555312.0,93814892928.0,28356986904.0,10.0,34.0,126.81840799999999,26.160088,84.535832,13.087,1954508.0,0.0,1954508.0,265.430882,0.0,,,108.257864128,3358.0,46.34,,,,,,,31.0,71.09280799999999,32.67104,85.773544,0.211,108544.0,,,,,362255.0,1591843.0,11.266058343,52.0,489.8,360.5,472.9,372.6,72,57,67,67,420.08988,8.668728,177.156599,170.149118
1791342191.5,적체 따라잡기,1,1.0,84.53,15.149924188,2.554581796,6318023344.0,4904250888.0,932365792.0,10.0,36.0,139.554648,65.88159999999999,88.100008,0.624,93496.0,7939.0,,,,,,9.658765275,47.0,35.010000000000005,0.0,0.0,951926528.0,0.0,0.0,0.0,24.0,39.287144,0.0,83.113856,0.041,,,,,,,,0.0,0.0,549.9000000000001,257.346668517,43.16335391,129676090480.0,93834234280.0,28362711440.0,10.0,34.0,102.17048799999999,26.160088,84.535832,13.091000000000001,1954918.0,0.0,1954918.0,265.667891,0.0,,,108.270503204,3359.0,47.07,,,,,,,31.0,37.492543999999995,32.249663999999996,81.254576,0.235,120832.0,,,,,350787.0,1604131.0,12.347091339,58.0,492.1,360.5,449.7,374.4,72,57,67,66,416.050992,7.415648,169.005703,159.996544
1791342192.52,적체 따라잡기,1,1.0,87.08000000000001,16.172180219,2.735262837,6930638376.0,5387866184.0,1059893424.0,10.0,36.0,93.501296,66.0992,88.219616,0.674,103736.0,6266.0,,,,,,10.548386465,53.0,35.02,0.0,0.0,952575208.0,0.0,0.0,0.0,24.0,39.287144,0.0,83.113856,0.041,,,,,,,,0.0,0.0,550.14,257.397551308,43.172375189,129753366144.0,93853586040.0,28368433264.0,10.0,34.0,70.713816,25.111511999999998,84.535832,13.099,1955328.0,2.0,1955328.0,265.904906,0.0,,,108.284922847,3360.0,47.760000000000005,,,,,,,31.0,41.588024,31.102263999999998,81.621104,0.25,131072.0,,,,,340957.0,1614371.0,13.128624717,63.0,492.1,360.5,449.7,374.4,72,57,67,66,416.050992,7.415648,169.005703,159.996544
1791342193.53,적체 따라잡기,1,1.0,89.2,17.199617376,2.875123493,7556020352.0,5911944120.0,1159894216.0,10.0,36.0,146.75205599999998,64.96902399999999,88.00627999999999,0.714,116024.0,6654.0,,,,,,11.386345105,58.0,35.02,0.0,0.0,953223840.0,0.0,0.0,0.0,24.0,40.335719999999995,0.0,83.113856,0.041,,,,,,,,0.0,0.0,550.26,257.44959323899997,43.177960223,129815754960.0,93872127136.0,28372331152.0,10.0,34.0,51.884592,25.140407999999997,84.535832,13.103,1955608.0,0.0,1955608.0,266.06562099999996,0.0,,,108.306327992,3363.0,48.28,,,,,,,31.0,44.467496,30.836008,81.928192,0.267,143360.0,,,,,328949.0,1626659.0,14.095046191,69.0,492.1,360.5,449.7,374.4,72,57,67,66,416.050992,7.415648,169.005703,159.996544
1791342194.54,적체 따라잡기,1,1.0,91.24000000000001,18.057533470000003,3.025207345,8145687928.0,6392627808.0,1267452112.0,10.0,36.0,116.81582399999999,65.48312,87.448184,0.75,124216.0,6541.0,,,,,,12.272681853,63.0,35.03,0.0,0.0,953872432.0,0.0,0.0,0.0,24.0,40.335719999999995,0.0,83.113856,0.041,,,,,,,,0.0,0.0,550.49,257.498381255,43.181553255,129894036864.0,93889686912.0,28374201144.0,10.0,34.0,49.150984,24.16772,84.533784,13.110999999999999,1955742.0,410.0,1955742.0,198.59856499999998,0.0,,,108.315333718,3364.0,48.86000000000001,,,,,,,31.0,35.526368,30.283488,81.99343999999999,0.284,157696.0,,,,,314747.0,1640995.0,15.093815185,76.0,497.4,361.0,445.6,382.2,72,57,67,66,401.29348,5.652736,159.65038,149.452597
1791342195.55,적체 따라잡기,1,1.0,93.37,19.185551154000002,3.183956693,8720548000.0,6865470384.0,1368152608.0,10.0,36.0,118.05999999999999,60.38832,87.502984,0.793,134456.0,6337.0,,,,,,13.086725026,68.0,35.04,0.0,0.0,954520968.0,0.0,0.0,0.0,24.0,40.335719999999995,0.0,83.113856,0.041,,,,,,,,0.0,0.0,550.62,257.570788504,43.195868816,129957153576.0,93911646392.0,28385646064.0,10.0,34.0,127.79418399999999,24.16772,84.53749599999999,13.110999999999999,1956562.0,0.0,1956562.0,199.072529,0.0,,,108.346101101,3366.0,49.5,,,,,,,31.0,45.135152,28.077992,82.150904,0.301,167936.0,,,,,305327.0,1651235.0,16.039493477,81.0,497.4,361.0,445.6,382.2,72,57,67,66,401.29348,5.652736,159.65038,149.452597
1791342196.57,적체 따라잡기,1,1.0,95.58000000000001,20.276931617,3.344660419,9401735168.0,7445657040.0,1467771920.0,10.0,36.0,139.466496,65.849216,87.5868,0.837,146744.0,7834.0,,,,,,13.858519873,73.0,35.04,0.0,0.0,955170920.0,0.0,0.0,0.0,24.0,41.384296,0.0,83.113856,0.041,,,,,,,,0.0,0.0,550.76,257.635705643,43.20273829,130025726784.0,93931034232.0,28391380768.0,10.0,34.0,90.238328,24.17804,84.54248799999999,13.113999999999999,1956973.0,0.0,1956973.0,199.309755,0.0,,,108.368657872,3368.0,50.07,,,,,,,31.0,52.676088,27.942311999999998,82.298672,0.312,180224.0,,,,,293450.0,1663523.0,17.015203622,87.0,497.4,361.0,445.6,382.2,72,57,67,66,401.29348,5.652736,159.65038,149.452597
1791342197.57,적체 따라잡기,1,1.0,97.87,21.304121395000003,3.523133909,10083568600.0,7997830592.0,1595900968.0,10.0,36.0,80.10725599999999,67.524344,87.859344,0.888,159032.0,6858.0,,,,,,14.738398515,79.0,35.04,0.0,0.0,955819488.0,0.0,0.0,0.0,24.0,42.432871999999996,0.0,83.113856,0.041,,,,,,,,0.0,0.0,551.01,257.69287423099996,43.21438789,130102826136.0,93950385680.0,28397104520.0,10.0,34.0,41.810232,24.165656,84.54248799999999,13.12,1957383.0,0.0,1957383.0,199.546731,0.0,,,108.392875895,3369.0,50.790000000000006,,,,,,,31.0,54.116856,32.882936,82.46088,0.331,192512.0,,,,,281162.0,1675811.0,17.883087522,93.0,499.4,360.5,471.5,387.7,70,57,67,66,389.416712,7.27968,147.779577,135.381438
1791342198.58,적체 따라잡기,1,1.0,99.98,22.321050952,3.658890676,10714103472.0,8526937680.0,1695961336.0,10.0,36.0,130.932736,64.270528,87.352368,0.923,169272.0,7982.0,,,,,,15.537371243,84.0,35.04,0.0,0.0,956467888.0,0.0,0.0,0.0,24.0,42.432871999999996,0.0,83.113856,0.041,,,,,,,,0.0,0.0,551.12,257.740030151,43.220520894,130167801128.0,93969808112.0,28402850864.0,10.0,34.0,35.478456,24.16772,84.54248799999999,13.125,1957795.0,0.0,1957795.0,199.78419699999998,0.0,,,108.417642137,3372.0,51.2,,,,,,,31.0,40.813351999999995,31.902231999999998,82.53399999999999,0.342,206848.0,,,,,267648.0,1690147.0,18.912977171,100.0,499.4,360.5,471.5,387.7,70,57,67,66,389.416712,7.27968,147.779577,135.381438
1791342199.58,적체 따라잡기,1,1.0,101.97000000000001,23.295121894,3.808603103,11414295616.0,9105702320.0,1816035344.0,10.0,36.0,90.104592,72.399288,87.41568,0.968,181559.0,7529.0,,,,,,16.413602359,90.0,35.050000000000004,0.0,0.0,957116456.0,0.0,0.0,0.0,24.0,43.481448,0.0,83.113856,0.041,,,,,,,,0.0,0.0,551.34,257.779084741,43.226878083,130253923896.0,93989111880.0,28408571936.0,10.0,34.0,34.10172,24.128504,84.538648,13.132,1958205.0,0.0,1958205.0,200.02118199999998,0.0,,,108.45870471,3373.0,51.64,,,,,,,31.0,71.647792,29.649151999999997,82.851816,0.353,219136.0,,,,,255770.0,1702435.0,19.744741874,106.0,499.4,360.5,471.5,387.7,70,57,67,66,389.416712,7.27968,147.779577,135.381438
1791342200.6,적체 따라잡기,1,1.0,104.25,24.406123386,3.98663716,12097009496.0,9658850728.0,1944108512.0,10.0,36.0,85.7414,70.535232,87.55712799999999,1.015,193847.0,6763.0,,,,,,17.296203658,96.0,35.06,0.0,0.0,957765064.0,0.0,0.0,0.0,24.0,43.481448,0.0,83.113856,0.041,,,,,,,,0.0,0.0,551.44,257.83748692499995,43.235426424,130318804392.0,94008466440.0,28414295880.0,10.0,34.0,121.133528,24.128504,84.538648,13.132,1958615.0,0.0,1958615.0,200.258167,0.0,,,108.476360207,3374.0,52.02,,,,,,,31.0,51.872704,27.109184,82.356888,0.362,231424.0,,,,,243892.0,1714723.0,20.753406,112.0,501.8,360.5,452.7,409.5,69,57,67,66,371.086896,6.963528,138.319669,123.730989
1791342201.6,적체 따라잡기,1,1.0,106.15,25.479060127,4.137132022,12675019632.0,10135738136.0,2043926120.0,10.0,36.0,144.3878,67.083904,87.625928,1.05,204087.0,6775.0,,,,,,18.140481454,101.0,35.1,0.0,0.0,958413792.0,0.0,0.0,0.0,24.0,44.530024,0.0,83.12447999999999,0.041,,,,,,,,0.0,0.0,551.5600000000001,257.89677228100004,43.24782385,130380655240.0,94027792224.0,28420021496.0,10.0,34.0,83.151112,24.138824,84.538648,13.135,1959025.0,0.0,1959025.0,200.495159,0.0,,,108.506076157,3376.0,52.5,,,,,,,31.0,52.000352,28.950616,81.90786399999999,0.371,241664.0,,,,,233861.0,1724963.0,21.55738165,117.0,501.8,360.5,452.7,409.5,69,57,67,66,371.086896,6.963528,138.319669,123.730989
1791342202.61,적체 따라잡기,1,1.0,108.2,26.489292426,4.257531699,13228790944.0,10608034728.0,2124132280.0,10.0,36.0,103.85963199999999,66.110896,88.406048,1.09,212279.0,8192.0,,,,,,18.891008346,105.0,35.1,0.0,0.0,959062376.0,0.0,0.0,0.0,24.0,45.578599999999994,0.0,83.12447999999999,0.041,,,,,,,,0.0,0.0,551.8000000000001,257.94986893,43.25981265,130454352520.0,94047169312.0,28425746432.0,10.0,34.0,43.32644,24.138824,84.538648,13.141,1959435.0,2.0,1959435.0,200.73217699999998,0.0,,,108.525855123,3377.0,53.11000000000001,,,,,,,31.0,37.58068,27.897496,82.054,0.386,255019.0,,,,,220136.0,1739299.0,22.700623674,124.0,501.8,360.5,452.7,409.5,69,57,67,66,371.086896,6.963528,138.319669,123.730989
1791342203.62,적체 따라잡기,1,1.0,110.35000000000001,27.585842469999996,4.451460482,13886145208.0,11135886776.0,2252211712.0,10.0,36.0,124.295648,69.32771199999999,89.201456,1.139,224567.0,6869.0,,,,,,19.829278699,111.0,35.11,0.0,0.0,959710968.0,0.0,0.0,0.0,24.0,45.578599999999994,0.0,83.12447999999999,0.041,,,,,,,,0.0,0.0,551.9300000000001,257.994611848,43.266713697,130519496672.0,94066599704.0,28431510400.0,10.0,34.0,27.676008,24.145016,84.547736,13.147,1959849.0,0.0,1959849.0,133.744819,0.0,,,108.55606842,3380.0,53.63,,,,,,,31.0,47.856263999999996,29.421856,82.402872,0.392,266240.0,,,,,209899.0,1749539.0,23.51886904,129.0,505.5,360.6,475.7,412.0,70,57,67,64,352.30124,6.59552,129.472736,112.288111
1791342204.63,적체 따라잡기,1,1.0,112.18,28.525982334,4.58455239,14516627624.0,11664708496.0,2352560144.0,10.0,36.0,104.13596799999999,69.471096,89.24516799999999,1.178,234807.0,7847.0,,,,,,20.631553296,116.0,35.120000000000005,0.0,0.0,960359568.0,0.0,0.0,0.0,24.0,46.627176,0.0,83.125248,0.041,,,,,,,,0.0,0.0,552.0300000000001,258.04006939600004,43.271642205,130603004992.0,94085927808.0,28437232016.0,10.0,34.0,136.727912,24.145016,84.547736,13.147,1960259.0,0.0,1960259.0,133.98182,0.0,,,108.566352546,3381.0,54.150000000000006,,,,,,,31.0,51.101712,26.6988,82.458744,0.403,280576.0,,,,,196384.0,1763875.0,24.516792529,136.0,505.5,360.6,475.7,412.0,70,57,67,64,352.30124,6.59552,129.472736,112.288111
1791342205.64,적체 따라잡기,1,1.0,114.15,29.568627065,4.722275732,15140790936.0,12182290592.0,2457754680.0,10.0,36.0,93.036688,68.52092,89.264528,1.221,245047.0,8192.0,,,,,,21.452156271,121.0,35.120000000000005,0.0,0.0,961008224.0,0.0,0.0,0.0,24.0,47.675751999999996,0.0,83.125248,0.041,,,,,,,,0.0,0.0,552.2800000000001,258.10452668000005,43.27740863,130667946968.0,94105256560.0,28442956416.0,10.0,34.0,89.545816,24.122311999999997,84.547736,13.155,1960669.0,0.0,1960669.0,134.21881299999998,0.0,,,108.577745917,3382.0,54.540000000000006,,,,,,,31.0,46.099599999999995,28.767504,82.57465599999999,0.41000000000000003,292864.0,,,,,184506.0,1776163.0,25.406963802,142.0,505.5,360.6,475.7,412.0,70,57,67,64,352.30124,6.59552,129.472736,112.288111
1791342206.64,적체 따라잡기,1,1.0,116.13000000000001,30.662335906,4.882159116,15818151520.0,12735478480.0,2580586344.0,10.0,36.0,123.769584,67.475416,88.705128,1.262,257335.0,7601.0,,,,,,22.328801837,127.0,35.13,0.0,0.0,961658064.0,0.0,0.0,0.0,24.0,47.675751999999996,0.0,83.125248,0.041,,,,,,,,0.0,0.0,552.45,258.163127047,43.284160073,130754026248.0,94124645128.0,28448690968.0,10.0,34.0,78.97044,28.324872,84.555032,13.158999999999999,1961080.0,0.0,1961080.0,134.456027,0.0,,,108.597670841,3384.0,55.150000000000006,,,,,,,31.0,51.276551999999995,26.702232,82.571472,0.42100000000000004,307200.0,,,,,170581.0,1790499.0,26.416514869,149.0,510.7,360.6,429.9,416.6,71,57,67,64,345.527136,7.262504,119.942055,99.768494
1791342207.66,적체 따라잡기,1,1.0,118.28,31.588833258,5.043130847,16444468120.0,13240730032.0,2700262568.0,10.0,36.0,145.853728,72.453408,89.52208,1.305,267575.0,6171.0,,,,,,23.2698114,133.0,35.13,0.0,0.0,962306912.0,0.0,0.0,0.0,24.0,48.724328,0.0,83.125248,0.041,,,,,,,,0.0,0.0,552.7,258.210502027,43.294188047,130825362744.0,94143967584.0,28454412208.0,10.0,34.0,175.43943199999998,28.324872,84.625688,13.163,1961490.0,0.0,1961490.0,134.69301199999998,0.0,,,108.639643555,3385.0,55.59,,,,,,,31.0,53.271392,28.760544,82.637512,0.431,321536.0,,,,,156655.0,1804835.0,27.377884072,156.0,510.7,360.6,429.9,416.6,71,57,67,64,345.527136,7.262504,119.942055,99.768494
1791342208.67,적체 따라잡기,1,1.0,120.18,32.654402837,5.182742005,17007621384.0,13714076616.0,2788729840.0,10.0,36.0,85.181296,64.20977599999999,88.392472,1.346,277815.0,7319.0,,,,,,23.956949499,137.0,35.14,0.0,0.0,962955480.0,0.0,0.0,0.0,24.0,48.724328,0.0,83.125248,0.041,,,,,,,,0.0,0.0,552.9100000000001,258.275984617,43.303344059,130887276328.0,94163360416.0,28460160536.0,10.0,34.0,103.06138399999999,24.130568,84.616856,13.167000000000002,1961902.0,0.0,1961902.0,134.930456,0.0,,,108.694889986,3388.0,55.85,,,,,,,31.0,101.20423199999999,30.857695999999997,82.765832,0.434,331776.0,,,,,146827.0,1815075.0,28.306918156,161.0,510.7,360.6,429.9,416.6,71,57,67,64,345.527136,7.262504,119.942055,99.768494
1791342209.68,적체 따라잡기,1,1.0,122.35000000000001,33.782972754,5.372343104,17672535864.0,14258100872.0,2908253808.0,10.0,36.0,144.95665599999998,71.212944,89.06033599999999,1.39,290102.0,6666.0,,,,,,24.938438366,143.0,35.150000000000006,0.0,0.0,963604128.0,0.0,0.0,0.0,24.0,49.772904,0.0,83.125248,0.041,,,,,,,,0.0,0.0,553.0400000000001,258.331919039,43.310957546,130960980896.0,94182725392.0,28465887008.0,10.0,34.0,68.405288,24.140888,84.616856,13.169999999999998,1962312.0,0.0,1962312.0,135.167463,0.0,,,108.714327263,3390.0,56.21,,,,,,,31.0,73.580896,30.682896,82.823968,0.443,344064.0,,,,,132754.0,1829411.0,29.136085884,167.0,509.5,360.5,432.5,423.3,71,57,67,64,326.550048,6.28808,111.254868,87.46433
1791342210.69,적체 따라잡기,1,1.0,124.33000000000001,34.838053548,5.542172192,18347444840.0,14812291920.0,3027642472.0,10.0,36.0,136.24227199999999,73.65254399999999,89.14532,1.431,300342.0,6180.0,,,,,,25.817874299,149.0,35.150000000000006,0.0,0.0,964252760.0,0.0,0.0,0.0,24.0,50.82148,0.0,83.125248,0.041,,,,,,,,0.0,0.0,553.14,258.382613763,43.318096152,131025849032.0,94202084416.0,28471611656.0,10.0,34.0,154.38852,24.140888,84.61762399999999,13.169999999999998,1962722.0,0.0,1962722.0,135.404473,0.0,,,108.729561901,3391.0,56.620000000000005,,,,,,,31.0,71.78308,30.547832,82.848472,0.454,358400.0,,,,,121023.0,1841699.0,30.24224847,174.0,509.5,360.5,432.5,423.3,71,57,67,64,326.550048,6.28808,111.254868,87.46433
1791342211.69,적체 따라잡기,1,1.0,126.31,35.911704328,5.675475598,18918112192.0,15293337736.0,3115883152.0,10.0,36.0,93.238176,74.49611999999999,88.631112,1.479,310582.0,7570.0,,,,,,26.517006784,153.0,35.18,0.0,0.0,964901304.0,0.0,0.0,0.0,24.0,50.82148,0.0,83.13331199999999,0.041,,,,,,,,0.0,0.0,553.4300000000001,258.44409038799995,43.326034868,131103102536.0,94221406976.0,28477336072.0,10.0,34.0,76.031488,24.13676,84.47925599999999,13.181000000000001,1963132.0,0.0,1963132.0,135.64148,0.0,,,108.743014491,3392.0,56.99,,,,,,,31.0,105.826408,28.520504,82.99324,0.461,368640.0,,,,,111193.0,1851939.0,31.025716821,179.0,510.7,360.6,493.9,427.3,70,57,67,64,312.209984,5.548432,100.989608,77.575131
1791342212.7,적체 따라잡기,1,1.0,128.17000000000002,37.020336582,5.840042583,19629696456.0,15884164584.0,3235366168.0,10.0,36.0,140.850952,66.83228799999999,88.690832,1.519,322870.0,7840.0,,,,,,27.396302097,159.0,35.18,0.0,0.0,965550000.0,0.0,0.0,0.0,24.0,51.870056,0.0,83.134592,0.041,,,,,,,,0.0,0.0,553.5400000000001,258.487020177,43.332443365,131167912464.0,94240791208.0,28483070216.0,10.0,34.0,55.569255999999996,24.142951999999998,84.48092,13.186,1963543.0,1.0,1963543.0,68.415875,0.0,,,108.776723198,3393.0,57.42,,,,,,,31.0,82.361144,30.588559999999998,83.693344,0.46900000000000003,381471.0,,,,,97268.0,1866275.0,32.11093655,186.0,510.7,360.6,493.9,427.3,70,57,67,64,312.209984,5.548432,100.989608,77.575131
1791342213.7,적체 따라잡기,1,1.0,130.01000000000002,37.986093353,5.971388985,20239624256.0,16392224088.0,3335909176.0,10.0,36.0,106.44292,72.886848,88.712504,1.559,333110.0,7921.0,,,,,,28.250548263,164.0,35.21,0.0,0.0,966198704.0,0.0,0.0,0.0,24.0,52.918631999999995,0.0,84.956096,0.041,,,,,,,,0.0,0.0,553.6600000000001,258.54578631600003,43.339021856,131240446248.0,94260209168.0,28488825456.0,10.0,34.0,149.941096,24.142951999999998,84.482072,13.186,1963956.0,0.0,1963956.0,68.65355,0.0,,,108.810915502,3397.0,57.790000000000006,,,,,,,31.0,58.564608,26.373272,85.188064,0.478,393216.0,,,,,87440.0,1876515.0,32.896911701,191.0,510.7,360.6,493.9,427.3,70,57,67,64,312.209984,5.548432,100.989608,77.575131
1791342214.71,적체 따라잡기,1,1.0,131.98000000000002,39.000696273,6.143900939,20862635280.0,16886167840.0,3463521424.0,10.0,36.0,79.175544,69.500208,88.78967999999999,1.601,343350.0,6398.0,,,,,,29.177360311,170.0,35.29,0.0,0.0,966848544.0,0.0,0.0,0.0,24.0,52.918631999999995,0.0,85.33664,0.041,,,,,,,,0.0,0.0,553.89,258.60397962900004,43.349665429,131316210232.0,94279532776.0,28494546864.0,10.0,34.0,100.0754,24.142951999999998,84.479,13.193000000000001,1964366.0,0.0,1964366.0,68.890548,0.0,,,108.827926296,3398.0,58.18000000000001,,,,,,,31.0,74.876704,26.412608,83.527344,0.491,407552.0,,,,,73515.0,1890851.0,33.911156789,198.0,511.9,361.5,477.4,419.8,69,60,67,67,304.744144,5.14832,90.439349,66.03453
1791342215.72,적체 따라잡기,1,1.0,134.01000000000002,40.112348877,6.285709606,21554417296.0,17477054408.0,3563114344.0,10.0,36.0,148.24453599999998,60.491783999999996,88.851168,1.636,355638.0,8192.0,,,,,,29.912679724,175.0,35.31,0.0,0.0,967497112.0,0.0,0.0,0.0,24.0,53.967208,0.0,83.61094399999999,0.041,,,,,,,,0.0,0.0,554.0300000000001,258.67033092400004,43.360328613,131381092456.0,94298872504.0,28500273008.0,10.0,34.0,67.450456,24.14708,84.479,13.197,1964776.0,0.0,1964776.0,69.12754699999999,0.0,,,108.851419591,3400.0,58.52,,,,,,,31.0,51.88556,26.358936,83.56848,0.5,419840.0,,,,,61513.0,1903139.0,34.78512538,204.0,511.9,361.5,477.4,419.8,69,60,67,67,304.744144,5.14832,90.439349,66.03453
1791342216.72,적체 따라잡기,1,1.0,136.15,41.112469121000004,6.468423351,22195956224.0,17988998720.0,3691259048.0,10.0,36.0,103.48584,73.00747199999999,88.859,1.687,367926.0,6210.0,,,,,,30.784730503,181.0,35.32,0.0,0.0,968146800.0,0.0,0.0,0.0,24.0,55.015784,0.0,83.61401599999999,0.041,,,,,,,,0.0,0.0,554.34,258.73540709,43.367536783,131464506536.0,94318255240.0,28506008976.0,10.0,34.0,45.66876,24.13676,84.4918,13.208,1965187.0,0.0,1965187.0,69.36478199999999,0.0,,,108.885122405,3403.0,58.96,,,,,,,31.0,74.875064,26.378168,83.5812,0.511,434176.0,,,,,47712.0,1917475.0,35.826526881,211.0,511.9,361.5,477.4,419.8,69,60,67,67,304.744144,5.14832,90.439349,66.03453
1791342217.73,적체 따라잡기,1,1.0,137.72,42.002661194,6.600738652,22765312552.0,18457133976.0,3791216296.0,10.0,36.0,113.66555199999999,70.648232,88.888472,1.725,376118.0,6391.0,,,,,,31.733706578,186.0,35.32,0.0,0.0,968795352.0,0.0,0.0,0.0,24.0,55.015784,0.0,83.61401599999999,0.041,,,,,,,,0.0,0.0,554.6,258.777954049,43.372897402,131522707440.0,94337569632.0,28511732816.0,10.0,34.0,121.166232,24.13676,84.587544,13.208,1965597.0,0.0,1965597.0,69.601751,0.0,,,108.909658331,3404.0,59.160000000000004,,,,,,,31.0,45.715488,28.478679999999997,83.605352,0.516,444416.0,,,,,37882.0,1927715.0,36.756528302,216.0,513.2,361.6,432.2,419.1,69,57,69,66,285.401232,6.1178,80.874141,53.470236
1791342218.73,적체 따라잡기,1,1.0,139.66,42.983577667,6.775988837,23467661136.0,19038782776.0,3910608736.0,10.0,36.0,151.057984,67.46368,88.908712,1.767,388405.0,6205.0,,,,,,32.604176816,192.0,35.330000000000005,0.0,0.0,969443840.0,0.0,0.0,0.0,24.0,56.06436,0.0,83.61401599999999,0.041,,,,,,,,0.0,0.0,554.74,258.845649235,43.378884141,131614220352.0,94356987040.0,28517467504.0,10.0,34.0,117.96435199999999,24.145016,84.589784,13.209999999999999,1966008.0,2.0,1966008.0,69.838982,0.0,,,108.929631141,3406.0,59.650000000000006,,,,,,,31.0,56.510472,26.429095999999998,83.67484,0.5289999999999999,458752.0,,,,,23957.0,1942051.0,37.745249847,223.0,513.2,361.6,432.2,419.1,69,57,69,66,285.401232,6.1178,80.874141,53.470236
1791342219.75,적체 따라잡기,1,1.0,141.45000000000002,43.881194045,6.90254724,24069682568.0,19531228792.0,4018793240.0,10.0,36.0,139.239192,75.69376799999999,88.928856,1.805,398884.0,6029.0,,,,,,33.451402457,197.0,35.34,0.0,0.0,970092456.0,0.0,0.0,0.0,24.0,56.06436,0.0,83.61401599999999,0.041,,,,,,,,0.0,0.0,554.98,258.897712944,43.38494851,131689656832.0,94376324936.0,28523200352.0,10.0,34.0,80.680176,24.138824,84.574424,13.216,1966419.0,0.0,1966419.0,70.0762,0.0,,,108.945776608,3408.0,60.02,,,,,,,31.0,76.105728,26.43116,83.757984,0.5389999999999999,473088.0,,,,,10032.0,1956387.0,38.692287886,230.0,513.2,361.6,432.2,419.1,69,57,69,66,285.401232,6.1178,80.874141,53.470236
1791342220.76,적체 따라잡기,1,1.0,143.38,44.853677009,7.051031075,24789670280.0,20130100344.0,4138514992.0,10.0,36.0,82.998784,70.229632,88.997408,1.855,411278.0,6491.0,,,,,,34.302438449,203.0,35.34,0.0,0.0,970741760.0,0.0,0.0,0.0,24.0,57.112936,0.0,83.624152,0.041,,,,,,,,0.0,0.0,555.11,258.951298883,43.395654048,131742448560.0,94395653296.0,28528924560.0,10.0,34.0,45.592424,24.142951999999998,84.58863199999999,13.219,1966829.0,0.0,1966829.0,3.082992,0.0,,,108.992682653,3409.0,60.18000000000001,,,,,,,31.0,100.196264,28.528312,84.413832,0.5409999999999999,481482.0,,,,,0.0,1966829.0,39.40109525,236.0,513.2,361.6,432.2,419.1,69,57,69,66,285.401232,6.1178,80.874141,53.470236
1791342221.77,적체 따라잡기,1,1.0,145.28,45.869646211,7.182871361,25486816080.0,20725418416.0,4239040048.0,10.0,36.0,114.15935999999999,62.889599999999994,89.074848,1.899,423221.0,8192.0,,,,,,35.042210067,208.0,35.34,0.0,0.0,971390200.0,0.0,0.0,0.0,24.0,58.161511999999995,0.0,83.624152,0.041,,,,,,,,0.0,0.0,555.1700000000001,258.997682971,43.401122407,131769786784.0,94414985136.0,28534648992.0,10.0,34.0,72.8554,24.142951999999998,84.58863199999999,13.219,1967239.0,0.0,1967239.0,3.3199989999999997,0.0,,,109.006584384,3410.0,60.220000000000006,,,,,,,31.0,30.579248,26.406736,84.43623199999999,0.544,481892.0,,,,,0.0,1967239.0,39.449369272,237.0,514.1,361.1,435.5,421.1,69,57,67,65,271.70988,9.342072,67.130386,0.70448
1791342222.78,적체 따라잡기,1,1.0,147.43,46.942884412,7.353803014,26195485776.0,21305112424.0,4366622880.0,10.0,36.0,147.795016,72.280928,89.248576,1.941,435509.0,8192.0,,,,,,35.912113563,214.0,35.35,0.0,0.0,972038720.0,0.0,0.0,0.0,24.0,58.161511999999995,0.0,83.624152,0.041,,,,,,,,0.0,0.0,555.25,259.042051919,43.407669598,131797580056.0,94434475472.0,28540393840.0,10.0,34.0,25.305304,24.13676,84.59828,13.222999999999999,1967651.0,0.0,1967651.0,3.5574459999999997,0.0,,,109.031773293,3412.0,60.260000000000005,,,,,,,31.0,34.773551999999995,26.406736,84.44224799999999,0.544,482304.0,,,,,0.0,1967651.0,39.503470315,239.0,514.1,361.1,435.5,421.1,69,57,67,65,271.70988,9.342072,67.130386,0.70448
1791342223.79,적체 따라잡기,1,1.0,149.29000000000002,47.898552705,7.500171512,26913678352.0,21902176248.0,4486395600.0,10.0,36.0,100.175952,69.344416,89.240416,1.988,447797.0,8192.0,,,,,,36.779563983,220.0,35.36,0.0,0.0,972687360.0,0.0,0.0,0.0,24.0,59.210088,0.0,83.624152,0.041,,,,,,,,0.0,0.0,555.32,259.086500589,43.413826288,131825441808.0,94453885216.0,28546138232.0,10.0,34.0,51.519704,24.13676,84.603656,13.222999999999999,1968063.0,0.0,1968063.0,3.7948809999999997,0.0,,,109.061172944,3415.0,60.300000000000004,,,,,,,31.0,41.065008,26.406736,83.87254399999999,0.544,482716.0,,,,,0.0,1968063.0,39.622824852,242.0,514.1,361.1,435.5,421.1,69,57,67,65,271.70988,9.342072,67.130386,0.70448
1791342224.8,적체 따라잡기,1,1.0,151.55,48.98549737,7.697410425,27681608000.0,22511355728.0,4643614656.0,10.0,36.0,152.719744,75.16809599999999,89.277744,2.031,460085.0,6359.0,,,,,,37.674614831,227.0,35.370000000000005,0.0,0.0,973336000.0,0.0,0.0,0.0,24.0,60.258663999999996,0.0,83.624152,0.041,,,,,,,,0.0,0.0,555.39,259.135557589,43.42033269,131852974136.0,94473222080.0,28551864592.0,10.0,34.0,79.831256,24.13676,84.605192,13.222999999999999,1968473.0,0.0,1968473.0,4.0318879999999995,0.0,,,109.079825321,3417.0,60.35,,,,,,,31.0,46.307888,26.406736,83.894656,0.544,483126.0,,,,,0.0,1968473.0,39.670233123,244.0,516.0,361.1,436.7,420.8,69,57,67,65,247.216024,1.59624,55.806591,0.605697
1791342225.82,적체 따라잡기,1,1.0,153.65,50.079549206,7.867787482,28502777000.0,23191940512.0,4782800168.0,10.0,36.0,123.9832,62.943087999999996,89.970944,2.082,474421.0,6478.0,,,,,,38.544516035,234.0,35.370000000000005,0.0,0.0,973984616.0,0.0,0.0,0.0,24.0,60.258663999999996,0.0,83.624152,0.041,,,,,,,,0.0,0.0,555.5500000000001,259.180786566,43.428244386,131880409160.0,94492553584.0,28557588536.0,10.0,34.0,32.096136,24.13676,84.321416,13.225999999999999,1968883.0,0.0,1968883.0,4.268866,0.0,,,109.099112044,3418.0,60.39,,,,,,,31.0,52.599343999999995,26.406736,83.99444,0.544,483536.0,,,,,0.0,1968883.0,39.703220686,245.0,516.0,361.1,436.7,420.8,69,57,67,65,247.216024,1.59624,55.806591,0.605697
1791342226.82,적체 따라잡기,1,1.0,154.25,50.301287732999995,7.979214994,28734152056.0,23321456064.0,4883574184.0,10.0,36.0,129.63415999999998,67.627904,89.412728,2.095,484767.0,0.0,,,,,,39.177034027,240.0,35.39,0.0,0.0,974664632.0,0.0,0.0,0.0,24.0,26.724743999999998,0.0,83.624152,0.044,,,,,,,,0.0,0.0,555.62,259.224304466,43.436235081,131908065680.0,94511904488.0,28563320648.0,10.0,34.0,59.359111999999996,24.13676,84.321416,13.225999999999999,1969294.0,0.0,1969294.0,4.506104,0.0,,,109.124265993,3420.0,60.42,,,,,,,31.0,57.842223999999995,26.406736,84.000552,0.544,483947.0,,,,,0.0,1969294.0,39.754613371,247.0,515.0,361.1,395.5,422.6,70,57,67,64,18.426952,1.862296,0.461642,0.462099
1791342227.84,적체 따라잡기,1,1.0,154.35000000000002,50.343644639000004,7.985540138,28758636368.0,23340874504.0,4887636648.0,10.0,36.0,61.650631999999995,58.025824,89.54085599999999,2.098,485177.0,0.0,,,,,,39.219811944,241.0,35.39,0.0,0.0,975313120.0,0.0,0.0,0.0,24.0,27.77332,0.0,83.624152,0.044,,,,,,,,0.0,0.0,555.6700000000001,259.261190003,43.440995966,131935440392.0,94531224824.0,28569044608.0,10.0,34.0,34.692112,24.13676,84.321416,13.229,1969704.0,0.0,1969704.0,4.743086,0.0,,,109.136343214,3421.0,60.46,,,,,,,31.0,64.13368,26.406736,84.05154399999999,0.544,484357.0,,,,,0.0,1969704.0,39.799578987,248.0,515.0,361.1,395.5,422.6,70,57,67,64,18.426952,1.862296,0.461642,0.462099
1791342228.84,적체 따라잡기,1,1.0,154.47,50.385738701,7.99079508,28783113824.0,23360340832.0,4891671312.0,10.0,36.0,85.76787999999999,58.025824,89.702096,2.098,485588.0,0.0,,,,,,39.245408868,243.0,35.39,0.0,0.0,975961616.0,0.0,0.0,0.0,24.0,27.77332,0.0,83.624152,0.044,,,,,,,,0.0,0.0,555.8000000000001,259.297635468,43.445842427,131963051744.0,94550618264.0,28574779408.0,10.0,34.0,61.955087999999996,24.13676,84.36596,13.229,1970115.0,2.0,1970115.0,4.98032,0.0,,,109.158214244,3423.0,60.480000000000004,,,,,,,31.0,69.37656,26.406736,84.114128,0.544,484768.0,,,,,0.0,1970115.0,39.832217061,250.0,515.0,361.1,395.5,422.6,70,57,67,64,18.426952,1.862296,0.461642,0.462099
1791342229.85,적체 따라잡기,1,1.0,154.72,50.567261048000006,8.004093979,28884660280.0,23452348704.0,4900198320.0,10.0,36.0,92.97563199999999,58.025824,89.870896,2.102,486409.0,1169.0,,,,,,39.323494089,245.0,35.400000000000006,0.0,0.0,976610064.0,0.0,0.0,0.0,24.0,28.821896,0.0,83.624152,0.044,,,,,,,,0.0,0.0,556.4200000000001,259.57305759200005,43.484340796,132131757024.0,94678469408.0,28604749752.0,10.0,34.0,47.345304,24.267272,84.327304,13.258000000000001,1972004.0,161.0,1972004.0,6.339773999999999,0.0,,,109.242032649,3426.0,60.71,,,,,,,31.0,43.397152,26.406736,84.174656,0.548,486657.0,,,,,1068.0,1970936.0,39.905109285,252.0,514.4,361.6,395.0,421.5,69,57,67,64,11.531856,11.356824,1.228414,1.229418
1791342230.86,적체 따라잡기,1,1.0,155.71,51.081172175,8.092792126,29167125176.0,23673849768.0,4960000824.0,10.0,36.0,107.74819199999999,52.173663999999995,89.907016,2.131,491739.0,0.0,,,,,,39.735127147,248.0,35.400000000000006,0.0,0.0,977258672.0,0.0,0.0,0.0,24.0,29.870472,0.0,83.624152,0.044,,,,,,,,0.0,0.0,557.3000000000001,260.001069424,43.566638552,132409418784.0,94863058416.0,28674860200.0,10.0,34.0,44.9304,39.764216,84.327304,13.299000000000001,1976266.0,0.0,1976266.0,9.638948,0.0,,,109.384517856,3429.0,60.95,,,,,,,31.0,41.429584,28.503888,86.628616,0.554,490919.0,,,,,0.0,1976266.0,40.344803737,256.0,514.4,361.6,395.0,421.5,69,57,67,64,11.531856,11.356824,1.228414,1.229418
1791342231.86,적체 따라잡기,1,1.0,155.76000000000002,51.118888623000004,8.098408441,29191481056.0,23693234032.0,4963996128.0,10.0,36.0,132.914016,52.173663999999995,89.934072,2.131,492149.0,0.0,,,,,,39.761347014,249.0,35.410000000000004,0.0,0.0,977907784.0,0.0,0.0,0.0,24.0,29.870472,0.0,83.624152,0.044,,,,,,,,0.0,0.0,557.35,260.041850834,43.572622836,132436709680.0,94882373664.0,28680581600.0,10.0,34.0,72.193376,39.764216,84.327304,13.299000000000001,1976676.0,0.0,1976676.0,9.875945999999999,0.0,,,109.396972082,3430.0,60.99,,,,,,,31.0,46.672464,28.503888,86.66355999999999,0.554,491329.0,,,,,0.0,1976676.0,40.376085792,257.0,514.4,361.6,395.0,421.5,69,57,67,64,11.531856,11.356824,1.228414,1.229418
1791342232.87,적체 따라잡기,1,1.0,155.98000000000002,51.160087395000005,8.109647499,29216048504.0,23712673976.0,4968065848.0,10.0,36.0,59.222176,51.031968,89.88707199999999,2.134,492559.0,2.0,,,,,,39.80483773,250.0,35.410000000000004,0.0,0.0,978556344.0,0.0,0.0,0.0,24.0,30.919048,0.0,83.624152,0.044,,,,,,,,0.0,0.0,557.4100000000001,260.084367189,43.577006974,132464111024.0,94901741712.0,28686305776.0,10.0,34.0,99.456352,39.764216,84.327304,13.299000000000001,1977086.0,2.0,1977086.0,10.112945,0.0,,,109.407406353,3431.0,61.010000000000005,,,,,,,31.0,52.963919999999995,28.503888,85.517056,0.554,491741.0,,,,,0.0,1977088.0,40.420833395,259.0,514.7,361.3,430.7,415.1,69,57,67,67,2.846088,2.846088,1.005458,1.006985
1791342233.88,적체 따라잡기,1,1.0,156.22,51.188115122,8.116132732,29240612136.0,23732155000.0,4972159528.0,10.0,36.0,83.339424,51.031968,89.97408,2.134,492973.0,0.0,,,,,,39.850017659,253.0,35.42,0.0,0.0,979204776.0,0.0,0.0,0.0,24.0,31.967623999999997,0.0,83.624152,0.044,,,,,,,,0.0,0.0,557.5600000000001,260.119204995,43.582851544,132492190888.0,94921161016.0,28692069480.0,10.0,34.0,56.390463999999994,38.71564,84.327304,13.302000000000001,1977500.0,0.0,1977500.0,10.35083,0.0,,,109.44418619,3434.0,61.230000000000004,,,,,,,31.0,58.206799999999994,28.503888,85.0144,0.554,492153.0,,,,,0.0,1977500.0,40.461754272,261.0,514.7,361.3,430.7,415.1,69,57,67,67,2.846088,2.846088,1.005458,1.006985
1791342234.89,적체 따라잡기,1,1.0,156.28,51.22675776,8.122524444,29265010456.0,23751582200.0,4976154752.0,10.0,36.0,108.505248,51.031968,90.028176,2.134,493383.0,0.0,,,,,,39.884147652,254.0,35.42,0.0,0.0,979853336.0,0.0,0.0,0.0,24.0,31.967623999999997,0.0,83.624152,0.044,,,,,,,,0.0,0.0,557.6,260.156653823,43.588851576,132519494304.0,94940517176.0,28697793696.0,10.0,34.0,83.65343999999999,38.71564,84.327304,13.302000000000001,1977910.0,0.0,1977910.0,10.587829,0.0,,,109.459072782,3435.0,61.25000000000001,,,,,,,31.0,64.498256,28.503888,85.063496,0.554,492563.0,,,,,0.0,1977910.0,40.524718851,262.0,514.7,361.3,430.7,415.1,69,57,67,67,2.846088,2.846088,1.005458,1.006985
1791342235.9,적체 따라잡기,1,1.0,156.36,51.260952756,8.12849868,29289371152.0,23770973960.0,4980146384.0,10.0,36.0,132.62249599999998,51.031968,90.09062399999999,2.134,493793.0,0.0,,,,,,39.916213924,255.0,35.42,0.0,0.0,980501872.0,0.0,0.0,0.0,24.0,33.0162,0.0,83.624152,0.044,,,,,,,,0.0,0.0,557.6600000000001,260.186008627,43.593068214,132546775144.0,94959836976.0,28703514624.0,10.0,34.0,110.916416,38.71564,84.327304,13.304,1978320.0,0.0,1978320.0,10.824807999999999,0.0,,,109.471724676,3436.0,61.28,,,,,,,31.0,69.741136,28.503888,85.11216,0.554,492973.0,,,,,0.0,1978320.0,40.558963829,263.0,519.6,361.1,432.9,420.7,69,57,67,64,0.682632,0.682632,0.876771,0.877934
1791342236.91,적체 따라잡기,1,1.0,156.47,51.292348619,8.134146042,29313865720.0,23790390008.0,4984220904.0,10.0,36.0,58.851127999999996,51.031968,90.20246399999999,2.137,494204.0,0.0,,,,,,39.943607857,256.0,35.43,0.0,0.0,981151456.0,0.0,0.0,0.0,24.0,33.0162,0.0,83.624152,0.044,,,,,,,,0.0,0.0,557.7,260.216522761,43.596842682,132574149960.0,94979185944.0,28709248440.0,10.0,34.0,65.23489599999999,38.71564,84.327304,13.304,1978731.0,0.0,1978731.0,11.062018,0.0,,,109.483203779,3437.0,61.300000000000004,,,,,,,31.0,76.032592,28.503888,85.164752,0.554,493384.0,,,,,0.0,1978731.0,40.590872126,264.0,519.6,361.1,432.9,420.7,69,57,67,64,0.682632,0.682632,0.876771,0.877934
1791342237.92,적체 뒤 평시,1,1.0,156.53,51.334277475,8.140215777,29338304032.0,23809782736.0,4988296880.0,10.0,36.0,84.01695199999999,51.031968,90.296224,2.137,494614.0,0.0,,,,,,40.038725483,257.0,35.440000000000005,0.0,0.0,981800168.0,0.0,0.0,0.0,24.0,34.064776,0.0,83.624152,0.044,,,,,,,,0.0,0.0,558.01,260.25570825,43.601209367,132601474632.0,94998506232.0,28714972704.0,10.0,34.0,92.497872,38.71564,84.45696799999999,13.304,1979141.0,0.0,1979141.0,11.299012,0.0,,,109.635586799,3438.0,61.34,,,,,,,31.0,82.32404799999999,28.503888,85.189352,0.554,493794.0,,,,,0.0,1979141.0,40.761034222,265.0,519.6,361.1,432.9,420.7,69,57,67,64,0.682632,0.682632,0.876771,0.877934
1791342238.94,적체 뒤 평시,1,1.0,156.59,51.375435906,8.147657345,29362785424.0,23829225792.0,4992367496.0,10.0,36.0,108.13419999999999,51.031968,90.315568,2.137,495025.0,0.0,,,,,,40.089263967,260.0,35.440000000000005,0.0,0.0,982448728.0,0.0,0.0,0.0,24.0,35.113352,0.0,83.624152,0.044,,,,,,,,0.0,0.0,558.08,260.298245016,43.606238227,132629504256.0,95017900072.0,28720709392.0,10.0,34.0,39.36736,30.341479999999997,84.460616,13.307,1979552.0,2.0,1979552.0,11.536237,0.0,,,109.665374287,3441.0,61.370000000000005,,,,,,,31.0,87.56692799999999,28.503888,85.21919199999999,0.554,494205.0,,,,,0.0,1979552.0,40.813899168,268.0,512.7,361.6,433.9,420.4,69,57,69,64,0.798896,0.798896,0.889727,0.890538
1791342239.94,적체 뒤 평시,1,1.0,156.71,51.404174927999996,8.154187272,29387216552.0,23848650840.0,4996405664.0,10.0,36.0,132.25144799999998,51.031968,90.409352,2.137,495436.0,0.0,,,,,,40.132940019,262.0,35.45,0.0,0.0,983097240.0,0.0,0.0,0.0,24.0,35.113352,0.0,83.624152,0.044,,,,,,,,0.0,0.0,558.13,260.33305955699996,43.611082461,132657280064.0,95037234624.0,28726443520.0,10.0,34.0,66.630336,30.341479999999997,84.46176799999999,13.307,1979963.0,0.0,1979963.0,11.773462,0.0,,,109.706896346,3444.0,61.410000000000004,,,,,,,31.0,30.249184,26.647664,85.30524799999999,0.556,494616.0,,,,,0.0,1979963.0,40.8733754,271.0,512.7,361.6,433.9,420.4,69,57,69,64,0.798896,0.798896,0.889727,0.890538
1791342240.95,적체 뒤 평시,1,1.0,156.79000000000002,51.435929752,8.161377722,29411715112.0,23868037936.0,5000508912.0,10.0,36.0,41.952024,37.719864,91.68269599999999,2.14,495846.0,0.0,,,,,,40.189061447,263.0,35.45,0.0,0.0,983745848.0,0.0,0.0,0.0,24.0,36.161927999999996,0.0,83.62492,0.044,,,,,,,,0.0,0.0,558.19,260.37760953599997,43.615855613,132684569528.0,95056555448.0,28732168104.0,10.0,34.0,93.893312,30.341479999999997,84.46176799999999,13.307,1980373.0,0.0,1980373.0,12.010477,0.0,,,109.719340689,3445.0,61.440000000000005,,,,,,,31.0,35.492064,26.647664,87.09208,0.556,495026.0,,,,,0.0,1980373.0,40.911641377,272.0,512.7,361.6,433.9,420.4,69,57,69,64,0.798896,0.798896,0.889727,0.890538
1791342241.96,적체 뒤 평시,1,1.0,156.89000000000001,51.479079999,8.171196222,29436180328.0,23887431792.0,5004611928.0,10.0,36.0,65.020696,37.719864,91.946688,2.14,496256.0,0.0,,,,,,40.242193461,264.0,35.46,0.0,0.0,984394312.0,0.0,0.0,0.0,24.0,36.161927999999996,0.0,83.62492,0.044,,,,,,,,0.0,0.0,558.36,260.42341295200004,43.621417756,132711968848.0,95075887888.0,28737892576.0,10.0,34.0,47.793976,30.341479999999997,84.46176799999999,13.311,1980783.0,0.0,1980783.0,12.247480999999999,0.0,,,109.740567713,3446.0,61.510000000000005,,,,,,,31.0,40.734944,26.647664,86.14430399999999,0.556,495436.0,,,,,0.0,1980783.0,40.953259152,273.0,514.1,361.3,433.5,420.0,69,57,69,64,1.054992,1.054992,0.790001,0.791193
1791342242.96,적체 뒤 평시,1,1.0,156.94,51.513778748,8.176853479,29460657304.0,23906886888.0,5008652392.0,10.0,36.0,90.18652,37.719864,91.4074,2.14,496668.0,0.0,,,,,,40.270685291,266.0,35.46,0.0,0.0,985042920.0,0.0,0.0,0.0,24.0,37.210504,0.0,83.62492,0.044,,,,,,,,0.0,0.0,558.4100000000001,260.45167890600004,43.626172146,132739681776.0,95095270096.0,28743635560.0,10.0,34.0,76.10552799999999,30.341479999999997,84.46176799999999,13.311,1981195.0,0.0,1981195.0,12.484898999999999,0.0,,,109.757614385,3448.0,61.540000000000006,,,,,,,31.0,45.977824,26.647664,85.633816,0.556,495848.0,,,,,0.0,1981195.0,40.994955039,275.0,514.1,361.3,433.5,420.0,69,57,69,64,1.054992,1.054992,0.790001,0.791193
1791342243.98,적체 뒤 평시,1,1.0,156.99,51.547842543,8.182446446,29485145128.0,23926373624.0,5012685752.0,10.0,36.0,115.35234399999999,37.719864,91.46245599999999,2.14,497080.0,0.0,,,,,,40.298480176,267.0,35.47,0.0,0.0,985691448.0,0.0,0.0,0.0,24.0,38.25908,0.0,83.62492,0.044,,,,,,,,0.0,0.0,558.47,260.4818222,43.631550329,132767614520.0,95114669912.0,28749380032.0,10.0,34.0,41.888936,30.341479999999997,84.46867999999999,13.314,1981607.0,0.0,1981607.0,12.722336,0.0,,,109.862618875,3451.0,61.6,,,,,,,31.0,52.269279999999995,26.647664,85.662232,0.556,496260.0,,,,,0.0,1981607.0,41.051104883,278.0,514.0,361.8,411.7,420.8,70,57,69,64,0.313888,0.313888,0.611292,0.612756
1791342244.98,적체 뒤 평시,1,1.0,157.05,51.582600330000005,8.187449032,29509531600.0,23945762008.0,5016718224.0,10.0,36.0,139.469592,37.719864,91.464888,2.14,497490.0,0.0,,,,,,40.338155676,269.0,35.47,0.0,0.0,986340008.0,0.0,0.0,0.0,24.0,38.25908,0.0,83.63708,0.044,,,,,,,,0.0,0.0,558.51,260.51580997300005,43.63539237,132794893600.0,95133996928.0,28755101504.0,10.0,34.0,69.151912,30.341479999999997,84.46867999999999,13.314,1982017.0,0.0,1982017.0,12.959335,0.0,,,109.872362843,3452.0,61.620000000000005,,,,,,,31.0,57.512159999999994,26.647664,85.667608,0.556,496670.0,,,,,0.0,1982017.0,41.082120105,279.0,514.0,361.8,411.7,420.8,70,57,69,64,0.313888,0.313888,0.611292,0.612756
1791342245.99,적체 뒤 평시,1,1.0,157.22,51.619477063000005,8.194049283,29534014568.0,23965166744.0,5020746208.0,10.0,36.0,62.107512,37.719864,90.89599199999999,2.142,497900.0,0.0,,,,,,40.365593925,270.0,35.47,0.0,0.0,986988544.0,0.0,0.0,0.0,24.0,39.307656,0.0,83.63708,0.044,,,,,,,,0.0,0.0,558.57,260.548195438,43.639302655,132822244560.0,95153348768.0,28760825392.0,10.0,34.0,35.387367999999995,28.265496,84.46867999999999,13.316,1982427.0,0.0,1982427.0,13.196315,0.0,,,109.893073538,3453.0,61.660000000000004,,,,,,,31.0,63.803616,26.647664,85.69152799999999,0.556,497080.0,,,,,0.0,1982427.0,41.113480254,280.0,514.0,361.8,411.7,420.8,70,57,69,64,0.313888,0.313888,0.611292,0.612756
1791342247.0,적체 뒤 평시,1,1.0,157.28,51.65765089200001,8.201291711,29558547552.0,23984621216.0,5024856872.0,10.0,36.0,86.22475999999999,37.719864,90.92041599999999,2.142,498311.0,0.0,,,,,,40.405500786,272.0,35.480000000000004,0.0,0.0,987638144.0,0.0,0.0,0.0,24.0,39.307656,0.0,83.651032,0.044,,,,,,,,0.0,0.0,558.63,260.590863809,43.643771058,132849605376.0,95172706144.0,28766559720.0,10.0,34.0,62.650335999999996,28.265496,84.46867999999999,13.316,1982838.0,0.0,1982838.0,13.433546999999999,0.0,,,109.915642923,3454.0,61.68000000000001,,,,,,,31.0,69.04649599999999,26.647664,85.702848,0.556,497491.0,,,,,0.0,1982838.0,41.149406677,281.0,468.7,361.6,412.4,420.8,69,57,68,64,0.984648,0.312848,0.451997,0.453051
1791342248.01,적체 뒤 평시,1,1.0,157.33,51.694120127,8.206807187,29583012608.0,24004018616.0,5028956568.0,10.0,36.0,110.34200799999999,37.719864,90.93995199999999,2.142,498721.0,0.0,,,,,,40.445405327,273.0,35.59,0.0,0.0,988287184.0,0.0,0.0,0.0,24.0,40.356232,0.0,83.71003999999999,0.044,,,,,,,,0.0,0.0,558.7900000000001,260.633305625,43.648060149,132877017344.0,95192030984.0,28772281072.0,10.0,34.0,31.905624,28.265496,84.096584,13.319,1983248.0,0.0,1983248.0,13.670548,0.0,,,109.929179489,3455.0,61.690000000000005,,,,,,,31.0,75.337952,26.647664,85.70922399999999,0.556,497901.0,,,,,0.0,1983248.0,41.215392061,282.0,468.7,361.6,412.4,420.8,69,57,68,64,0.984648,0.312848,0.451997,0.453051
1791342249.02,적체 뒤 평시,1,1.0,157.4,51.733709146,8.212974425,29607494928.0,24023469064.0,5032993584.0,10.0,36.0,58.925912,37.719864,90.981408,2.145,499132.0,0.0,,,,,,40.478298898,275.0,35.59,0.0,0.0,988936304.0,0.0,0.0,0.0,24.0,41.404807999999996,0.0,83.710808,0.044,,,,,,,,0.0,0.0,558.84,260.670287404,43.653117984,132904433688.0,95211406896.0,28778015136.0,10.0,34.0,59.1686,28.265496,84.11553599999999,13.319,1983659.0,2.0,1983659.0,13.907765,0.0,,,109.940279093,3456.0,61.730000000000004,,,,,,,31.0,80.580832,26.647664,85.770296,0.556,498313.0,,,,,0.0,1983660.0,41.248583679,283.0,468.7,361.6,412.4,420.8,69,57,68,64,0.984648,0.312848,0.451997,0.453051
1791342250.02,적체 뒤 평시,1,1.0,157.46,51.769479360999995,8.219917305,29631925504.0,24042890464.0,5037034880.0,10.0,36.0,83.04316,37.719864,90.989592,2.145,499543.0,0.0,,,,,,40.553832983,278.0,35.6,0.0,0.0,989584768.0,0.0,0.0,0.0,24.0,41.404807999999996,0.0,83.710808,0.044,,,,,,,,0.0,0.0,558.88,260.69631707300005,43.657229156,132931994992.0,95230764200.0,28783750632.0,10.0,34.0,86.43157599999999,28.265496,84.11553599999999,13.319,1984070.0,0.0,1984070.0,14.144962,0.0,,,109.956625997,3458.0,61.830000000000005,,,,,,,31.0,85.823712,26.647664,85.811408,0.556,498723.0,,,,,0.0,1984070.0,41.292067175,285.0,467.8,361.7,413.5,421.8,69,57,67,64,0.273368,0.273368,0.277662,0.273498
1791342251.03,적체 뒤 평시,1,1.0,157.51000000000002,51.803125797999996,8.226153954,29656346184.0,24062315112.0,5041062960.0,10.0,36.0,107.16040799999999,37.719864,91.00027999999999,2.145,499953.0,0.0,,,,,,40.586923383,279.0,35.6,0.0,0.0,990233376.0,0.0,0.0,0.0,24.0,42.453384,0.0,83.710808,0.044,,,,,,,,0.0,0.0,558.94,260.73354124499997,43.662281075,132959617928.0,95250115864.0,28789476272.0,10.0,34.0,52.804952,28.265496,84.11553599999999,13.322000000000001,1984480.0,0.0,1984480.0,14.381939,0.0,,,109.979792976,3460.0,61.95,,,,,,,31.0,30.095512,26.647664,85.717928,0.5589999999999999,499133.0,,,,,0.0,1984480.0,41.345010723,287.0,467.8,361.7,413.5,421.8,69,57,67,64,0.273368,0.273368,0.277662,0.273498
1791342252.04,적체 뒤 평시,1,1.0,157.58,51.84255168,8.232435996,29680758000.0,24081707120.0,5045087576.0,10.0,36.0,52.814384,34.605888,91.002288,2.147,500363.0,0.0,,,,,,40.615980772,280.0,35.61,0.0,0.0,990881888.0,0.0,0.0,0.0,24.0,43.50196,0.0,83.711576,0.044,,,,,,,,0.0,0.0,558.98,260.771609962,43.666830131,132987182096.0,95269436664.0,28795201536.0,10.0,34.0,80.067928,28.265496,84.11553599999999,13.322000000000001,1984890.0,0.0,1984890.0,14.618919,0.0,,,109.995959855,3462.0,61.96,,,,,,,31.0,36.386967999999996,26.647664,85.722072,0.5589999999999999,499543.0,,,,,0.0,1984890.0,41.382695243,289.0,467.8,361.7,413.5,421.8,69,57,67,64,0.273368,0.273368,0.277662,0.273498
1791342253.05,적체 뒤 평시,1,1.0,157.64000000000001,51.888387171000005,8.239377752,29705346824.0,24101284784.0,5049130664.0,10.0,36.0,76.931632,34.605888,91.00963999999999,2.147,500775.0,0.0,,,,,,40.651966786,283.0,35.61,0.0,0.0,991530496.0,0.0,0.0,0.0,24.0,43.50196,0.0,83.711576,0.044,,,,,,,,0.0,0.0,559.0500000000001,260.81265161199997,43.671160191,133014729040.0,95288904968.0,28800926112.0,10.0,34.0,44.813184,26.382592,84.116304,13.325000000000001,1985300.0,2.0,1985300.0,14.855938,0.0,,,110.006177772,3463.0,61.99,,,,,,,31.0,41.629847999999996,26.647664,85.722072,0.5589999999999999,499953.0,,,,,0.0,1985300.0,41.411888585,290.0,467.9,361.9,412.7,411.0,69,57,67,64,0.704584,1.179448,0.299946,1.302706
1791342254.06,적체 뒤 평시,1,1.0,157.69,51.928803357,8.24700626,29729819448.0,24120743168.0,5053177000.0,10.0,36.0,102.097456,34.605888,91.02431999999999,2.147,501187.0,0.0,,,,,,40.696203806,286.0,35.620000000000005,0.0,0.0,992178928.0,0.0,0.0,0.0,24.0,44.550536,0.0,83.711576,0.044,,,,,,,,0.0,0.0,559.12,260.852281428,43.677070836,133042840288.0,95308330840.0,28806690440.0,10.0,34.0,73.124736,26.382592,84.117328,13.325000000000001,1985714.0,0.0,1985714.0,15.093822,0.0,,,110.047029116,3467.0,62.03,,,,,,,31.0,46.872727999999995,26.647664,85.755504,0.5589999999999999,500367.0,,,,,0.0,1985714.0,41.459871041,294.0,467.9,361.9,412.7,411.0,69,57,67,64,0.704584,1.179448,0.299946,1.302706
1791342255.07,적체 뒤 평시,1,1.0,157.86,51.962777599,8.255343447,29754329816.0,24140164968.0,5057215432.0,10.0,36.0,51.032864,34.605888,90.88925599999999,2.149,501597.0,0.0,,,,,,40.742092004,288.0,35.620000000000005,0.0,0.0,992827488.0,0.0,0.0,0.0,24.0,44.550536,0.0,83.711576,0.044,,,,,,,,0.0,0.0,559.23,260.87881134900005,43.680326457,133070203400.0,95327656616.0,28812411488.0,10.0,34.0,38.905919999999995,26.382592,84.09992,13.328000000000001,1986124.0,0.0,1986124.0,15.330826,0.0,,,110.061285097,3468.0,62.040000000000006,,,,,,,31.0,52.115607999999995,26.647664,85.779624,0.5589999999999999,500777.0,,,,,0.0,1986124.0,41.48018745,295.0,467.9,361.9,412.7,411.0,69,57,67,64,0.704584,1.179448,0.299946,1.302706
1791342256.09,적체 뒤 평시,1,1.0,157.93,52.009995045000004,8.26208861,29778745984.0,24159578920.0,5061249776.0,10.0,36.0,76.19868799999999,34.605888,90.95763199999999,2.149,502007.0,0.0,,,,,,40.774984166,290.0,35.620000000000005,0.0,0.0,993476112.0,0.0,0.0,0.0,24.0,45.599112,0.0,83.711576,0.044,,,,,,,,0.0,0.0,559.2800000000001,260.916128501,43.684980232,133097496816.0,95346970248.0,28818135296.0,10.0,34.0,66.168896,26.382592,84.09992,13.328000000000001,1986534.0,0.0,1986534.0,15.567806,0.0,,,110.072632226,3469.0,62.07000000000001,,,,,,,31.0,57.358487999999994,26.647664,85.78496,0.5589999999999999,501187.0,,,,,0.0,1986534.0,41.511281393,296.0,459.7,361.1,400.9,409.6,69,57,67,64,0.714608,0.714608,0.12483,1.128146
1791342257.1,적체 뒤 평시,1,1.0,157.99,52.044651867,8.269405436,29803164656.0,24178996664.0,5065282816.0,10.0,36.0,100.315936,34.605888,90.99769599999999,2.149,502418.0,0.0,,,,,,40.803996118,291.0,35.63,0.0,0.0,994125552.0,0.0,0.0,0.0,24.0,46.647687999999995,0.0,83.711576,0.044,,,,,,,,0.0,0.0,559.34,260.950965291,43.689600093,133124883320.0,95366320152.0,28823868984.0,10.0,34.0,37.900735999999995,26.382592,84.09992,13.33,1986945.0,0.0,1986945.0,15.805014,0.0,,,110.082870618,3470.0,62.080000000000005,,,,,,,31.0,63.649944,26.647664,85.78496,0.5589999999999999,501598.0,,,,,0.0,1986945.0,41.536419302,297.0,459.7,361.1,400.9,409.6,69,57,67,64,0.714608,0.714608,0.12483,1.128146
1791342258.11,적체 뒤 평시,1,1.0,158.05,52.076788451000006,8.2750364,29827590408.0,24198398936.0,5069311160.0,10.0,36.0,51.846951999999995,34.605888,91.018688,2.152,502828.0,0.0,,,,,,40.828352992,292.0,35.63,0.0,0.0,994774176.0,0.0,0.0,0.0,24.0,46.647687999999995,0.0,83.711576,0.044,,,,,,,,0.0,0.0,559.37,260.982397456,43.693824463,133152251544.0,95385652896.0,28829593536.0,10.0,34.0,66.212288,26.382592,84.09992,13.33,1987355.0,0.0,1987355.0,16.042023,0.0,,,110.09300474,3471.0,62.11000000000001,,,,,,,31.0,68.89282399999999,26.647664,85.826448,0.5589999999999999,502008.0,,,,,0.0,1987355.0,41.573682494,298.0,459.7,361.1,400.9,409.6,69,57,67,64,0.714608,0.714608,0.12483,1.128146
1791342259.13,적체 뒤 평시,1,1.0,158.10000000000002,52.111216335,8.280101359,29852035512.0,24217841136.0,5073346104.0,10.0,36.0,75.96419999999999,34.605888,91.03495199999999,2.152,503239.0,0.0,,,,,,40.850336008,293.0,35.64,0.0,0.0,995422640.0,0.0,0.0,0.0,24.0,47.696264,0.0,83.711576,0.044,,,,,,,,0.0,0.0,559.4300000000001,261.008058529,43.698993535,133180119240.0,95405038280.0,28835340632.0,10.0,34.0,38.953511999999996,26.331048,84.09992,13.333,1987767.0,0.0,1987767.0,16.279484999999998,0.0,,,110.132078401,3474.0,62.14,,,,,,,31.0,75.18428,26.647664,85.846336,0.5589999999999999,502420.0,,,,,0.0,1987767.0,41.623220785,301.0,461.2,361.7,402.7,411.5,69,57,67,64,0.788928,0.788928,0.896517,0.897853
1791342260.13,적체 뒤 평시,1,1.0,158.17000000000002,52.136591129,8.284391528,29876447704.0,24237255512.0,5077376040.0,10.0,36.0,100.081448,34.605888,91.061448,2.152,503650.0,0.0,,,,,,40.868589672,294.0,35.64,0.0,0.0,996071272.0,0.0,0.0,0.0,24.0,48.744839999999996,0.0,83.711576,0.044,,,,,,,,0.0,0.0,559.5300000000001,261.03596941,43.702515175,133207400880.0,95424359448.0,28841060928.0,10.0,34.0,66.216488,26.331048,84.132688,13.333,1988177.0,0.0,1988177.0,16.516464,0.0,,,110.152007606,3475.0,62.160000000000004,,,,,,,31.0,80.42716,26.647664,85.846336,0.5589999999999999,502830.0,,,,,0.0,1988177.0,41.650206836,302.0,461.2,361.7,402.7,411.5,69,57,67,64,0.788928,0.788928,0.896517,0.897853
1791342261.14,적체 뒤 평시,1,1.0,158.27,52.174351383,8.290001438,29900863128.0,24256648984.0,5081404376.0,10.0,36.0,51.787472,33.57792,91.08329599999999,2.155,504060.0,0.0,,,,,,40.898412132,295.0,35.64,0.0,0.0,996719784.0,0.0,0.0,0.0,24.0,48.744839999999996,0.0,83.711576,0.044,,,,,,,,0.0,0.0,559.7,261.08116569500004,43.708771723,133235089136.0,95443698944.0,28846786832.0,10.0,34.0,41.17572,26.331048,84.129104,13.336,1988587.0,0.0,1988587.0,16.753458,0.0,,,110.175907088,3477.0,62.2,,,,,,,31.0,29.737216,26.647664,85.86120799999999,0.5609999999999999,503240.0,,,,,0.0,1988587.0,41.709030882,304.0,460.6,361.7,403.4,411.6,69,57,67,64,0.905776,0.905776,0.714237,0.715279
1791342262.14,적체 뒤 평시,1,1.0,158.31,52.204007074,8.294804678,29925286800.0,24276047328.0,5085463432.0,10.0,36.0,76.953296,33.57792,91.09231199999999,2.155,504470.0,0.0,,,,,,40.923452016,296.0,35.650000000000006,0.0,0.0,997368248.0,0.0,0.0,0.0,24.0,49.793416,0.0,83.712344,0.044,,,,,,,,0.0,0.0,559.74,261.1136427,43.712703352,133262422544.0,95463029000.0,28852510888.0,10.0,34.0,67.39012,26.331048,84.129104,13.336,1988997.0,0.0,1988997.0,16.990448,0.0,,,110.187750446,3478.0,62.21,,,,,,,31.0,34.980095999999996,26.647664,85.869592,0.5609999999999999,503650.0,,,,,0.0,1988997.0,41.734284755,305.0,460.6,361.7,403.4,411.6,69,57,67,64,0.905776,0.905776,0.714237,0.715279
1791342263.16,적체 뒤 평시,1,1.0,158.37,52.242230413,8.29970687,29949764032.0,24295498464.0,5089523208.0,10.0,36.0,101.070544,33.57792,91.142944,2.155,504880.0,2.0,,,,,,40.949780578,297.0,35.650000000000006,0.0,0.0,998016856.0,0.0,0.0,0.0,24.0,49.793416,0.0,83.712344,0.044,,,,,,,,0.0,0.0,559.8100000000001,261.15080639,43.716615133,133289850416.0,95482406856.0,28858235720.0,10.0,34.0,40.921192,26.331048,84.129104,13.339,1989407.0,2.0,1989407.0,17.227462,0.0,,,110.203947657,3479.0,62.24,,,,,,,31.0,41.271552,26.647664,85.94524,0.5609999999999999,504060.0,,,,,0.0,1989407.0,41.765509828,306.0,460.6,361.7,403.4,411.6,69,57,67,64,0.905776,0.905776,0.714237,0.715279
1791342264.17,적체 뒤 평시,1,1.0,158.55,52.281785614,8.307360299,29974354632.0,24314985904.0,5093578752.0,10.0,36.0,53.768328,33.57792,91.2174,2.158,505294.0,0.0,,,,,,40.988295584,301.0,35.660000000000004,0.0,0.0,998665320.0,0.0,0.0,0.0,24.0,50.841992,0.0,83.712344,0.044,,,,,,,,0.0,0.0,559.85,261.183519519,43.722471498,133317978000.0,95501823224.0,28864000288.0,10.0,34.0,68.184168,26.331048,84.129104,13.339,1989821.0,0.0,1989821.0,17.465363,0.0,,,110.240375574,3483.0,62.28,,,,,,,31.0,46.514432,26.647664,86.046272,0.5609999999999999,504474.0,,,,,0.0,1989821.0,41.811894996,310.0,460.7,361.9,403.7,411.1,69,57,67,64,0.532704,0.532704,0.537579,0.538629
1791342265.17,적체 뒤 평시,1,1.0,158.60000000000002,52.312143918000004,8.312582209,29998738088.0,24334376968.0,5097603800.0,10.0,36.0,78.934152,33.57792,91.23787999999999,2.158,505704.0,0.0,,,,,,41.012724552,302.0,35.67,0.0,0.0,999313848.0,0.0,0.0,0.0,24.0,51.890567999999995,0.0,83.712344,0.044,,,,,,,,0.0,0.0,559.9100000000001,261.216909997,43.725892439,133345290808.0,95521145112.0,28869721200.0,10.0,34.0,40.099872,25.623032,84.129104,13.342,1990231.0,0.0,1990231.0,17.702358,0.0,,,110.254396588,3484.0,62.290000000000006,,,,,,,31.0,51.757312,26.647664,86.051096,0.5609999999999999,504884.0,,,,,0.0,1990231.0,41.840202846,311.0,460.7,361.9,403.7,411.1,69,57,67,64,0.532704,0.532704,0.537579,0.538629
1791342266.18,적체 뒤 평시,1,1.0,158.65,52.345386923999996,8.317369958,30023132936.0,24353777416.0,5101631864.0,10.0,36.0,103.0514,33.57792,91.23787999999999,2.161,506114.0,0.0,,,,,,41.0337051,303.0,35.67,0.0,0.0,999963584.0,0.0,0.0,0.0,24.0,51.890567999999995,0.0,83.712344,0.044,,,,,,,,0.0,0.0,559.95,261.250491496,43.729004649,133372607648.0,95540475352.0,28875445120.0,10.0,34.0,67.362848,25.623032,84.129104,13.342,1990641.0,0.0,1990641.0,17.939342,0.0,,,110.313548666,3485.0,62.31,,,,,,,31.0,58.048767999999995,26.647664,86.098704,0.5609999999999999,505294.0,,,,,0.0,1990641.0,41.866330589,312.0,460.7,361.9,403.7,411.1,69,57,67,64,0.532704,0.532704,0.537579,0.538629
1791342267.2,적체 뒤 평시,1,1.0,158.71,52.386513459,8.323379836,30047598072.0,24373213480.0,5105665208.0,10.0,36.0,57.886447999999994,33.57792,91.261096,2.161,506525.0,0.0,,,,,,41.062346701,304.0,35.68,0.0,0.0,1000612232.0,0.0,0.0,0.0,24.0,52.939144,0.0,83.712344,0.044,,,,,,,,0.0,0.0,560.11,261.28816726499997,43.736160228,133400360432.0,95559824816.0,28881179744.0,10.0,34.0,38.065495999999996,23.530455999999997,84.102864,13.345,1991052.0,0.0,1991052.0,18.176569999999998,0.0,,,110.336885344,3487.0,62.34,,,,,,,31.0,63.291647999999995,26.647664,86.113168,0.5609999999999999,505705.0,,,,,0.0,1991052.0,41.911399312,314.0,456.6,361.2,402.0,409.8,69,57,67,64,0.298064,1.255184,0.300144,0.301207
1791342268.2,적체 뒤 평시,1,1.0,158.76000000000002,52.425508613000005,8.329081831,30071989024.0,24392613144.0,5109690680.0,10.0,36.0,80.95512,33.57792,91.26890399999999,2.161,506935.0,0.0,,,,,,41.089151731,305.0,35.68,0.0,0.0,1001260936.0,0.0,0.0,0.0,24.0,53.987719999999996,0.0,83.712344,0.044,,,,,,,,0.0,0.0,560.1700000000001,261.32444832100003,43.741010353,133427708712.0,95579150800.0,28886901448.0,10.0,34.0,65.32847199999999,23.530455999999997,84.112208,13.345,1991462.0,0.0,1991462.0,18.413577,0.0,,,110.370824559,3488.0,62.36000000000001,,,,,,,31.0,69.58310399999999,26.647664,86.1188,0.5609999999999999,506115.0,,,,,0.0,1991462.0,41.946486189,315.0,456.6,361.2,402.0,409.8,69,57,67,64,0.298064,1.255184,0.300144,0.301207
1791342269.21,적체 뒤 평시,1,1.0,158.83,52.463649216,8.336130302,30096468976.0,24412062120.0,5113727928.0,10.0,36.0,37.552208,32.674496,91.272232,2.164,507346.0,0.0,,,,,,41.200815321,307.0,35.690000000000005,0.0,0.0,1001909448.0,0.0,0.0,0.0,24.0,53.987719999999996,0.0,83.712344,0.044,,,,,,,,0.0,0.0,560.24,261.364164009,43.746383276,133455362528.0,95598563368.0,28892636376.0,10.0,34.0,43.984136,23.530455999999997,84.112208,13.347000000000001,1991873.0,2.0,1991873.0,18.650802,0.0,,,110.398420054,3490.0,62.38,,,,,,,31.0,74.82598399999999,26.647664,86.14202399999999,0.5609999999999999,506526.0,,,,,0.0,1991873.0,41.980660567,317.0,456.6,361.2,402.0,409.8,69,57,67,64,0.298064,1.255184,0.300144,0.301207
1791342270.23,적체 뒤 평시,1,1.0,159.01000000000002,52.497262834,8.342495257,30120883352.0,24431490904.0,5117747240.0,10.0,36.0,62.718031999999994,32.674496,91.34103999999999,2.164,507757.0,0.0,,,,,,41.241423248,308.0,35.690000000000005,0.0,0.0,1002558112.0,0.0,0.0,0.0,24.0,55.036296,0.0,83.712344,0.044,,,,,,,,0.0,0.0,560.2900000000001,261.39707264,43.751502355,133482929320.0,95617895640.0,28898372144.0,10.0,34.0,71.247112,23.530455999999997,84.112208,13.349,1992284.0,0.0,1992284.0,18.88802,0.0,,,110.435094238,3492.0,62.43000000000001,,,,,,,31.0,81.11744,26.647664,87.513992,0.5609999999999999,506937.0,,,,,0.0,1992284.0,42.018840661,319.0,458.2,361.1,393.0,411.4,69,57,67,64,0.485144,0.485144,1.103007,1.104594
1791342271.24,적체 뒤 평시,1,1.0,159.06,52.529307949999996,8.34926139,30145310264.0,24450885064.0,5121813648.0,10.0,36.0,86.83528,32.674496,91.345,2.164,508167.0,0.0,,,,,,41.283005063,309.0,35.7,0.0,0.0,1003206672.0,0.0,0.0,0.0,24.0,56.084872,0.0,83.712344,0.044,,,,,,,,0.0,0.0,560.34,261.43008914,43.755870957,133510268160.0,95637218864.0,28904093240.0,10.0,34.0,49.61864,23.209847999999997,84.112208,13.349,1992694.0,0.0,1992694.0,19.125004,0.0,,,110.446640663,3493.0,62.46,,,,,,,31.0,29.867144,26.381847999999998,87.521416,0.563,507347.0,,,,,0.0,1992694.0,42.068548401,320.0,458.2,361.1,393.0,411.4,69,57,67,64,0.485144,0.485144,1.103007,1.104594
1791342272.25,적체 뒤 평시,1,1.0,159.24,52.566289141,8.356099925,30169815088.0,24470272624.0,5125883336.0,10.0,36.0,41.063103999999996,32.674496,88.270568,2.167,508577.0,0.0,,,,,,41.319462221,310.0,35.7,0.0,0.0,1003855184.0,0.0,0.0,0.0,24.0,56.084872,0.0,83.712344,0.044,,,,,,,,0.0,0.0,560.49,261.470589173,43.761989293,133537676880.0,95656536024.0,28909817248.0,10.0,34.0,30.356279999999998,23.209847999999997,84.112208,13.352,1993104.0,0.0,1993104.0,19.36199,0.0,,,110.466426692,3494.0,62.480000000000004,,,,,,,31.0,35.110023999999996,26.381847999999998,86.979624,0.563,507757.0,,,,,0.0,1993104.0,42.110085057,321.0,458.2,361.1,392.8,411.1,69,57,67,65,0.78868,0.78868,0.915143,0.916151
1791342273.26,적체 뒤 평시,1,1.0,159.32000000000002,52.606823928000004,8.363787255,30194219496.0,24489714040.0,5129878856.0,10.0,36.0,66.228928,32.674496,90.176504,2.167,508987.0,2.0,,,,,,41.350436805,311.0,35.7,0.0,0.0,1004503816.0,0.0,0.0,0.0,24.0,57.133447999999994,0.0,83.712344,0.044,,,,,,,,0.0,0.0,560.5500000000001,261.513826276,43.76820298,133565652880.0,95675942464.0,28915563448.0,10.0,34.0,58.667832,23.209847999999997,84.112976,13.352,1993516.0,0.0,1993516.0,19.599448,0.0,,,110.494358223,3497.0,62.52,,,,,,,31.0,40.352903999999995,26.381847999999998,87.69,0.563,508169.0,,,,,0.0,1993516.0,42.154626473,324.0,458.2,361.1,392.8,411.1,69,57,67,65,0.78868,0.78868,0.915143,0.916151
1791342274.27,적체 뒤 평시,1,1.0,159.39000000000001,52.653073651,8.371477226,30223302304.0,24513800472.0,5133900856.0,10.0,36.0,95.589056,32.674496,90.2252,2.167,509401.0,120.0,,,,,,41.392064878,315.0,35.71,0.0,0.0,1005152280.0,0.0,0.0,0.0,24.0,57.133447999999994,0.0,83.712344,0.044,,,,,,,,0.0,0.0,560.6500000000001,261.57501577700003,43.775065124,133611658536.0,95712308080.0,28921993344.0,10.0,34.0,55.764663999999996,23.209847999999997,84.112976,13.354000000000001,1993977.0,172.0,1993977.0,19.865188,0.0,,,110.53993539,3501.0,62.56,,,,,,,31.0,46.64436,26.381847999999998,87.76628,0.563,508630.0,,,,,0.0,1993977.0,42.224161323,328.0,458.2,361.1,392.8,411.1,69,57,67,65,0.78868,0.78868,0.915143,0.916151
1791342275.28,적체 뒤 평시,1,1.0,159.45000000000002,52.681698646,8.376718777,30243061712.0,24528581720.0,5137892552.0,10.0,36.0,47.010576,32.674496,89.72853599999999,2.17,509811.0,0.0,,,,,,41.419685242,316.0,35.71,0.0,0.0,1005800888.0,0.0,0.0,0.0,24.0,58.182024,0.0,83.712344,0.044,,,,,,,,0.0,0.0,560.6700000000001,261.588763537,43.778683772,133624083624.0,95717554352.0,28927034584.0,10.0,34.0,68.347576,23.209847999999997,84.112976,13.354000000000001,1994338.0,71.0,1994338.0,20.073907,0.0,,,110.549597927,3502.0,62.580000000000005,,,,,,,31.0,51.88724,26.381847999999998,87.19744,0.563,508991.0,,,,,0.0,1994338.0,42.249627553,329.0,459.2,361.4,394.2,411.6,72,57,67,66,0.491408,0.491408,0.762367,0.763222
1791342276.28,적체 뒤 평시,1,1.0,159.5,52.713054516,8.381011703,30267409688.0,24547968704.0,5141887224.0,10.0,36.0,71.12782399999999,32.674496,88.591544,2.17,510221.0,0.0,,,,,,41.444434452,317.0,35.71,0.0,0.0,1006450440.0,0.0,0.0,0.0,24.0,59.230599999999995,0.0,83.712344,0.044,,,,,,,,0.0,0.0,560.72,261.617128875,43.781981646,133648546624.0,95733994888.0,28932758200.0,10.0,34.0,43.113015999999995,22.666536,84.112976,13.357000000000001,1994748.0,0.0,1994748.0,20.310883999999998,0.0,,,110.580897139,3503.0,62.59,,,,,,,31.0,58.178695999999995,26.381847999999998,86.622568,0.563,509401.0,,,,,0.0,1994748.0,42.275921689,330.0,459.2,361.4,394.2,411.6,72,57,67,66,0.491408,0.491408,0.762367,0.763222
1791342277.29,적체 뒤 평시,1,1.0,159.56,52.751707342,8.386796864,30291902176.0,24567417464.0,5145964568.0,10.0,36.0,96.29364799999999,32.674496,88.621712,2.17,510632.0,0.0,,,,,,41.478364685,319.0,35.730000000000004,0.0,0.0,1007098952.0,0.0,0.0,0.0,24.0,59.230599999999995,0.0,83.712344,0.044,,,,,,,,0.0,0.0,560.87,261.65044787100004,43.78719656,133676259176.0,95753379824.0,28938493312.0,10.0,34.0,23.8524,22.666536,84.112976,13.360000000000001,1995159.0,0.0,1995159.0,20.548109999999998,0.0,,,110.60798889,3505.0,62.61000000000001,,,,,,,31.0,63.421575999999995,26.381847999999998,86.628616,0.563,509812.0,,,,,0.0,1995159.0,42.322567552,332.0,459.2,361.4,394.2,411.6,72,57,67,66,0.491408,0.491408,0.762367,0.763222
1791342278.3,적체 뒤 평시,1,1.0,159.63000000000002,52.791581391,8.392994808,30316374752.0,24586820936.0,5150034528.0,10.0,36.0,52.120224,31.886007999999997,88.681984,2.173,511042.0,0.0,,,,,,41.514306902,320.0,35.730000000000004,0.0,0.0,1007747560.0,0.0,0.0,0.0,24.0,60.279176,0.0,83.712344,0.044,,,,,,,,0.0,0.0,560.9300000000001,261.692241573,43.794419496,133703538032.0,95772715040.0,28944217624.0,10.0,34.0,50.0668,22.666536,84.112976,13.360000000000001,1995569.0,0.0,1995569.0,20.785103,0.0,,,110.644975225,3506.0,62.63,,,,,,,31.0,69.713032,26.381847999999998,86.63172,0.563,510222.0,,,,,0.0,1995569.0,42.378384441,333.0,458.2,361.7,390.4,410.9,69,57,67,64,0.554992,0.554992,0.563366,0.564271
1791342279.3,적체 뒤 평시,1,1.0,159.69,52.833221827,8.39987498,30340877192.0,24606279104.0,5154112560.0,10.0,36.0,76.237472,31.886007999999997,88.685784,2.173,511453.0,0.0,,,,,,41.550764438,322.0,35.75,0.0,0.0,1008396096.0,0.0,0.0,0.0,24.0,60.279176,0.0,83.713368,0.047,,,,,,,,0.0,0.0,560.99,261.732872512,43.798339997,133731176656.0,95792095888.0,28949952328.0,10.0,34.0,31.384344,22.666536,84.113872,13.362,1995980.0,0.0,1995980.0,21.022320999999998,0.0,,,110.66312515,3508.0,62.660000000000004,,,,,,,31.0,74.955912,26.381847999999998,86.652688,0.563,510633.0,,,,,0.0,1995980.0,42.417981038,335.0,458.2,361.7,390.4,410.9,69,57,67,64,0.554992,0.554992,0.563366,0.564271
1791342280.3,적체 뒤 평시,1,1.0,159.88000000000002,52.877373637,8.407075878,30365422360.0,24625704352.0,5158184488.0,10.0,36.0,35.136663999999996,31.886007999999997,88.687232,2.176,511864.0,0.0,,,,,,41.596438194,323.0,35.75,0.0,0.0,1009075160.0,0.0,0.0,0.0,24.0,26.777175999999997,0.0,83.715544,0.047,,,,,,,,0.0,0.0,561.0400000000001,261.774237525,43.803252898,133758525728.0,95811454752.0,28955684672.0,10.0,34.0,59.695896,22.666536,84.113872,13.362,1996391.0,0.0,1996391.0,21.259545,0.0,,,110.682568507,3509.0,62.68000000000001,,,,,,,31.0,81.247368,26.381847999999998,86.725512,0.563,511044.0,,,,,0.0,1996391.0,42.454378624,336.0,458.2,361.7,390.4,410.9,69,57,67,64,0.554992,0.554992,0.563366,0.564271
1791342281.32,적체 뒤 평시,1,1.0,159.94,52.92140982,8.412975021,30389780168.0,24645100144.0,5162180160.0,10.0,36.0,59.253912,31.886007999999997,88.703,2.176,512274.0,0.0,,,,,,41.627799379,324.0,35.75,0.0,0.0,1009723696.0,0.0,0.0,0.0,24.0,27.825751999999998,0.0,83.715544,0.047,,,,,,,,0.0,0.0,561.11,261.809521128,43.808014231,133785884000.0,95830785512.0,28961409184.0,10.0,34.0,41.165912,22.63812,84.113872,13.365,1996801.0,0.0,1996801.0,21.496558,0.0,,,110.697582726,3510.0,62.82000000000001,,,,,,,31.0,30.539783999999997,26.381847999999998,86.545456,0.5660000000000001,511454.0,,,,,0.0,1996801.0,42.494450171,337.0,458.9,361.4,391.1,411.0,69,57,67,64,0.895888,0.895888,0.402672,0.40375
1791342282.33,적체 뒤 평시,1,1.0,160.03,52.982658465,8.423447605,30436200760.0,24683254208.0,5169453232.0,10.0,36.0,39.457015999999996,31.886007999999997,88.72767999999999,2.179,513004.0,0.0,,,,,,41.683279768,326.0,35.760000000000005,0.0,0.0,1010372160.0,0.0,0.0,0.0,24.0,27.825751999999998,0.0,83.715544,0.047,,,,,,,,0.0,0.0,561.2900000000001,261.877016134,43.816914666,133839701960.0,95869370568.0,28972854352.0,10.0,34.0,46.976752,22.63812,84.112976,13.368,1997621.0,0.0,1997621.0,21.970529,0.0,,,110.730840982,3512.0,62.84,,,,,,,31.0,39.976968,26.381847999999998,86.548144,0.5660000000000001,512274.0,,,,,0.0,1997621.0,42.561718132,339.0,458.9,361.4,391.1,411.0,69,57,67,64,0.895888,0.895888,0.402672,0.40375
1791342283.35,적체 뒤 평시,1,1.0,160.07000000000002,53.00362529900001,8.424644155,30446867112.0,24692228472.0,5170172344.0,10.0,36.0,49.942775999999995,31.886007999999997,88.758888,2.179,513122.0,166.0,,,,,,41.687810076,327.0,35.760000000000005,0.0,0.0,1011020792.0,0.0,0.0,0.0,24.0,28.874328,0.0,83.715544,0.047,,,,,,,,0.0,0.0,561.33,261.909462613,43.816914666,133858811384.0,95887669912.0,28972854352.0,10.0,34.0,66.89969599999999,22.63812,84.113744,13.368,1997621.0,0.0,1997621.0,21.970529,0.0,,,110.730840982,3512.0,62.870000000000005,,,,,,,31.0,46.268423999999996,26.381847999999998,86.56439999999999,0.5660000000000001,512686.0,,,,,412.0,1997621.0,42.561718132,339.0,458.9,361.4,391.1,411.0,69,57,67,64,0.895888,0.895888,0.402672,0.40375
1791342284.35,적체 뒤 평시,1,1.0,160.11,53.027684193,8.430821594,30463036912.0,24703416296.0,5174195056.0,10.0,36.0,66.71999199999999,31.886007999999997,88.76996799999999,2.179,513507.0,0.0,,,,,,41.72268122,330.0,35.77,0.0,0.0,1011669304.0,0.0,0.0,0.0,24.0,29.922904,0.0,83.715544,0.047,,,,,,,,0.0,0.0,561.37,261.92381215999995,43.823409753,133873655032.0,95893961832.0,28978620328.0,10.0,34.0,36.891943999999995,22.63812,84.113744,13.371,1998035.0,126.0,1998035.0,22.208441999999998,0.0,,,110.771039846,3515.0,62.89,,,,,,,31.0,47.317,26.381847999999998,86.575912,0.5660000000000001,512688.0,,,,,0.0,1998035.0,42.606918221,342.0,458.4,361.7,390.7,406.8,69,57,67,64,1.127688,0.164816,0.23914,0.232146
1791342285.35,적체 뒤 평시,1,1.0,160.20000000000002,53.056786381,8.436531849,30487441848.0,24722820712.0,5178227880.0,10.0,36.0,90.83724,31.886007999999997,88.805184,2.179,513918.0,0.0,,,,,,41.75379507,332.0,35.78,0.0,0.0,1012317720.0,0.0,0.0,0.0,24.0,29.922904,0.0,83.718744,0.047,,,,,,,,0.0,0.0,561.4100000000001,261.951615402,43.82739104,133895885136.0,95908199168.0,28984343920.0,10.0,34.0,58.91204,22.63812,84.113744,13.371,1998445.0,0.0,1998445.0,22.445435,0.0,,,110.78315034,3516.0,62.910000000000004,,,,,,,31.0,52.55988,26.381847999999998,86.592568,0.5660000000000001,513098.0,,,,,0.0,1998445.0,42.642497676,343.0,458.4,361.7,390.7,406.8,69,57,67,64,1.127688,0.164816,0.23914,0.232146
1791342286.36,적체 뒤 평시,1,1.0,160.3,53.123003481,8.441555888,30528576416.0,24758934832.0,5182254680.0,10.0,36.0,64.169664,31.020224,88.847816,2.183,514328.0,410.0,,,,,,41.783095536,333.0,35.79,0.0,0.0,1012967096.0,0.0,0.0,0.0,24.0,30.97148,0.0,83.718744,0.047,,,,,,,,0.0,0.0,561.5,262.01374688,43.832941983,133939922816.0,95944168200.0,28990068328.0,10.0,34.0,55.878456,22.659384,84.113744,13.374,1998855.0,410.0,1998855.0,22.68243,0.0,,,110.803125316,3517.0,62.95,,,,,,,31.0,58.851335999999996,26.381847999999998,86.649496,0.5660000000000001,513508.0,,,,,0.0,1998855.0,42.676776722,344.0,458.6,361.7,391.6,407.1,69,57,67,64,1.018872,1.018872,1.058117,1.059321
1791342287.37,적체 뒤 평시,1,1.0,160.35000000000002,53.156258312,8.447447664,30552988096.0,24778377040.0,5186257824.0,10.0,36.0,88.286912,31.020224,88.89272799999999,2.183,514739.0,410.0,,,,,,41.81490264,335.0,35.800000000000004,0.0,0.0,1013615560.0,0.0,0.0,0.0,24.0,32.020056,0.0,83.718744,0.047,,,,,,,,0.0,0.0,561.64,262.055092942,43.838286462,133967642256.0,95963544016.0,28995803680.0,10.0,34.0,37.571176,22.659384,84.106192,13.377,1999266.0,410.0,1999266.0,22.919666,0.0,,,110.831911554,3519.0,62.970000000000006,,,,,,,31.0,64.094216,26.381847999999998,86.681592,0.5660000000000001,513919.0,,,,,0.0,1999266.0,42.718304737,346.0,458.6,361.7,391.6,407.1,69,57,67,64,1.018872,1.018872,1.058117,1.059321
1791342288.38,적체 뒤 평시,1,1.0,160.38000000000002,53.170364752,8.452830541,30560634704.0,24781064896.0,5190250176.0,10.0,36.0,95.626944,31.020224,88.90288799999999,2.183,515149.0,0.0,,,,,,41.854360955,336.0,35.800000000000004,0.0,0.0,1014263976.0,0.0,0.0,0.0,24.0,32.020056,0.0,83.719768,0.047,,,,,,,,0.0,0.0,561.7,262.094220994,43.843225551,133994926072.0,95982879432.0,29001524880.0,10.0,34.0,63.785576,22.659384,84.111696,13.377,1999676.0,410.0,1999676.0,23.156648999999998,0.0,,,110.853834096,3520.0,63.010000000000005,,,,,,,31.0,70.385672,26.381847999999998,86.707448,0.5660000000000001,514329.0,,,,,0.0,1999676.0,42.747044327,347.0,458.6,361.7,391.6,407.1,69,57,67,64,1.018872,1.018872,1.058117,1.059321
1791342289.39,적체 뒤 평시,1,1.0,160.59,53.213483071,8.460085158,30585175160.0,24800522952.0,5194284936.0,10.0,36.0,52.247344,31.020224,79.01556,2.187,515560.0,0.0,,,,,,41.920782355,338.0,35.81,0.0,0.0,1014912320.0,0.0,0.0,0.0,24.0,33.068632,0.0,83.719768,0.047,,,,,,,,0.0,0.0,561.74,262.10840551700005,43.850118025,134005952016.0,95985615264.0,29007259840.0,10.0,34.0,29.880912,22.659384,84.111696,13.38,2000087.0,0.0,2000087.0,23.393884,0.0,,,110.927685903,3522.0,63.03,,,,,,,31.0,75.628552,26.381847999999998,86.713584,0.5660000000000001,514740.0,,,,,0.0,2000087.0,42.78415776,349.0,452.1,361.9,396.4,407.4,69,57,67,64,0.819264,0.819264,0.861389,0.862487
1791342290.41,적체 뒤 평시,1,1.0,161.88000000000002,53.904654665,8.532430465,30942553728.0,25120835384.0,5230105160.0,10.0,36.0,93.815912,30.703159999999997,79.211456,2.233,520477.0,1116.0,,,,,,42.365714723,340.0,35.81,0.0,0.0,1015560752.0,0.0,0.0,0.0,24.0,34.117208,0.0,83.719768,0.047,,,,,,,,0.0,0.0,563.27,262.83577929800003,43.979224243,134416999512.0,96289117640.0,29087852784.0,10.0,34.0,48.64512,41.626176,84.11054399999999,13.440000000000001,2005004.0,410.0,2005004.0,27.160812,0.0,,,111.133070922,3525.0,63.2,,,,,,,31.0,40.696743999999995,29.162408,86.730896,0.576,519657.0,,,,,0.0,2005004.0,43.271132019,352.0,452.1,361.9,396.4,407.4,69,57,67,64,0.819264,0.819264,0.861389,0.862487
1791342291.42,적체 뒤 평시,1,1.0,161.97,53.918183093,8.57449088,30969383336.0,25114082752.0,5262639288.0,10.0,36.0,75.044992,30.703159999999997,78.67307199999999,2.237,521711.0,0.0,,,,,,42.535570352,342.0,35.81,0.0,0.0,1016209072.0,0.0,0.0,0.0,24.0,34.117208,0.0,83.719768,0.047,,,,,,,,0.0,0.0,563.35,262.892742446,43.997411416,134479126776.0,96317410920.0,29113066592.0,10.0,34.0,113.656832,41.626176,84.11054399999999,13.440000000000001,2006648.0,0.0,2006648.0,28.289946,0.0,,,111.176005748,3527.0,63.38,,,,,,,31.0,46.422295999999996,27.202783999999998,74.71764,0.578,521301.0,,,,,0.0,2006648.0,43.371129541,354.0,452.1,361.9,396.4,407.4,69,57,67,64,0.819264,0.819264,0.861389,0.862487
1791342292.43,적체 뒤 평시,1,1.0,162.07000000000002,53.983705210000004,8.585438499,31017106880.0,25152823936.0,5270628000.0,10.0,36.0,70.089024,50.680416,78.717072,2.24,522531.0,0.0,,,,,,42.601500537,344.0,35.82,0.0,0.0,1016857416.0,0.0,0.0,0.0,24.0,35.165783999999995,0.0,83.719768,0.047,,,,,,,,0.0,0.0,563.4200000000001,262.920929063,44.002073882,134506428960.0,96336731416.0,29118791120.0,10.0,34.0,40.911184,36.387119999999996,84.113872,13.445,2007058.0,0.0,2007058.0,28.526954999999997,0.0,,,111.195100614,3528.0,63.400000000000006,,,,,,,31.0,51.665175999999995,27.202783999999998,74.735216,0.578,521711.0,,,,,410.0,2006648.0,43.371129541,354.0,457.7,362.0,459.5,406.8,69,57,67,64,1.8092,1.8092,0.797625,0.798865
1791342293.44,적체 뒤 평시,1,1.0,162.12,54.021950167,8.585438499,31041350984.0,25176101744.0,5270628000.0,10.0,36.0,94.206272,50.680416,78.722096,2.24,522943.0,0.0,,,,,,42.601500537,344.0,35.830000000000005,0.0,0.0,1017505704.0,0.0,0.0,0.0,24.0,36.21436,0.0,83.719768,0.047,,,,,,,,0.0,0.0,563.46,262.95790764000003,44.002073882,134532670440.0,96361811440.0,29118791120.0,10.0,34.0,66.07700799999999,36.387119999999996,84.113872,13.445,2007470.0,0.0,2007470.0,28.764401,0.0,,,111.195100614,3528.0,63.43000000000001,,,,,,,31.0,57.956632,27.202783999999998,74.76193599999999,0.578,522123.0,,,,,412.0,2007058.0,43.417797839,355.0,457.7,362.0,459.5,406.8,69,57,67,64,1.8092,1.8092,0.797625,0.798865
1791342294.45,적체 뒤 평시,1,1.0,162.29000000000002,54.051779834,8.593234188,31059438464.0,25189128896.0,5274641232.0,10.0,36.0,58.703616,50.680416,78.725296,2.243,522944.0,411.0,,,,,,42.645661793,346.0,35.830000000000005,0.0,0.0,1018154712.0,0.0,0.0,0.0,24.0,36.21436,0.0,83.719768,0.047,,,,,,,,0.0,0.0,563.49,262.980300783,44.007342312,134551591328.0,96372875584.0,29124546272.0,10.0,34.0,84.951376,36.387119999999996,84.113872,13.445,2007471.0,411.0,2007471.0,28.764626,0.0,,,111.229706238,3530.0,63.45,,,,,,,31.0,59.005207999999996,27.202783999999998,74.76193599999999,0.578,522124.0,,,,,0.0,2007471.0,43.462199327,357.0,457.7,362.0,459.5,406.8,69,57,67,64,1.8092,1.8092,0.797625,0.798865
1791342295.47,적체 뒤 평시,1,1.0,162.35000000000002,54.086144749,8.604313788,31090414520.0,25211144816.0,5282633568.0,10.0,36.0,89.11232,50.680416,78.74628,2.243,523765.0,0.0,,,,,,42.709306857,348.0,35.830000000000005,0.0,0.0,1018803032.0,0.0,0.0,0.0,24.0,37.262935999999996,0.0,83.719768,0.047,,,,,,,,0.0,0.0,563.5500000000001,263.017987451,44.017520661,134588743320.0,96394833288.0,29136001168.0,10.0,34.0,121.651536,36.387119999999996,84.113872,13.445,2008292.0,0.0,2008292.0,29.238836,0.0,,,111.263600884,3532.0,63.470000000000006,,,,,,,31.0,69.490968,27.202783999999998,74.775368,0.578,522945.0,,,,,0.0,2008292.0,43.522039608,359.0,457.7,362.2,461.9,406.2,69,57,67,64,0.37172,0.37172,0.684474,0.685347
1791342296.48,적체 뒤 평시,1,1.0,162.4,54.115253045,8.609599253,31114813912.0,25230555704.0,5286628464.0,10.0,36.0,60.11672,50.680416,78.78428799999999,2.245,524175.0,0.0,,,,,,42.738133469,349.0,35.84,0.0,0.0,1019452392.0,0.0,0.0,0.0,24.0,38.311512,0.0,83.719768,0.047,,,,,,,,0.0,0.0,563.71,263.050570516,44.024242766,134616151688.0,96414164520.0,29141724992.0,10.0,34.0,62.006912,36.387119999999996,84.113872,13.448,2008702.0,0.0,2008702.0,29.475816,0.0,,,111.291008162,3533.0,63.50000000000001,,,,,,,31.0,74.733848,27.202783999999998,74.83708,0.578,523355.0,,,,,0.0,2008702.0,43.555500489,360.0,457.7,362.2,461.9,406.2,69,57,67,64,0.37172,0.37172,0.684474,0.685347
1791342297.49,-,1,1.0,162.54000000000002,54.220184871,8.62010376,31165157000.0,25274522560.0,5292008728.0,10.0,36.0,42.941144,39.17704,78.78937599999999,2.248,524996.0,0.0,,,,,,42.798806783,351.0,35.84,0.0,0.0,1020100944.0,0.0,0.0,0.0,24.0,38.311512,0.0,83.719768,0.047,,,,,,,,0.0,0.0,563.87,263.158608615,44.036010512,134674344192.0,96454934384.0,29153864696.0,10.0,34.0,50.479279999999996,36.387119999999996,84.113872,13.452000000000002,2009523.0,0.0,2009523.0,29.988599999999998,0.0,,,111.40589287,3536.0,63.53,,,,,,,31.0,85.219608,27.202783999999998,74.86044,0.578,524176.0,,,,,0.0,2009523.0,43.648586069,363.0,457.7,362.2,461.9,406.2,69,57,67,64,0.37172,0.37172,0.684474,0.685347
1791342298.5,-,1,1.0,163.79000000000002,54.839388097,8.716807387,31471904792.0,25532235848.0,5339789504.0,10.0,36.0,80.903744,33.989888,78.68155999999999,2.289,528712.0,365.0,,,,,,43.396087058,354.0,35.85,0.0,0.0,1020749264.0,0.0,0.0,0.0,24.0,39.360088,0.0,83.719768,0.047,,,,,,,,0.0,0.0,565.19,263.83853907900004,44.139126624,135062875632.0,96726608520.0,29241808576.0,10.0,34.0,69.313552,47.752528,84.102096,13.494,2014853.0,0.0,2014853.0,34.134909,0.0,,,111.663006522,3539.0,63.71,,,,,,,31.0,42.393656,29.100824,74.883864,0.593,529506.0,,,,,0.0,2014853.0,44.334646768,366.0,457.9,361.4,438.2,407.3,69,57,67,64,7.854912,7.854912,0.878648,0.881374
1791342299.51,-,1,1.0,163.94,54.910827638,8.738701079,31523323080.0,25563524488.0,5358925584.0,10.0,36.0,95.268416,33.989888,78.695944,2.292,530737.0,0.0,,,,,,43.477188941,358.0,35.85,0.0,0.0,1021397696.0,0.0,0.0,0.0,24.0,39.360088,0.0,83.719768,0.047,,,,,,,,0.0,0.0,565.25,263.87619347,44.144298728,135090673984.0,96746016128.0,29247543736.0,10.0,34.0,96.576528,47.752528,84.102096,13.494,2015264.0,0.0,2015264.0,34.372147999999996,0.0,,,111.691755427,3541.0,63.730000000000004,,,,,,,31.0,46.587959999999995,29.100824,74.88795999999999,0.593,529917.0,,,,,0.0,2015264.0,44.393308924,368.0,457.9,361.4,438.2,407.3,69,57,67,64,7.854912,7.854912,0.878648,0.881374
1791342300.51,-,1,1.0,164.03,54.940407705,8.744559317,31547770432.0,25582973488.0,5362930136.0,10.0,36.0,64.120672,49.172,78.735248,2.294,531148.0,0.0,,,,,,43.517622835,361.0,35.85,0.0,0.0,1022046016.0,0.0,0.0,0.0,24.0,40.408664,0.0,83.719768,0.047,,,,,,,,0.0,0.0,565.3100000000001,263.91947658699996,44.149431057,135118246120.0,96765399848.0,29253279416.0,10.0,34.0,123.83950399999999,47.752528,84.102096,13.494,2015675.0,0.0,2015675.0,34.609383,0.0,,,111.717812763,3543.0,63.75000000000001,,,,,,,31.0,52.879416,29.100824,74.89439999999999,0.593,530328.0,,,,,0.0,2015675.0,44.438427583,370.0,457.9,361.4,438.2,407.3,69,57,67,64,7.854912,7.854912,0.878648,0.881374
1791342301.52,-,1,1.0,164.08,54.977377965,8.751152565,31572149440.0,25602383904.0,5366932320.0,10.0,36.0,89.286496,49.172,78.75652,2.294,531558.0,0.0,,,,,,43.555744057,363.0,35.86,0.0,0.0,1022694336.0,0.0,0.0,0.0,24.0,41.45724,0.0,83.719768,0.047,,,,,,,,0.0,0.0,565.37,263.958464278,44.153748021,135145557800.0,96784716120.0,29259003712.0,10.0,34.0,62.483495999999995,46.52652,84.102096,13.497,2016085.0,0.0,2016085.0,34.846385,0.0,,,111.732666697,3544.0,63.77,,,,,,,31.0,58.122296,29.100824,74.942008,0.593,530738.0,,,,,0.0,2016085.0,44.47400901,371.0,463.5,361.4,458.8,411.4,69,57,67,64,0.679728,0.679728,0.877519,0.878556
1791342302.52,-,1,1.0,164.13000000000002,55.005320103,8.756232884,31596557520.0,25621802648.0,5370927992.0,10.0,36.0,58.054815999999995,48.552423999999995,78.79837599999999,2.297,531968.0,0.0,,,,,,43.582965925,364.0,35.86,0.0,0.0,1023342672.0,0.0,0.0,0.0,24.0,41.45724,0.0,83.720792,0.047,,,,,,,,0.0,0.0,565.4100000000001,263.99502319600003,44.158115077,135172879952.0,96804052096.0,29264728184.0,10.0,34.0,89.746472,46.52652,84.10311999999999,13.497,2016495.0,0.0,2016495.0,35.083389,0.0,,,111.756763054,3545.0,63.78,,,,,,,31.0,63.365176,29.100824,74.96968,0.593,531148.0,,,,,0.0,2016495.0,44.503615063,372.0,463.5,361.4,458.8,411.4,69,57,67,64,0.679728,0.679728,0.877519,0.878556
1791342303.53,-,1,1.0,164.20000000000002,55.043966947,8.761544393,31621062952.0,25641346312.0,5374923400.0,10.0,36.0,82.17206399999999,48.552423999999995,78.844368,2.297,532378.0,2.0,,,,,,43.61387518,365.0,35.870000000000005,0.0,0.0,1023990944.0,0.0,0.0,0.0,24.0,42.505815999999996,0.0,83.720792,0.047,,,,,,,,0.0,0.0,565.47,264.033220551,44.16296467,135200695744.0,96823536968.0,29270471688.0,10.0,34.0,117.00944799999999,46.52652,84.105808,13.497,2016907.0,0.0,2016907.0,35.320837,0.0,,,111.787717756,3547.0,63.830000000000005,,,,,,,31.0,69.656632,29.100824,74.998232,0.593,531560.0,,,,,0.0,2016907.0,44.550332268,374.0,463.5,361.4,458.8,411.4,69,57,67,64,0.679728,0.679728,0.877519,0.878556
1791342304.54,-,1,1.0,164.38000000000002,55.080952588,8.768902732,31645579560.0,25660805784.0,5378932872.0,10.0,36.0,52.889464,48.552423999999995,78.895608,2.302,532791.0,1.0,,,,,,43.654577698,367.0,35.88,0.0,0.0,1024639360.0,0.0,0.0,0.0,24.0,43.554392,0.0,83.720792,0.047,,,,,,,,0.0,0.0,565.63,264.077847067,44.17111926,135228699584.0,96842939176.0,29276217760.0,10.0,34.0,49.263895999999995,28.700727999999998,84.105808,13.5,2017319.0,0.0,2017319.0,35.558275,0.0,,,111.825156351,3550.0,63.88,,,,,,,31.0,74.899512,29.100824,75.092584,0.593,531972.0,,,,,0.0,2017319.0,44.608530369,377.0,463.4,361.7,459.3,411.8,69,57,67,64,0.831176,0.235616,0.710201,0.711361
1791342305.55,-,1,1.0,164.49,55.116520576,8.774788578,31670007576.0,25680233688.0,5382935576.0,10.0,36.0,77.006712,48.552423999999995,81.05072,2.302,533202.0,0.0,,,,,,43.687349471,369.0,35.89,0.0,0.0,1025287800.0,0.0,0.0,0.0,24.0,43.554392,0.0,83.725016,0.047,,,,,,,,0.0,0.0,565.69,264.116045759,44.176304913,135256008232.0,96862293112.0,29281942384.0,10.0,34.0,76.526872,28.700727999999998,84.105808,13.5,2017729.0,0.0,2017729.0,35.795288,0.0,,,111.839670633,3551.0,63.93000000000001,,,,,,,31.0,81.190968,29.100824,76.52363199999999,0.593,532382.0,,,,,0.0,2017729.0,44.63583035,378.0,463.4,361.7,459.3,411.8,69,57,67,64,0.831176,0.235616,0.710201,0.711361
1791342306.56,-,1,1.0,164.57000000000002,55.151257615999995,8.78013716,31694445056.0,25699631440.0,5386940264.0,10.0,36.0,101.12396,48.552423999999995,80.81512,2.302,533612.0,0.0,,,,,,43.726494044,370.0,35.89,0.0,0.0,1025937256.0,0.0,0.0,0.0,24.0,44.602968,0.0,83.725016,0.047,,,,,,,,0.0,0.0,565.73,264.148313793,44.180664051,135283335560.0,96881620280.0,29287667032.0,10.0,34.0,44.122456,28.700727999999998,84.105808,13.504000000000001,2018139.0,0.0,2018139.0,36.032299,0.0,,,111.852306097,3552.0,63.99,,,,,,,31.0,86.433848,29.100824,77.46336,0.593,532792.0,,,,,0.0,2018139.0,44.674170448,379.0,463.4,361.7,459.3,411.8,69,57,67,64,0.831176,0.235616,0.710201,0.711361
1791342307.56,-,1,1.0,164.63000000000002,55.188425369,8.785078876,31718908576.0,25719062392.0,5390952016.0,10.0,36.0,66.83655999999999,48.552423999999995,79.669088,2.305,534023.0,0.0,,,,,,43.799654361,372.0,35.89,0.0,0.0,1026585528.0,0.0,0.0,0.0,24.0,45.651544,0.0,83.725016,0.047,,,,,,,,0.0,0.0,565.7800000000001,264.17449774,44.184647085,135310690624.0,96900974232.0,29293398512.0,10.0,34.0,71.385432,28.700727999999998,84.11502399999999,13.504000000000001,2018550.0,0.0,2018550.0,36.269528,0.0,,,111.867107067,3553.0,64.12,,,,,,,31.0,29.836119999999998,27.070808,77.424656,0.596,533203.0,,,,,0.0,2018550.0,44.721057637,380.0,463.8,361.2,414.4,411.0,72,57,67,66,1.191136,1.191136,0.517845,0.519088
1791342308.57,-,1,1.0,164.67000000000002,55.224304436,8.789619614,31743302472.0,25738463424.0,5394978368.0,10.0,36.0,90.953808,48.552423999999995,79.694904,2.305,534433.0,0.0,,,,,,43.832937984,373.0,35.900000000000006,0.0,0.0,1027233848.0,0.0,0.0,0.0,24.0,45.651544,0.0,83.726936,0.047,,,,,,,,0.0,0.0,565.84,264.20393292399996,44.189219399,135338048680.0,96920293592.0,29299122672.0,10.0,34.0,37.052568,25.567384,84.11502399999999,13.507000000000001,2018960.0,0.0,2018960.0,36.506519,0.0,,,111.886864968,3554.0,64.16000000000001,,,,,,,31.0,36.127576,27.070808,77.675112,0.596,533613.0,,,,,0.0,2018960.0,44.755760937,381.0,463.8,361.2,414.4,411.0,72,57,67,66,1.191136,1.191136,0.517845,0.519088
1791342309.59,-,1,1.0,164.73000000000002,55.257281451999994,8.79390197,31767794512.0,25757894848.0,5399045248.0,10.0,36.0,43.451968,36.023496,79.694904,2.307,534844.0,0.0,,,,,,43.874704508,374.0,35.900000000000006,0.0,0.0,1027882312.0,0.0,0.0,0.0,24.0,46.70012,0.0,83.726936,0.047,,,,,,,,0.0,0.0,565.89,264.242840882,44.19259529,135365445992.0,96939650792.0,29304857096.0,10.0,34.0,64.315544,25.567384,84.11502399999999,13.507000000000001,2019371.0,0.0,2019371.0,36.743741,0.0,,,111.970336311,3555.0,64.18,,,,,,,31.0,41.370456,27.070808,77.103464,0.596,534024.0,,,,,0.0,2019371.0,44.873519407,382.0,463.8,361.2,414.4,411.0,72,57,67,66,1.191136,1.191136,0.517845,0.519088
1791342310.6,-,1,1.0,164.77,55.288964746000005,8.799550908,31792238864.0,25777324952.0,5403093144.0,10.0,36.0,67.569216,36.023496,79.699,2.307,535255.0,0.0,,,,,,44.006920316,376.0,35.910000000000004,0.0,0.0,1028530800.0,0.0,0.0,0.0,24.0,46.70012,0.0,83.726936,0.047,,,,,,,,0.0,0.0,566.02,264.278289397,44.198802495,135393118680.0,96959039352.0,29310593088.0,10.0,34.0,33.564023999999996,25.567384,84.11259199999999,13.510000000000002,2019782.0,0.0,2019782.0,36.980973,0.0,,,112.040550151,3557.0,64.2,,,,,,,31.0,46.613336,27.070808,76.54442399999999,0.596,534435.0,,,,,0.0,2019782.0,44.994598607,384.0,464.1,361.4,416.8,405.0,69,57,67,67,1.356344,0.325176,0.471109,0.472741
1791342311.61,-,1,1.0,164.83,55.327556740000006,8.80605276,31816697544.0,25796747296.0,5407163056.0,10.0,36.0,91.686464,36.023496,79.699,2.307,535665.0,0.0,,,,,,44.077205202,377.0,35.92,0.0,0.0,1029179216.0,0.0,0.0,0.0,24.0,47.748695999999995,0.0,83.726936,0.047,,,,,,,,0.0,0.0,566.07,264.325230058,44.203560873,135420409984.0,96978357160.0,29316314560.0,10.0,34.0,60.827,25.567384,84.11259199999999,13.510000000000002,2020192.0,0.0,2020192.0,37.217984,0.0,,,112.060763737,3558.0,64.22,,,,,,,31.0,51.856215999999996,27.070808,75.970472,0.596,534845.0,,,,,0.0,2020192.0,45.042996069,385.0,464.1,361.4,416.8,405.0,69,57,67,67,1.356344,0.325176,0.471109,0.472741
1791342312.61,-,1,1.0,164.91,55.359530995,8.811647376,31841076560.0,25816140368.0,5411155280.0,10.0,36.0,45.414511999999995,34.044968,79.713848,2.309,536075.0,0.0,,,,,,44.112985236,378.0,35.92,0.0,0.0,1029827632.0,0.0,0.0,0.0,24.0,47.748695999999995,0.0,83.726936,0.047,,,,,,,,0.0,0.0,566.13,264.359422549,44.207894393,135447753952.0,96997678768.0,29322038600.0,10.0,34.0,31.76308,25.567384,84.11259199999999,13.513000000000002,2020602.0,0.0,2020602.0,37.454975999999995,0.0,,,112.09873859,3559.0,64.26,,,,,,,31.0,58.147672,27.070808,75.98544799999999,0.596,535255.0,,,,,0.0,2020602.0,45.114829303,386.0,464.1,361.4,416.8,405.0,69,57,67,67,1.356344,0.325176,0.471109,0.472741
1791342313.63,-,1,1.0,164.96,55.395751174,8.817150807,31865478720.0,25835580256.0,5415151048.0,10.0,36.0,69.53175999999999,34.044968,79.71551199999999,2.309,536485.0,2.0,,,,,,44.164859735,379.0,35.92,0.0,0.0,1030475952.0,0.0,0.0,0.0,24.0,47.748695999999995,0.0,83.726936,0.047,,,,,,,,0.0,0.0,566.1700000000001,264.384844181,44.211975896,135475147504.0,97017055728.0,29327763312.0,10.0,34.0,59.026056,25.567384,84.11259199999999,13.513000000000002,2021012.0,2.0,2021012.0,37.691989,0.0,,,112.14694826,3560.0,64.27000000000001,,,,,,,31.0,63.390552,27.070808,75.987112,0.596,535665.0,,,,,0.0,2021012.0,45.189734438,387.0,463.6,361.2,412.8,403.5,69,57,67,64,0.839168,0.839168,0.605888,0.607567
1791342314.64,-,1,1.0,165.02,55.427826304999996,8.82183517,31890027784.0,25855074984.0,5419238992.0,10.0,36.0,93.649008,34.044968,79.720376,2.309,536898.0,1.0,,,,,,44.219682105,381.0,35.93,0.0,0.0,1031124272.0,0.0,0.0,0.0,24.0,48.797272,0.0,83.726936,0.047,,,,,,,,0.0,0.0,566.22,264.41436262900004,44.215936443,135502792032.0,97036477696.0,29333517312.0,10.0,34.0,29.998711999999998,24.522935999999998,84.11336,13.515,2021425.0,1.0,2021425.0,37.929677999999996,0.0,,,112.217562652,3562.0,64.35000000000001,,,,,,,31.0,68.633432,27.070808,76.028472,0.596,536078.0,,,,,0.0,2021425.0,45.265807125,389.0,463.6,361.2,412.8,403.5,69,57,67,64,0.839168,0.839168,0.605888,0.607567
1791342315.65,-,1,1.0,165.19,55.471292047000006,8.828003525,31914580504.0,25874501912.0,5423316104.0,10.0,36.0,47.356576,34.044968,79.57024,2.314,537309.0,0.0,,,,,,44.272354574,383.0,35.93,0.0,0.0,1031772704.0,0.0,0.0,0.0,24.0,48.797272,0.0,83.726936,0.047,,,,,,,,0.0,0.0,566.26,264.44471494799996,44.220584737,135530329736.0,97055806984.0,29339248568.0,10.0,34.0,58.310264,24.522935999999998,84.11336,13.515,2021836.0,0.0,2021836.0,38.166893,0.0,,,112.279392496,3564.0,64.36,,,,,,,31.0,74.924888,27.070808,76.036424,0.596,536489.0,,,,,0.0,2021836.0,45.342305966,391.0,463.6,361.2,412.8,403.5,69,57,67,64,0.839168,0.839168,0.605888,0.607567
1791342316.65,-,1,1.0,165.24,55.503289077999995,8.832177774,31938933896.0,25893896168.0,5427308824.0,10.0,36.0,71.473824,34.044968,79.58635199999999,2.314,537719.0,0.0,,,,,,44.328138075,384.0,35.940000000000005,0.0,0.0,1032422144.0,0.0,0.0,0.0,24.0,49.845848,0.0,83.726936,0.047,,,,,,,,0.0,0.0,566.38,264.47421707800004,44.224928312,135557705888.0,97075122048.0,29344972896.0,10.0,34.0,30.052856,24.522935999999998,84.09428799999999,13.518,2022246.0,0.0,2022246.0,38.40389,0.0,,,112.425145773,3565.0,64.38000000000001,,,,,,,31.0,80.167768,27.070808,76.036424,0.596,536899.0,,,,,0.0,2022246.0,45.403696779,392.0,464.6,361.9,414.8,404.9,69,57,67,64,0.953424,0.953424,0.560802,0.561885
1791342317.66,-,1,1.0,165.29000000000002,55.538718341000006,8.838306315,31963322232.0,25913317888.0,5431309072.0,10.0,36.0,96.639648,34.044968,79.58635199999999,2.314,538130.0,0.0,,,,,,44.36696046,385.0,35.940000000000005,0.0,0.0,1033070496.0,0.0,0.0,0.0,24.0,50.894424,0.0,83.726936,0.047,,,,,,,,0.0,0.0,566.44,264.51610946200003,44.229856661,135585068776.0,97094473992.0,29350706912.0,10.0,34.0,57.315832,24.522935999999998,84.09428799999999,13.518,2022657.0,0.0,2022657.0,38.641115,0.0,,,112.449687724,3566.0,64.41000000000001,,,,,,,31.0,30.5914,27.070808,76.063808,0.598,537310.0,,,,,0.0,2022657.0,45.444902977,393.0,464.6,361.9,414.8,404.9,69,57,67,64,0.953424,0.953424,0.560802,0.561885
1791342318.67,-,1,1.0,165.37,55.588201802,8.843559517,31987713944.0,25932720896.0,5435304368.0,10.0,36.0,51.33012,34.044968,79.594928,2.318,538540.0,0.0,,,,,,44.406664672,386.0,35.95,0.0,0.0,1033718768.0,0.0,0.0,0.0,24.0,50.894424,0.0,83.726936,0.047,,,,,,,,0.0,0.0,566.51,264.55704159,44.234373655,135612445224.0,97113806056.0,29356431040.0,10.0,34.0,29.971736,24.522935999999998,84.09428799999999,13.521,2023067.0,0.0,2023067.0,38.878099,0.0,,,112.484463351,3567.0,64.42,,,,,,,31.0,34.785703999999996,27.070808,76.063808,0.598,537720.0,,,,,0.0,2023067.0,45.499474693,394.0,464.6,361.9,414.8,404.9,69,57,67,64,0.953424,0.953424,0.560802,0.561885
1791342319.69,-,1,1.0,165.42000000000002,55.621343053,8.848837923,32012125456.0,25952159960.0,5439306328.0,10.0,36.0,75.447368,34.044968,79.59804799999999,2.318,538951.0,0.0,,,,,,44.435758687,387.0,35.95,0.0,0.0,1034367792.0,0.0,0.0,0.0,24.0,51.943,0.0,83.729584,0.047,,,,,,,,0.0,0.0,566.5500000000001,264.584339327,44.240039049,135639989448.0,97133150880.0,29362165856.0,10.0,34.0,58.283288,24.522935999999998,84.09428799999999,13.521,2023478.0,0.0,2023478.0,39.115323,0.0,,,112.511641452,3569.0,64.44,,,,,,,31.0,41.07716,27.070808,76.064576,0.598,538131.0,,,,,0.0,2023478.0,45.54891612,396.0,462.8,361.2,413.3,403.5,69,57,67,64,1.046752,1.046752,0.662244,0.663152
1791342320.69,-,1,1.0,165.46,55.650595832,8.853995663,32036511048.0,25971581544.0,5443303992.0,10.0,36.0,99.564616,34.044968,79.59804799999999,2.318,539362.0,0.0,,,,,,44.467281552,388.0,35.96,0.0,0.0,1035016168.0,0.0,0.0,0.0,24.0,51.943,0.0,83.729584,0.047,,,,,,,,0.0,0.0,566.61,264.616804538,44.245522775,135667613112.0,97152513736.0,29367898808.0,10.0,34.0,29.967056,24.516744,84.09428799999999,13.523,2023889.0,0.0,2023889.0,39.352536,0.0,,,112.545915814,3571.0,64.46000000000001,,,,,,,31.0,46.32004,27.070808,76.075456,0.598,538542.0,,,,,0.0,2023889.0,45.602930774,398.0,462.8,361.2,413.3,403.5,69,57,67,64,1.046752,1.046752,0.662244,0.663152
1791342321.7,-,1,1.0,165.52,55.686702928,8.859980772,32060890208.0,25990975424.0,5447299568.0,10.0,36.0,52.314263999999994,32.10572,79.60252799999999,2.321,539772.0,0.0,,,,,,44.503039253,389.0,35.96,0.0,0.0,1035664504.0,0.0,0.0,0.0,24.0,52.991575999999995,0.0,83.729584,0.047,,,,,,,,0.0,0.0,566.6700000000001,264.662209725,44.250751016,135694917368.0,97171834320.0,29373623312.0,10.0,34.0,57.230031999999994,24.516744,84.09428799999999,13.523,2024299.0,0.0,2024299.0,39.589545,0.0,,,112.572483368,3572.0,64.48,,,,,,,31.0,52.611495999999995,27.070808,76.10139199999999,0.598,538952.0,,,,,0.0,2024299.0,45.639646731,399.0,463.1,361.2,414.9,404.7,69,57,67,64,1.008176,1.008176,0.60234,0.60383
1791342322.71,-,1,1.0,165.57000000000002,55.71944508000001,8.865183654,32085333368.0,26010377896.0,5451369632.0,10.0,36.0,76.431512,32.10572,79.611784,2.321,540182.0,0.0,,,,,,44.537960123,390.0,35.97,0.0,0.0,1036312800.0,0.0,0.0,0.0,24.0,54.040152,0.0,83.729584,0.047,,,,,,,,0.0,0.0,566.7900000000001,264.691856313,44.255232966,135722331200.0,97191163576.0,29379347680.0,10.0,34.0,30.035624,24.516744,84.093392,13.526,2024709.0,0.0,2024709.0,39.826547,0.0,,,112.595491179,3573.0,64.5,,,,,,,31.0,57.854375999999995,27.070808,76.106064,0.598,539362.0,,,,,0.0,2024709.0,45.678382153,400.0,463.1,361.2,414.9,404.7,69,57,67,64,1.008176,1.008176,0.60234,0.60383
1791342323.72,-,1,1.0,165.62,55.747892410999995,8.870640772,32109796392.0,26029804112.0,5455440072.0,10.0,36.0,101.597336,32.10572,79.624504,2.321,540592.0,1.0,,,,,,44.570954959,391.0,35.97,0.0,0.0,1036961216.0,0.0,0.0,0.0,24.0,54.040152,0.0,83.729584,0.047,,,,,,,,0.0,0.0,566.85,264.72274789700003,44.263714474,135750003320.0,97210564400.0,29385092384.0,10.0,34.0,57.2986,24.516744,84.093392,13.526,2025121.0,0.0,2025121.0,40.064009999999996,0.0,,,112.624976184,3575.0,64.53,,,,,,,31.0,64.145832,27.070808,76.11445599999999,0.598,539774.0,,,,,0.0,2025121.0,45.724850109,402.0,463.1,361.2,414.9,404.7,69,57,67,64,1.008176,1.008176,0.60234,0.60383
1791342324.73,-,1,1.0,165.83,55.79012781600001,8.877371864,32134337896.0,26049282368.0,5459455632.0,10.0,36.0,55.224551999999996,32.10572,78.81388,2.324,541005.0,1.0,,,,,,44.663134644,395.0,35.97,0.0,0.0,1037609488.0,0.0,0.0,0.0,24.0,55.088727999999996,0.0,83.729584,0.047,,,,,,,,0.0,0.0,566.9100000000001,264.758944947,44.269960651,135777607000.0,97229938688.0,29390823240.0,10.0,34.0,30.022216,24.516744,84.093392,13.529,2025532.0,1.0,2025532.0,40.301212,0.0,,,112.74518876,3577.0,64.56,,,,,,,31.0,69.388712,27.070808,76.154056,0.598,540185.0,,,,,0.0,2025532.0,45.822726466,404.0,462.3,361.2,414.4,403.5,69,57,67,64,0.308648,0.485248,0.607159,0.608073
1791342325.75,-,1,1.0,165.89000000000001,55.824489109,8.882874137,32158777384.0,26068680528.0,5463529392.0,10.0,36.0,80.390376,32.10572,78.82776,2.324,541416.0,0.0,,,,,,44.702513273,397.0,35.980000000000004,0.0,0.0,1038257808.0,0.0,0.0,0.0,24.0,56.137304,0.0,83.729584,0.047,,,,,,,,0.0,0.0,566.96,264.79379120199997,44.274923487,135805184248.0,97249290840.0,29396557536.0,10.0,34.0,58.333768,24.516744,84.093392,13.529,2025943.0,0.0,2025943.0,40.538429,0.0,,,112.771053289,3579.0,64.59,,,,,,,31.0,75.680168,27.070808,76.167552,0.598,540596.0,,,,,0.0,2025943.0,45.871595849,406.0,462.3,361.2,414.4,403.5,69,57,67,64,0.308648,0.485248,0.607159,0.608073
1791342326.75,-,1,1.0,165.97,55.857708026999994,8.88854398,32183262768.0,26088102208.0,5467599248.0,10.0,36.0,38.752736,32.10572,78.845872,2.326,541826.0,0.0,,,,,,44.737050529,398.0,35.980000000000004,0.0,0.0,1038907400.0,0.0,0.0,0.0,24.0,56.137304,0.0,83.730352,0.047,,,,,,,,0.0,0.0,567.01,264.827812389,44.278693882,135832529936.0,97268622960.0,29402281568.0,10.0,34.0,29.948936,24.516744,84.093392,13.532,2026353.0,0.0,2026353.0,40.775417999999995,0.0,,,112.786765199,3580.0,64.61,,,,,,,31.0,80.923048,27.070808,76.186672,0.598,541006.0,,,,,0.0,2026353.0,45.909906501,407.0,462.3,361.2,414.4,403.5,69,57,67,64,0.308648,0.485248,0.607159,0.608073
1791342327.76,장애 crash int,1,1.0,,,,,,,,,,,,,,,,,,,,,,35.99,0.0,0.0,1039556184.0,0.0,0.0,0.0,24.0,57.18588,0.0,83.730352,0.047,,,,,,,,0.0,0.0,567.25,264.905532721,44.288167529,135886593440.0,97307312120.0,29413737416.0,10.0,34.0,29.294448,24.516744,84.111824,13.536999999999999,2027174.0,0.0,2027174.0,41.249645,0.0,,,112.836473258,3582.0,64.65,,,,,,,31.0,34.673168,26.267727999999998,76.19819199999999,0.6,541827.0,,,,,0.0,2027174.0,46.004444132,409.0,460.1,361.7,415.7,405.0,69,57,67,64,1.388712,0.181,1.381558,0.380091
1791342329.06,장애 crash int,1,1.0,,,,,,,,,,,,,,,,,,,,,,35.99,0.0,0.0,1040204416.0,0.0,0.0,0.0,24.0,57.18588,0.0,83.730352,0.047,,,,,,,,0.0,0.0,567.3100000000001,264.948864556,44.296932567,135913779864.0,97326603160.0,29419461632.0,10.0,34.0,56.557424,24.516744,84.111824,13.536999999999999,2027584.0,0.0,2027584.0,41.486639,0.0,,,112.850891928,3583.0,64.68,,,,,,,31.0,39.916047999999996,26.267727999999998,76.211792,0.6,542237.0,,,,,0.0,2027584.0,46.057543496,410.0,460.1,361.7,415.7,405.0,69,57,67,64,1.388712,0.181,1.381558,0.380091
1791342330.07,장애 crash int,1,1.0,,,,,,,,,,,,,,,,,,,,,,36.0,0.0,0.0,1040852720.0,0.0,0.0,0.0,24.0,58.234455999999994,0.0,83.73111999999999,0.047,,,,,,,,0.0,0.0,567.4000000000001,264.999681743,44.303487245,135941407592.0,97345970720.0,29425197472.0,10.0,34.0,29.108999999999998,24.516744,84.111824,13.542000000000002,2027995.0,0.0,2027995.0,41.723864999999996,0.0,,,112.875404312,3585.0,64.7,,,,,,,31.0,45.158927999999996,26.267727999999998,76.21332799999999,0.6,542648.0,,,,,410.0,2027585.0,46.063474017,411.0,460.1,361.7,415.7,405.0,69,57,67,64,1.388712,0.181,1.381558,0.380091
1791342331.08,장애 crash int,1,1.0,,,,,,,,,,,,,,,,,,,,,,36.0,0.0,0.0,1041501136.0,0.0,0.0,0.0,24.0,59.283032,0.0,83.73111999999999,0.047,,,,,,,,0.0,0.0,567.45,265.036423587,44.307143904,135963678440.0,97363883216.0,29427891032.0,10.0,34.0,51.129096,24.516744,84.111824,13.542000000000002,2028188.0,0.0,2028188.0,41.835319,0.0,,,112.930651771,3586.0,64.73,,,,,,,31.0,49.353232,26.267727999999998,76.21486399999999,0.6,542841.0,,,,,0.0,2028188.0,46.158309135,413.0,152.8,361.2,414.4,403.5,29,57,67,64,1.662472,0.515328,3.45822,0.456937
1791342332.1,장애 crash int,1,1.0,,,,,,,,,,,,,,,,,,,,,,36.02,0.0,0.0,1042150024.0,0.0,0.0,0.0,24.0,59.283032,0.0,83.73111999999999,0.05,,,,,,,,0.0,0.0,567.52,265.075078065,44.316372258,135996336120.0,97384588128.0,29436645200.0,10.0,34.0,29.094136,24.516744,84.111824,13.546,2028815.0,0.0,2028815.0,42.197877,0.0,,,112.956793194,3588.0,64.75,,,,,,,31.0,56.693264,26.267727999999998,76.242792,0.6,543468.0,,,,,0.0,2028815.0,46.221341678,415.0,152.8,361.2,414.4,403.5,29,57,67,64,1.662472,0.515328,3.45822,0.456937
1791342333.1,장애 crash int,1,1.0,20.77,0.111211223,0.0,467992880.0,9929976.0,0.0,1.0,28.0,31.453,0.0,73.277216,0.006,,,,,,,,0.0,0.0,36.03,0.0,0.0,1042828968.0,0.0,0.0,0.0,24.0,26.804456,0.0,83.73111999999999,0.05,,,,,,,,0.0,0.0,567.58,265.119767475,44.323658368,136024023488.0,97403946544.0,29442371192.0,10.0,34.0,57.405688,24.516744,84.111824,13.546,2029225.0,0.0,2029225.0,42.434871,0.0,,,112.978680649,3590.0,64.78,,,,,,,31.0,62.984719999999996,26.267727999999998,76.267856,0.6,543878.0,,,,,0.0,2029225.0,46.279316167,417.0,331.6,361.7,415.7,403.6,56,57,67,64,2.900728,0.65332,6.389429,0.388637
1791342334.12,장애 crash int,1,1.0,22.32,0.5640674,0.0,509393632.0,40874800.0,0.0,8.0,35.0,43.033552,0.0,82.25147199999999,0.01,,3.0,,,,,,0.0,0.0,36.03,0.0,0.0,1043477208.0,0.0,0.0,0.0,24.0,27.853032,0.0,83.73111999999999,0.05,,,,,,,,0.0,0.0,567.6,265.125120973,44.324383098,136025227816.0,97404145344.0,29442391072.0,10.0,34.0,58.454263999999995,24.516744,84.111824,13.546,2029227.0,0.0,2029227.0,42.435320999999995,0.0,,,112.984614177,3591.0,64.79,,,,,,,31.0,64.03329599999999,26.267727999999998,76.26952,0.6,543880.0,,,,,0.0,2029227.0,46.285076033,418.0,331.6,361.7,415.7,403.6,56,57,67,64,2.900728,0.65332,6.389429,0.388637
1791342335.13,장애 crash int,1,1.0,29.35,1.570213905,0.182902557,682942816.0,201382040.0,11626136.0,10.0,37.0,52.95124,0.0,86.064944,0.036,2813.0,62.0,,,,,,0.321986127,2.0,36.04,0.0,0.0,1044125456.0,0.0,0.0,0.0,24.0,27.853032,0.0,83.73304,0.05,,,,,,,,0.0,0.0,567.7800000000001,265.196918615,44.331150698,136069846336.0,97440200008.0,29448136048.0,10.0,34.0,47.696695999999996,24.516744,84.111824,13.549,2029639.0,3.0,2029639.0,42.672776,0.0,,,113.065083932,3594.0,64.82000000000001,,,,,,,31.0,69.27617599999999,26.267727999999998,76.27144,0.6,544292.0,,,,,0.0,2029639.0,46.376659615,421.0,331.6,361.7,415.7,403.6,56,57,67,64,2.900728,0.65332,6.389429,0.388637
1791342336.15,장애 crash int,1,1.0,30.590000000000003,1.675676708,0.294806345,732441776.0,224073208.0,37460712.0,10.0,37.0,54.877151999999995,41.582144,86.82364,0.043,3695.0,0.0,,,,,,0.616045993,4.0,36.050000000000004,0.0,0.0,1044774912.0,0.0,0.0,0.0,24.0,28.901608,0.0,83.73688,0.05,,,,,,,,0.0,0.0,567.85,265.2471571,44.335183237,136097139576.0,97459522128.0,29453856840.0,10.0,34.0,74.959672,24.516744,84.111824,13.549,2030049.0,410.0,2030049.0,42.909773,0.0,,,113.080459784,3595.0,64.84,,,,,,,31.0,75.567632,26.267727999999998,76.27144,0.6,544702.0,,,,,0.0,2030049.0,46.403404287,422.0,423.3,361.7,415.6,405.0,75,57,67,64,1.073984,1.073984,1.077876,1.079123
1791342337.16,-,1,1.0,31.1,1.7126207299999998,0.321646833,751578064.0,238186144.0,41637408.0,10.0,37.0,44.588992,41.582144,86.41585599999999,0.047,3695.0,407.0,,,,,,0.673888903,5.0,36.06,0.0,0.0,1045423328.0,0.0,0.0,0.0,24.0,29.950184,0.0,83.73688,0.05,,,,,,,,0.0,0.0,567.9300000000001,265.29534243,44.34009949,136124105720.0,97478478512.0,29459580824.0,10.0,34.0,46.645288,24.516744,84.111824,13.553,2030459.0,401.0,2030459.0,43.146758,0.0,,,113.095565823,3596.0,64.86,,,,,,,31.0,80.810512,26.267727999999998,76.2868,0.6,545112.0,,,,,0.0,2030459.0,46.437865662,423.0,423.3,361.7,415.6,405.0,75,57,67,64,1.073984,1.073984,1.077876,1.079123
1791342338.17,-,1,1.0,31.48,1.732916957,0.345814757,759537128.0,241078680.0,45822320.0,10.0,36.0,52.977599999999995,41.582144,85.852904,0.047,4106.0,0.0,,,,,,0.731070686,7.0,36.06,0.0,0.0,1046071696.0,0.0,0.0,0.0,24.0,29.950184,0.0,83.73688,0.05,,,,,,,,0.0,0.0,568.0,265.333362031,44.349186232,136161892688.0,97500848728.0,29471036416.0,10.0,34.0,29.645736,24.091832,84.111824,13.555,2031280.0,0.0,2031280.0,43.620951,0.0,,,113.154639533,3599.0,64.99000000000001,,,,,,,31.0,34.306512,26.267727999999998,76.089672,0.603,545933.0,,,,,0.0,2031280.0,46.482741861,425.0,423.3,361.7,415.6,405.0,75,57,67,64,1.073984,1.073984,1.077876,1.079123
1791342339.19,-,1,1.0,31.71,1.8238264670000002,0.367929382,807531312.0,280064016.0,53980712.0,10.0,36.0,71.64643199999999,41.582144,85.459144,0.049,4926.0,0.0,,,,,,0.803221274,9.0,36.07,0.0,0.0,1046720096.0,0.0,0.0,0.0,24.0,30.998759999999997,0.0,83.73688,0.05,,,,,,,,0.0,0.0,568.0400000000001,265.369403466,44.349186232,136188081488.0,97525866304.0,29471036416.0,10.0,34.0,56.908711999999994,24.091832,84.112976,13.555,2031690.0,0.0,2031690.0,43.857943999999996,0.0,,,113.154639533,3599.0,65.0,,,,,,,31.0,39.549392,26.267727999999998,76.091208,0.603,546343.0,,,,,410.0,2031280.0,46.513724856,426.0,425.3,361.7,416.9,400.4,71,57,67,64,0.586744,0.586744,0.85958,0.860471
1791342340.2,-,1,1.0,31.87,1.8834684910000001,0.367929382,831891904.0,303581352.0,53980712.0,10.0,36.0,55.794168,33.365776,84.98628,0.052,5337.0,0.0,,,,,,0.803221274,9.0,36.080000000000005,0.0,0.0,1047368512.0,0.0,0.0,0.0,24.0,32.047336,0.0,83.73688,0.05,,,,,,,,0.0,0.0,568.1800000000001,265.409219482,44.353279542,136216556544.0,97545243376.0,29476760552.0,10.0,34.0,29.639295999999998,24.091832,84.111696,13.558,2032101.0,0.0,2032101.0,44.095167,0.0,,,113.164132376,3600.0,65.02000000000001,,,,,,,31.0,45.840848,26.267727999999998,76.098304,0.603,546754.0,,,,,0.0,2032101.0,46.568370556,428.0,425.3,361.7,416.9,400.4,71,57,67,64,0.586744,0.586744,0.85958,0.860471
1791342341.21,-,1,1.0,31.98,1.9027870779999998,0.378827975,840722824.0,307537384.0,58037368.0,10.0,36.0,64.182776,33.365776,85.06788,0.052,5337.0,194.0,,,,,,0.838006683,10.0,36.080000000000005,0.0,0.0,1048016928.0,0.0,0.0,0.0,24.0,32.047336,0.0,83.73956799999999,0.05,,,,,,,,0.0,0.0,568.24,265.439941341,44.358449651,136234119832.0,97556236888.0,29482495856.0,10.0,34.0,47.465087999999994,24.091832,84.111696,13.558,2032101.0,410.0,2032101.0,44.095167,0.0,,,113.184123641,3601.0,65.03,,,,,,,31.0,46.889424,26.267727999999998,76.09907199999999,0.603,546754.0,,,,,0.0,2032101.0,46.568370556,428.0,425.3,361.7,416.9,400.4,71,57,67,64,0.586744,0.586744,0.85958,0.860471
1791342342.22,-,1,1.0,32.36,1.9766991230000002,0.402113438,880787120.0,338597608.0,66140760.0,10.0,36.0,65.073016,32.3886,85.285224,0.055,6157.0,0.0,,,,,,0.933578304,13.0,36.11,0.0,0.0,1048665264.0,0.0,0.0,0.0,24.0,33.095912,0.0,83.748144,0.05,,,,,,,,0.0,0.0,568.3100000000001,265.47655614900003,44.369396995,136271348960.0,97578174720.0,29493941360.0,10.0,34.0,28.717703999999998,24.091832,84.111696,13.561,2032921.0,0.0,2032921.0,44.569162999999996,0.0,,,113.209190832,3603.0,65.05,,,,,,,31.0,57.375184,26.267727999999998,76.10356,0.603,547574.0,,,,,0.0,2032921.0,46.627447603,430.0,416.6,361.7,417.0,400.3,71,57,67,64,0.910296,0.910296,0.64748,0.648487
1791342343.24,-,1,1.0,33.18,2.045875559,0.413927824,904158896.0,357637168.0,69568936.0,10.0,36.0,47.730584,32.3886,84.77671199999999,0.059,6491.0,0.0,,,,,,0.968786461,14.0,36.11,0.0,0.0,1049313680.0,0.0,0.0,0.0,24.0,34.144487999999996,0.0,85.484088,0.05,,,,,,,,0.0,0.0,568.37,265.51844447099995,44.375511021,136298635888.0,97597516280.0,29499665168.0,10.0,34.0,57.029256,24.091832,84.111696,13.561,2033331.0,0.0,2033331.0,44.806148,0.0,,,113.221108208,3604.0,65.07000000000001,,,,,,,31.0,62.618064,26.267727999999998,76.11699999999999,0.603,547984.0,,,,,0.0,2033331.0,46.657164925,431.0,416.6,361.7,417.0,400.3,71,57,67,64,0.910296,0.910296,0.64748,0.648487
1791342344.25,-,1,1.0,33.61,2.099566328,0.424005444,926119896.0,376352928.0,72001320.0,10.0,36.0,68.70210399999999,32.3886,85.05380799999999,0.059,6717.0,0.0,,,,,,1.021858552,18.0,36.150000000000006,0.0,0.0,1049963016.0,0.0,0.0,0.0,24.0,34.144487999999996,0.0,84.692104,0.05,,,,,,,,0.0,0.0,568.4200000000001,265.54767897700003,44.379245004,136322605056.0,97615909368.0,29503212648.0,10.0,34.0,24.814567999999998,24.089768,84.127184,13.564,2033586.0,0.0,2033586.0,44.952402,0.0,,,113.236271541,3606.0,65.10000000000001,,,,,,,31.0,66.81236799999999,26.267727999999998,76.117768,0.603,548239.0,,,,,0.0,2033586.0,46.695347233,433.0,416.6,361.7,417.0,400.3,71,57,67,64,0.910296,0.910296,0.64748,0.648487
1791342345.25,-,1,1.0,33.910000000000004,2.1480443229999997,0.435824182,952048040.0,396406192.0,77034768.0,10.0,36.0,52.626087999999996,32.3886,85.304968,0.062,7214.0,0.0,,,,,,1.068175185,21.0,36.160000000000004,0.0,0.0,1050611608.0,0.0,0.0,0.0,24.0,35.193064,0.0,84.116872,0.05,,,,,,,,0.0,0.0,568.46,265.574371405,44.381855788,136344631160.0,97633710040.0,29505443352.0,10.0,34.0,45.786088,24.089768,84.11336,13.564,2033746.0,314.0,2033746.0,45.044266,0.0,,,113.256436512,3609.0,65.12,,,,,,,31.0,69.958096,26.267727999999998,76.129672,0.603,548399.0,,,,,0.0,2033746.0,46.711146461,436.0,433.4,361.8,416.4,399.6,69,60,67,64,0.494888,0.494888,0.475748,0.476595
1791342346.25,-,1,1.0,34.45,2.183597014,0.442374962,972812280.0,414565944.0,78828456.0,10.0,36.0,73.597608,32.3886,85.570944,0.062,7422.0,72.0,,,,,,1.08684123,23.0,36.17,0.0,0.0,1051261312.0,0.0,0.0,0.0,24.0,36.24164,0.0,84.121352,0.05,,,,,,,,0.0,0.0,568.62,265.605001817,44.39079067,136381918328.0,97655681480.0,29516888720.0,10.0,34.0,27.882151999999998,24.089768,84.111952,13.568000000000001,2034566.0,0.0,2034566.0,45.518263,0.0,,,113.28226379,3611.0,65.14,,,,,,,31.0,80.443856,26.267727999999998,76.130568,0.603,549219.0,,,,,0.0,2034566.0,46.772895821,438.0,433.4,361.8,416.4,399.6,69,60,67,64,0.494888,0.494888,0.475748,0.476595
1791342347.27,-,1,1.0,34.940000000000005,2.228786186,0.459404589,1002141408.0,435906672.0,85975296.0,10.0,36.0,59.41628,30.797311999999998,85.83568,0.065,8139.0,0.0,,,,,,1.153243374,25.0,36.18,0.0,0.0,1051909752.0,0.0,0.0,0.0,24.0,36.24164,0.0,84.121352,0.05,,,,,,,,0.0,0.0,568.6600000000001,265.633380348,44.395586912,136409256448.0,97674997552.0,29522612856.0,10.0,34.0,56.193704,24.089768,84.111952,13.568000000000001,2034976.0,0.0,2034976.0,45.755249,0.0,,,113.29243377,3612.0,65.17,,,,,,,31.0,31.732191999999998,26.267727999999998,76.130568,0.605,549629.0,,,,,0.0,2034976.0,46.800398889,439.0,433.4,361.8,416.4,399.6,69,60,67,64,0.494888,0.494888,0.475748,0.476595
1791342348.28,-,1,1.0,35.330000000000005,2.2746799299999996,0.473996984,1026300864.0,455249912.0,89889032.0,10.0,36.0,40.2452,30.797311999999998,85.454968,0.068,8533.0,0.0,,,,,,1.212148821,28.0,36.18,0.0,0.0,1052558232.0,0.0,0.0,0.0,24.0,36.24164,0.0,84.121352,0.05,,,,,,,,0.0,0.0,568.72,265.668076247,44.396099793,136436730992.0,97700041512.0,29522623384.0,10.0,34.0,27.802424,24.089768,84.111952,13.571000000000002,2035387.0,0.0,2035387.0,45.992470999999995,0.0,,,113.34005888,3613.0,65.18,,,,,,,31.0,35.926496,26.267727999999998,76.13133599999999,0.605,550040.0,,,,,0.0,2035387.0,46.857337593,441.0,439.8,362.1,417.8,400.3,69,57,67,64,0.879008,0.879008,0.47222,0.473409
1791342349.29,-,1,1.0,36.38,2.316622377,0.488773504,1051836080.0,475205600.0,94658008.0,10.0,36.0,66.4596,30.797311999999998,85.787632,0.068,9033.0,0.0,,,,,,1.25720322,30.0,36.18,0.0,0.0,1053206552.0,0.0,0.0,0.0,24.0,37.290216,0.0,84.121352,0.05,,,,,,,,0.0,0.0,568.76,265.702841347,44.3996266,136455455280.0,97712199688.0,29528347440.0,10.0,34.0,46.676784,24.089768,84.111952,13.571000000000002,2035387.0,0.0,2035387.0,45.992470999999995,0.0,,,113.374400284,3614.0,65.19,,,,,,,30.0,41.169376,26.267727999999998,76.160656,0.605,550450.0,,,,,410.0,2035387.0,46.857337593,441.0,439.8,362.1,417.8,400.3,69,57,67,64,0.879008,0.879008,0.47222,0.473409
1791342350.3,-,1,1.0,36.49,2.3600066920000002,0.500133682,1076005760.0,494549192.0,98643120.0,10.0,36.0,47.197744,30.797311999999998,85.929808,0.07,9436.0,0.0,,,,,,1.311125785,31.0,36.18,0.0,0.0,1053854872.0,0.0,0.0,0.0,24.0,37.290216,0.0,84.121352,0.05,,,,,,,,0.0,0.0,568.8100000000001,265.739539831,44.403439879,136481630944.0,97730407200.0,29534071504.0,10.0,34.0,73.93975999999999,24.089768,84.111952,13.571000000000002,2035797.0,412.0,2035797.0,46.229465,0.0,,,113.389218894,3615.0,65.2,,,,,,,30.0,42.217952,26.267727999999998,76.164112,0.605,550450.0,,,,,0.0,2035797.0,46.882147067,442.0,439.8,362.1,417.8,400.3,69,57,67,64,0.879008,0.879008,0.47222,0.473409
1791342351.31,-,1,1.0,36.660000000000004,2.402833553,0.509818596,1100398296.0,514025576.0,102748760.0,10.0,36.0,72.363568,30.797311999999998,86.04527999999999,0.07,9854.0,0.0,,,,,,1.353109057,33.0,36.190000000000005,0.0,0.0,1054503144.0,0.0,0.0,0.0,24.0,38.338792,0.0,84.12276,0.05,,,,,,,,0.0,0.0,568.9000000000001,265.780521186,44.412378926,136518869272.0,97752364568.0,29545528760.0,10.0,34.0,55.941576,24.093895999999997,84.123216,13.574000000000002,2036618.0,0.0,2036618.0,46.703702,0.0,,,113.42525387,3617.0,65.24000000000001,,,,,,,30.0,52.703711999999996,26.267727999999998,76.172688,0.605,551271.0,,,,,0.0,2036618.0,46.948722851,444.0,457.1,362.4,418.2,400.8,76,57,67,63,0.776024,1.249216,0.247763,1.251613
1791342352.32,-,1,1.0,36.82,2.454677231,0.509818596,1124558480.0,537342960.0,102748760.0,10.0,36.0,51.008607999999995,29.665167999999998,86.14698399999999,0.073,10264.0,0.0,,,,,,1.353109057,33.0,36.190000000000005,0.0,0.0,1055151560.0,0.0,0.0,0.0,24.0,38.338792,0.0,84.12276,0.05,,,,,,,,0.0,0.0,569.0400000000001,265.813223455,44.418965312,136546317400.0,97771708216.0,29551252608.0,10.0,34.0,28.983335999999998,24.093895999999997,84.118864,13.577000000000002,2037028.0,0.0,2037028.0,46.940687999999994,0.0,,,113.446278848,3618.0,65.26,,,,,,,30.0,58.995168,26.267727999999998,76.176912,0.605,551681.0,,,,,0.0,2037028.0,46.980339648,445.0,457.1,362.4,418.2,400.8,76,57,67,63,0.776024,1.249216,0.247763,1.251613
1791342353.33,-,1,1.0,37.050000000000004,2.486110306,0.526562641,1148938936.0,552741000.0,110828632.0,10.0,36.0,33.058816,29.665167999999998,85.5838,0.076,10674.0,0.0,,,,,,1.450884844,35.0,36.2,0.0,0.0,1055799944.0,0.0,0.0,0.0,24.0,39.387367999999995,0.0,84.12276,0.05,,,,,,,,0.0,0.0,569.1,265.851440518,44.423363748,136573596960.0,97791033368.0,29556977456.0,10.0,34.0,56.246311999999996,24.093895999999997,84.118864,13.577000000000002,2037438.0,0.0,2037438.0,47.177706,0.0,,,113.458219072,3619.0,65.28,,,,,,,30.0,64.23804799999999,26.267727999999998,76.184184,0.605,552091.0,,,,,0.0,2037438.0,47.001824867,446.0,457.2,362.4,417.6,400.5,69,57,67,63,0.966888,0.966888,1.029703,1.030779
1791342354.34,-,1,1.0,37.14,2.526431719,0.534335815,1173276992.0,572215000.0,114881920.0,10.0,36.0,57.176064,29.665167999999998,85.83061599999999,0.076,11087.0,0.0,,,,,,1.476742537,37.0,36.2,0.0,0.0,1056448280.0,0.0,0.0,0.0,24.0,40.435944,0.0,84.12276,0.05,,,,,,,,0.0,0.0,569.1500000000001,265.88388658099996,44.427410783,136601312640.0,97810451952.0,29562729848.0,10.0,34.0,27.944384,24.093895999999997,84.118864,13.579,2037851.0,0.0,2037851.0,47.415385,0.0,,,113.482265498,3621.0,65.3,,,,,,,31.0,70.529504,26.267727999999998,76.19084,0.605,552504.0,,,,,0.0,2037851.0,47.035513205,448.0,457.2,362.4,417.6,400.5,69,57,67,63,0.966888,0.966888,1.029703,1.030779
1791342355.36,-,1,1.0,37.230000000000004,2.568048569,0.542777123,1197620160.0,591670152.0,118928464.0,10.0,36.0,37.283719999999995,29.665167999999998,85.997592,0.08,11499.0,0.0,,,,,,1.507342214,39.0,36.21,0.0,0.0,1057096552.0,0.0,0.0,0.0,24.0,40.435944,0.0,84.12404,0.05,,,,,,,,0.0,0.0,569.2,265.914130966,44.431472039,136628975056.0,97829833248.0,29568471456.0,10.0,34.0,56.255936,24.093895999999997,84.118864,13.579,2038263.0,0.0,2038263.0,47.652825,0.0,,,113.506101392,3623.0,65.32000000000001,,,,,,,31.0,75.772384,26.267727999999998,76.20153599999999,0.605,552916.0,,,,,0.0,2038263.0,47.073312787,450.0,457.2,362.4,417.6,400.5,69,57,67,63,0.966888,0.966888,1.029703,1.030779
1791342356.37,-,1,1.0,37.31,2.5999574560000003,0.550458649,1221828504.0,611035984.0,122960080.0,10.0,36.0,61.400968,29.665167999999998,86.069064,0.08,11909.0,0.0,,,,,,1.532466294,40.0,36.21,0.0,0.0,1057746032.0,0.0,0.0,0.0,24.0,41.484519999999996,0.0,84.12404,0.05,,,,,,,,0.0,0.0,569.25,265.946737649,44.434709224,136656335360.0,97849153448.0,29574195728.0,10.0,34.0,27.914568,24.110312,84.118864,13.582,2038673.0,0.0,2038673.0,47.889821,0.0,,,113.536991671,3624.0,65.35000000000001,,,,,,,31.0,28.101008,26.267727999999998,76.215616,0.607,553326.0,,,,,0.0,2038673.0,47.100838959,451.0,447.4,362.6,418.3,400.4,69,57,67,64,1.144656,1.144656,0.790307,0.791443
1791342357.38,-,1,1.0,37.7,2.752297509,0.561145519,1270827688.0,655591848.0,126559904.0,10.0,36.0,66.862912,29.1344,86.48427199999999,0.084,12729.0,0.0,,,,,,1.582995998,41.0,36.22,0.0,0.0,1058394488.0,0.0,0.0,0.0,24.0,42.533096,0.0,84.12404,0.05,,,,,,,,0.0,0.0,569.49,266.048098314,44.446938215,136713849712.0,97889906160.0,29586329504.0,10.0,34.0,32.602551999999996,24.110312,84.117072,13.585999999999999,2039493.0,0.0,2039493.0,48.402628,0.0,,,113.571251201,3626.0,65.37,,,,,,,31.0,38.586768,26.267727999999998,76.215616,0.607,554146.0,,,,,481.0,2039012.0,47.133526131,452.0,447.4,362.6,418.3,400.4,69,57,67,64,1.144656,1.144656,0.790307,0.791443
1791342358.39,-,1,1.0,40.49,3.550187182,0.609752348,1554832424.0,929828912.0,135129080.0,10.0,36.0,94.928016,29.1344,87.81927999999999,0.152,14980.0,3080.0,,,,,,1.72826841,43.0,36.22,0.0,0.0,1059042904.0,0.0,0.0,0.0,24.0,42.533096,0.0,84.12404,0.05,,,,,,,,0.0,0.0,570.69,266.698454767,44.528080349,137085353600.0,98181076912.0,29654786904.0,10.0,34.0,92.97599199999999,35.747672,84.118224,13.639,2044824.0,0.0,2044824.0,52.54917,0.0,,,113.706551823,3628.0,65.61,,,,,,,31.0,60.786808,26.267727999999998,76.15903999999999,0.613,556194.0,,,,,0.0,2041541.0,47.745884517,454.0,447.4,362.6,418.3,400.4,69,57,67,64,1.144656,1.144656,0.790307,0.791443
1791342359.41,-,1,1.0,41.400000000000006,3.61599646,0.766157435,1633443176.0,945410312.0,196932768.0,10.0,36.0,85.85433599999999,29.1344,87.57364799999999,0.161,18470.0,0.0,,,,,,2.424733427,47.0,36.230000000000004,0.0,0.0,1059691144.0,0.0,0.0,0.0,24.0,43.581672,0.0,84.12404,0.05,,,,,,,,0.0,0.0,570.7800000000001,266.72138910900003,44.549399608,137130018024.0,98181035920.0,29680011768.0,10.0,34.0,49.55892,43.069399999999995,84.118224,13.643,2045234.0,0.0,2045234.0,52.786173999999995,0.0,,,113.784875879,3630.0,65.72,,,,,,,31.0,43.385328,27.316864,76.176064,0.617,559887.0,,,,,0.0,2045234.0,47.978117264,457.0,471.4,362.1,460.3,400.3,70,57,67,64,9.233928,2.06868,0.991655,0.99273
1791342360.42,-,1,1.0,41.470000000000006,3.6465147599999996,0.773647212,1657918416.0,964831440.0,200967776.0,10.0,36.0,62.387783999999996,49.76164,87.074952,0.164,18880.0,1.0,,,,,,2.45756064,48.0,36.230000000000004,0.0,0.0,1060339512.0,0.0,0.0,0.0,24.0,43.581672,0.0,84.12404,0.05,,,,,,,,0.0,0.0,570.83,266.76247316499996,44.554596262,137157612720.0,98200396584.0,29685748040.0,10.0,34.0,77.87047199999999,43.069399999999995,84.118224,13.643,2045645.0,0.0,2045645.0,53.023413999999995,0.0,,,113.809034439,3632.0,65.74000000000001,,,,,,,31.0,48.628208,27.316864,76.18079999999999,0.617,560298.0,,,,,0.0,2045645.0,48.020029953,459.0,471.4,362.1,460.3,400.3,70,57,67,64,9.233928,2.06868,0.991655,0.99273
1791342361.43,-,1,1.0,41.56,3.6859966159999997,0.782563949,1682356280.0,984238752.0,205009944.0,10.0,36.0,87.553608,49.76164,87.141352,0.164,19291.0,0.0,,,,,,2.496394127,50.0,36.230000000000004,0.0,0.0,1060988424.0,0.0,0.0,0.0,24.0,44.630247999999995,0.0,84.12404,0.05,,,,,,,,0.0,0.0,570.89,266.812750097,44.558967125,137184914576.0,98219720000.0,29691469848.0,10.0,34.0,105.133448,43.069399999999995,84.118224,13.643,2046055.0,0.0,2046055.0,53.260427,0.0,,,113.825626066,3633.0,65.76,,,,,,,31.0,54.919664,27.316864,76.18284799999999,0.617,560708.0,,,,,0.0,2046055.0,48.05256241,460.0,471.4,362.1,460.3,400.3,70,57,67,64,9.233928,2.06868,0.991655,0.99273
1791342362.44,-,1,1.0,41.85,3.730123295,0.791773918,1706843992.0,1003611120.0,209044136.0,10.0,36.0,60.057255999999995,46.615911999999994,87.03468,0.167,19701.0,0.0,,,,,,2.529826945,51.0,36.230000000000004,0.0,0.0,1061636664.0,0.0,0.0,0.0,24.0,45.678824,0.0,84.12404,0.05,,,,,,,,0.0,0.0,570.96,266.85077994999995,44.565708828,137212271128.0,98239050648.0,29697193624.0,10.0,34.0,47.095479999999995,38.086832,84.118224,13.647,2046465.0,0.0,2046465.0,53.497403999999996,0.0,,,113.838688587,3634.0,65.78,,,,,,,31.0,60.162544,27.316864,76.208856,0.617,561118.0,,,,,0.0,2046465.0,48.079350333,461.0,471.9,361.6,461.1,401.6,69,57,67,64,0.555176,0.555176,0.809024,0.810058
1791342363.45,-,1,1.0,42.1,3.7704676370000003,0.800131167,1731260072.0,1022987904.0,213075688.0,10.0,36.0,84.174504,46.615911999999994,87.21877599999999,0.167,20111.0,0.0,,,,,,2.59026539,52.0,36.24,0.0,0.0,1062284936.0,0.0,0.0,0.0,24.0,45.678824,0.0,84.12404,0.05,,,,,,,,0.0,0.0,571.0400000000001,266.90635387000003,44.579075424,137239892696.0,98258383224.0,29702919744.0,10.0,34.0,74.35845599999999,38.086832,84.118224,13.647,2046875.0,0.0,2046875.0,53.734404,0.0,,,113.873406244,3636.0,65.79,,,,,,,31.0,66.454,27.316864,76.208856,0.617,561528.0,,,,,0.0,2046875.0,48.116706371,463.0,471.9,361.6,461.1,401.6,69,57,67,64,0.555176,0.555176,0.809024,0.810058
1791342364.47,-,1,1.0,42.230000000000004,3.8148039760000003,0.808131038,1755805392.0,1042457048.0,217134648.0,10.0,36.0,58.036823999999996,46.615911999999994,87.430392,0.17,20524.0,0.0,,,,,,2.62028427,53.0,36.24,0.0,0.0,1062933352.0,0.0,0.0,0.0,24.0,46.727399999999996,0.0,84.12404,0.05,,,,,,,,0.0,0.0,571.09,266.94260373400004,44.583726229,137267557672.0,98277815440.0,29708675424.0,10.0,34.0,102.670008,38.086832,84.119376,13.647,2047288.0,0.0,2047288.0,53.972086,0.0,,,113.895538318,3638.0,65.82000000000001,,,,,,,31.0,71.69688,27.316864,76.21512799999999,0.617,561941.0,,,,,0.0,2047288.0,48.160184513,465.0,471.9,361.6,461.1,401.6,69,57,67,64,0.555176,0.555176,0.809024,0.810058
1791342365.48,-,1,1.0,42.31,3.8514235660000002,0.815099708,1780297696.0,1061893048.0,221200512.0,10.0,36.0,83.202648,46.615911999999994,87.58704,0.17,20936.0,0.0,,,,,,2.646282575,55.0,36.25,0.0,0.0,1063581672.0,0.0,0.0,0.0,24.0,46.727399999999996,0.0,84.12404,0.05,,,,,,,,0.0,0.0,571.23,266.974196085,44.590021936,137295244352.0,98297192392.0,29714419512.0,10.0,34.0,44.378271999999996,35.584888,84.119376,13.649,2047700.0,0.0,2047700.0,54.209511,0.0,,,113.916377388,3640.0,65.83,,,,,,,31.0,77.98833599999999,27.316864,76.216664,0.617,562353.0,,,,,0.0,2047700.0,48.190112633,467.0,470.9,361.6,464.7,401.6,69,57,67,64,0.309432,0.309432,0.530996,0.532139
1791342366.5,-,1,1.0,42.38,3.8847277749999995,0.821809124,1804856816.0,1081272792.0,225348640.0,10.0,36.0,40.946616,35.111032,87.66331199999999,0.173,21346.0,0.0,,,,,,2.682067553,56.0,36.28,0.0,0.0,1064231152.0,0.0,0.0,0.0,24.0,47.775976,0.0,84.14375199999999,0.05,,,,,,,,0.0,0.0,571.2800000000001,267.013313951,44.596832025,137322561512.0,98316522872.0,29720143928.0,10.0,34.0,71.64124799999999,35.584888,84.119376,13.649,2048110.0,0.0,2048110.0,54.446511,0.0,,,113.934696804,3641.0,65.87,,,,,,,31.0,28.209376,26.222464,76.218328,0.62,562763.0,,,,,0.0,2048110.0,48.238647859,468.0,470.9,361.6,464.7,401.6,69,57,67,64,0.309432,0.309432,0.530996,0.532139
1791342367.51,-,1,1.0,42.440000000000005,3.923750523,0.828405024,1829361520.0,1100648672.0,229493720.0,10.0,36.0,65.063864,35.111032,87.701736,0.173,21756.0,0.0,,,,,,2.717232756,57.0,36.31,0.0,0.0,1064879632.0,0.0,0.0,0.0,24.0,48.824552,0.0,84.155784,0.05,,,,,,,,0.0,0.0,571.36,267.046128529,44.600778008,137349887376.0,98335845120.0,29725865288.0,10.0,34.0,99.9528,35.584888,84.136656,13.649,2048520.0,0.0,2048520.0,54.683502,0.0,,,113.943309362,3642.0,65.89,,,,,,,31.0,33.452256,26.222464,76.218328,0.62,563173.0,,,,,0.0,2048520.0,48.275012907,469.0,470.9,361.6,464.7,401.6,69,57,67,64,0.309432,0.309432,0.530996,0.532139
1791342368.52,-,1,1.0,42.46,3.9303686150000003,0.82926411,1830434248.0,1100726896.0,229504616.0,10.0,36.0,67.161016,35.111032,87.762776,0.173,21757.0,0.0,,,,,,3.159353363,58.0,36.32,0.0,0.0,1065528048.0,0.0,0.0,0.0,24.0,48.824552,0.0,84.155784,0.05,,,,,,,,0.0,0.0,571.4100000000001,267.07651890700004,44.601294963,137367714200.0,98352579360.0,29725879176.0,10.0,34.0,44.673192,35.584888,84.136656,13.652,2048521.0,410.0,2048521.0,54.68373,0.0,,,113.971193363,3643.0,65.92,,,,,,,31.0,34.500831999999996,26.222464,76.228056,0.62,563174.0,,,,,0.0,2048521.0,48.302991915,470.0,472.7,362.1,445.8,402.1,69,57,67,64,0.814336,0.814336,0.448033,0.448965
1791342369.53,-,1,1.0,42.75,4.016703731,0.845366258,1878329240.0,1139464208.0,237647936.0,10.0,36.0,48.424744,34.062456,87.870688,0.177,22577.0,0.0,,,,,,3.22705663,60.0,36.32,0.0,0.0,1066176392.0,0.0,0.0,0.0,24.0,49.873128,0.0,84.155784,0.05,,,,,,,,0.0,0.0,571.49,267.13675016,44.611137203,137404907112.0,98374550480.0,29737324952.0,10.0,34.0,81.373352,35.584888,84.136656,13.652,2049341.0,0.0,2049341.0,55.157720999999995,0.0,,,113.993020992,3645.0,65.93,,,,,,,31.0,44.986591999999995,26.222464,76.231856,0.62,563994.0,,,,,0.0,2049341.0,48.361508321,472.0,472.7,362.1,445.8,402.1,69,57,67,64,0.814336,0.814336,0.448033,0.448965
1791342370.54,-,1,1.0,42.830000000000005,4.057839717,0.851537311,1902790056.0,1158868488.0,241720768.0,10.0,36.0,72.541992,34.062456,87.919168,0.177,22987.0,1.0,,,,,,3.286028117,61.0,36.330000000000005,0.0,0.0,1066825064.0,0.0,0.0,0.0,24.0,50.921704,0.0,84.155784,0.05,,,,,,,,0.0,0.0,571.5300000000001,267.170219223,44.616505684,137432518688.0,98393915688.0,29743060392.0,10.0,34.0,108.63632799999999,35.584888,84.136656,13.652,2049752.0,0.0,2049752.0,55.394932,0.0,,,114.03347391,3647.0,65.96000000000001,,,,,,,31.0,50.229472,26.222464,76.273088,0.62,564405.0,,,,,0.0,2049752.0,48.397962457,474.0,471.1,361.6,446.7,403.1,69,57,67,64,1.301336,0.82632,1.350334,0.35295
1791342371.55,-,1,1.0,42.900000000000006,4.0914699290000005,0.860554644,1927232512.0,1178248600.0,245798656.0,10.0,36.0,96.65924,34.062456,88.04339999999999,0.177,23398.0,0.0,,,,,,3.319727846,63.0,36.410000000000004,0.0,0.0,1067473384.0,0.0,0.0,0.0,24.0,50.921704,0.0,84.18624799999999,0.05,,,,,,,,0.0,0.0,571.59,267.203410236,44.621454997,137459856336.0,98413240976.0,29748781688.0,10.0,34.0,53.570375999999996,28.259304,84.136656,13.654,2050162.0,0.0,2050162.0,55.631924,0.0,,,114.043542729,3648.0,66.02000000000001,,,,,,,31.0,55.472352,26.222464,78.223,0.62,564815.0,,,,,0.0,2050162.0,48.429000071,475.0,471.1,361.6,446.7,403.1,69,57,67,64,1.301336,0.82632,1.350334,0.35295
1791342372.55,-,1,1.0,43.14,4.135554166,0.869531416,1951845152.0,1197636472.0,249872240.0,10.0,36.0,57.283623999999996,34.062456,88.05655999999999,0.18,23808.0,0.0,,,,,,3.365905725,64.0,36.42,0.0,0.0,1068121728.0,0.0,0.0,0.0,24.0,51.970279999999995,0.0,84.18624799999999,0.05,,,,,,,,0.0,0.0,571.64,267.24136071699996,44.62636047,137487208312.0,98432584560.0,29754505944.0,10.0,34.0,81.881928,28.259304,84.136656,13.654,2050572.0,0.0,2050572.0,55.868919,0.0,,,114.065633128,3649.0,66.04,,,,,,,31.0,61.763808,26.222464,77.65309599999999,0.62,565225.0,,,,,0.0,2050572.0,48.524745514,476.0,471.1,361.6,446.7,403.1,69,57,67,64,1.301336,0.82632,1.350334,0.35295
1791342373.57,-,1,1.0,43.24,4.177043351,0.877858055,1976279440.0,1217013776.0,253945248.0,10.0,36.0,81.40087199999999,34.062456,88.170768,0.18,24218.0,0.0,,,,,,3.397151536,65.0,36.42,0.0,0.0,1068770048.0,0.0,0.0,0.0,24.0,53.018856,0.0,84.18624799999999,0.05,,,,,,,,0.0,0.0,571.7800000000001,267.275879228,44.632829373,137514636568.0,98451905944.0,29760229872.0,10.0,34.0,36.126928,28.259304,84.132432,13.657,2050982.0,0.0,2050982.0,56.105903999999995,0.0,,,114.104460491,3650.0,66.05,,,,,,,31.0,67.006688,26.222464,77.656584,0.62,565635.0,,,,,0.0,2050982.0,48.554267531,477.0,472.4,362.2,446.9,403.3,70,57,67,66,1.019024,1.019024,1.119318,1.120276
1791342374.57,-,1,1.0,43.31,4.206328474999999,0.886062082,2000846376.0,1236474232.0,258037768.0,10.0,36.0,42.417184,34.062456,88.236712,0.183,24631.0,0.0,,,,,,3.43002513,67.0,36.43,0.0,0.0,1069418224.0,0.0,0.0,0.0,24.0,53.018856,0.0,84.18624799999999,0.05,,,,,,,,0.0,0.0,571.83,267.309812304,44.637780115,137542321872.0,98471317992.0,29765984368.0,10.0,34.0,64.43848,28.259304,84.13332799999999,13.657,2051395.0,0.0,2051395.0,56.343578,0.0,,,114.137897365,3652.0,66.07000000000001,,,,,,,31.0,73.298144,26.222464,77.657352,0.62,566048.0,,,,,0.0,2051395.0,48.610330369,479.0,472.4,362.2,446.9,403.3,70,57,67,66,1.019024,1.019024,1.119318,1.120276
1791342375.58,-,1,1.0,43.39,4.2577803979999995,0.894031755,2025431872.0,1255914000.0,262199192.0,10.0,36.0,67.58300799999999,34.062456,88.26011199999999,0.183,25043.0,0.0,,,,,,3.47262876,69.0,36.43,0.0,0.0,1070066544.0,0.0,0.0,0.0,24.0,54.067432,0.0,84.18624799999999,0.05,,,,,,,,0.0,0.0,571.9000000000001,267.345750297,44.642953571,137570024928.0,98490726344.0,29771729856.0,10.0,34.0,32.991464,28.259304,84.13332799999999,13.66,2051807.0,0.0,2051807.0,56.581053999999995,0.0,,,114.156632609,3654.0,66.10000000000001,,,,,,,31.0,78.541024,26.222464,76.505864,0.62,566460.0,,,,,0.0,2051807.0,48.655709569,481.0,472.4,362.2,446.9,403.3,70,57,67,66,1.019024,1.019024,1.119318,1.120276
1791342376.59,-,1,1.0,43.46,4.2983676619999995,0.900964839,2049927120.0,1275281072.0,266343792.0,10.0,36.0,91.700256,34.062456,88.354176,0.183,25453.0,0.0,,,,,,3.51174083,70.0,36.43,0.0,0.0,1070715792.0,0.0,0.0,0.0,24.0,54.067432,0.0,84.18624799999999,0.05,,,,,,,,0.0,0.0,571.94,267.38699787300004,44.648355704,137597574464.0,98510046704.0,29777455368.0,10.0,34.0,61.303016,28.259304,84.13332799999999,13.66,2052217.0,0.0,2052217.0,56.818039999999996,0.0,,,114.18541991,3656.0,66.21000000000001,,,,,,,31.0,29.529072,26.222464,76.33498399999999,0.622,566870.0,,,,,0.0,2052217.0,48.711133019,483.0,471.7,362.4,426.7,402.1,69,57,67,64,0.32088,0.32088,1.000525,1.002734
1791342377.6,-,1,1.0,43.52,4.331063819000001,0.907556419,2074403064.0,1294656680.0,270417072.0,10.0,36.0,49.34468,32.037735999999995,88.39749599999999,0.185,25863.0,0.0,,,,,,3.538653353,71.0,36.440000000000005,0.0,0.0,1071364160.0,0.0,0.0,0.0,24.0,55.116008,0.0,84.18624799999999,0.05,,,,,,,,0.0,0.0,571.99,267.423786125,44.652708676,137624911216.0,98529370080.0,29783179368.0,10.0,34.0,88.565992,28.259304,84.13332799999999,13.66,2052627.0,0.0,2052627.0,57.055028,0.0,,,114.197713512,3657.0,66.23,,,,,,,31.0,34.771952,26.222464,76.338448,0.622,567280.0,,,,,0.0,2052627.0,48.737631747,484.0,471.7,362.4,426.7,402.1,69,57,67,64,0.32088,0.32088,1.000525,1.002734
1791342378.62,-,1,1.0,43.580000000000005,4.3695188620000005,0.914066524,2098869704.0,1314063408.0,274493320.0,10.0,36.0,73.461928,32.037735999999995,88.46748,0.185,26274.0,0.0,,,,,,3.567852327,72.0,36.440000000000005,0.0,0.0,1072012480.0,0.0,0.0,0.0,24.0,56.164584,0.0,84.18624799999999,0.05,,,,,,,,0.0,0.0,572.0600000000001,267.462632804,44.657297005,137652471784.0,98548733336.0,29788914280.0,10.0,34.0,52.786728,27.245815999999998,84.13332799999999,13.663,2053038.0,0.0,2053038.0,57.292249999999996,0.0,,,114.227343502,3659.0,66.25,,,,,,,31.0,40.014832,26.222464,76.366424,0.622,567691.0,,,,,0.0,2053038.0,48.771566949,486.0,471.7,362.4,426.7,402.1,69,57,67,64,0.32088,0.32088,1.000525,1.002734
1791342379.63,-,1,1.0,43.78,4.407836664,0.922207233,2123403184.0,1333435256.0,278567128.0,10.0,36.0,36.289,32.037735999999995,78.07811199999999,0.188,26684.0,0.0,,,,,,3.60553848,73.0,36.45,0.0,0.0,1072660704.0,0.0,0.0,0.0,24.0,56.164584,0.0,84.18624799999999,0.05,,,,,,,,0.0,0.0,572.1,267.492820038,44.663182574,137679749024.0,98568054496.0,29794636008.0,10.0,34.0,80.04970399999999,27.245815999999998,84.13332799999999,13.663,2053448.0,0.0,2053448.0,57.529253999999995,0.0,,,114.238517971,3660.0,66.27000000000001,,,,,,,31.0,45.257712,26.222464,76.3686,0.622,568101.0,,,,,0.0,2053448.0,48.798866681,487.0,471.9,361.9,427.1,403.1,70,57,67,64,0.698224,0.698224,0.754465,0.75539
1791342380.64,-,1,1.0,43.82,4.438663028,0.929076474,2147946328.0,1352921520.0,282640440.0,10.0,36.0,60.406248,32.037735999999995,78.125112,0.188,27094.0,1.0,,,,,,3.641624311,74.0,36.45,0.0,0.0,1073309024.0,0.0,0.0,0.0,24.0,57.213159999999995,0.0,84.18624799999999,0.05,,,,,,,,0.0,0.0,572.25,267.535773218,44.668761022,137707542576.0,98587504520.0,29800371840.0,10.0,34.0,46.644272,27.245815999999998,84.127056,13.667,2053859.0,0.0,2053859.0,57.76647,0.0,,,114.259965693,3662.0,66.29,,,,,,,31.0,51.549167999999995,26.222464,76.369056,0.622,568512.0,,,,,0.0,2053859.0,48.845733345,489.0,471.9,361.9,427.1,403.1,70,57,67,64,0.698224,0.698224,0.754465,0.75539
1791342381.65,-,1,1.0,43.92,4.485950441,0.940311845,2172428352.0,1372338104.0,286722144.0,10.0,36.0,84.523496,32.037735999999995,78.196432,0.188,27505.0,0.0,,,,,,3.690039136,76.0,36.45,0.0,0.0,1073957248.0,0.0,0.0,0.0,24.0,58.261736,0.0,84.18624799999999,0.05,,,,,,,,0.0,0.0,572.3100000000001,267.58012680999997,44.673238808,137734900496.0,98606864296.0,29806096528.0,10.0,34.0,73.907248,27.245815999999998,84.127056,13.667,2054269.0,0.0,2054269.0,58.003482999999996,0.0,,,114.274898658,3663.0,66.31,,,,,,,31.0,56.792047999999994,26.222464,76.374152,0.622,568922.0,,,,,0.0,2054269.0,48.886723054,490.0,471.9,361.9,427.1,403.1,70,57,67,64,0.698224,0.698224,0.754465,0.75539
1791342382.66,장애 crash app,1,1.0,44.0,4.528418725000001,0.949293748,2196885872.0,1391709776.0,290792648.0,10.0,36.0,45.446439999999996,32.037735999999995,78.34062399999999,0.191,27915.0,0.0,,,,,,3.719014987,77.0,36.47,0.0,0.0,1074605392.0,0.0,0.0,0.0,24.0,58.261736,0.0,84.18624799999999,0.05,,,,,,,,0.0,0.0,572.37,267.62157657299997,44.678989025,137762216928.0,98626194896.0,29811821040.0,10.0,34.0,44.65296,27.245815999999998,84.127056,13.67,2054679.0,0.0,2054679.0,58.240491999999996,0.0,,,114.324970992,3664.0,,,,,,,,,,,,,,,,,,,,,,465.9,361.7,419.6,401.9,69,57,67,64,0.494016,0.494016,0.622061,0.623481
1791342383.66,장애 crash app,1,1.0,44.07,4.575756740999999,0.96242051,2221316120.0,1411083336.0,294865776.0,10.0,36.0,70.612264,32.037735999999995,78.362496,0.191,28325.0,0.0,,,,,,3.757025095,78.0,36.47,0.0,0.0,1075253728.0,0.0,0.0,0.0,24.0,59.310311999999996,0.0,84.18624799999999,0.05,,,,,,,,0.0,0.0,572.4200000000001,267.66188630299996,44.683934752,137788008624.0,98645514616.0,29817542368.0,10.0,34.0,69.818784,27.245815999999998,84.127056,13.67,2055089.0,0.0,2055089.0,58.477491,0.0,,,114.33666405,3665.0,,,,,,,,,,,,,,,,,,,,,,465.9,361.7,419.6,401.9,69,57,67,64,0.494016,0.494016,0.622061,0.623481
1791342384.66,장애 crash app,1,1.0,44.230000000000004,4.6391756310000005,0.9763844,2245853424.0,1430543992.0,298958800.0,10.0,36.0,94.729512,32.037735999999995,78.405784,0.191,28738.0,0.0,,,,,,3.800911756,80.0,36.49,0.0,0.0,1075902376.0,0.0,0.0,0.0,24.0,59.310311999999996,0.0,84.190984,0.052,,,,,,,,0.0,0.0,572.51,267.712065647,44.695115101,137813943800.0,98664916888.0,29823297608.0,10.0,34.0,37.527704,26.187448,84.127056,13.677,2055502.0,0.0,2055502.0,58.71516,0.0,,,114.380983026,3668.0,,,,,,,,,,,,,,,,,,,,,,465.9,362.2,420.7,185.4,69,57,67,34,0.064864,0.64972,0.698656,3.710777
1791342385.67,장애 crash app,1,1.0,44.330000000000005,4.687639031,0.983824098,2270492240.0,1450008152.0,303119072.0,10.0,36.0,51.535272,30.310032,78.462976,0.195,29150.0,0.0,,,,,,3.839696998,82.0,36.5,0.0,0.0,1076581056.0,0.0,0.0,0.0,24.0,26.804368,0.0,84.194312,0.052,,,,,,,,0.0,0.0,572.57,267.75780999799997,44.702671113,137839854000.0,98684331024.0,29829043056.0,10.0,34.0,63.742104,26.187448,84.127056,13.677,2055914.0,0.0,2055914.0,58.952599,0.0,,,114.409342962,3670.0,,,,,,,,,,,,,,,,,,,,,,465.9,362.2,420.7,185.4,69,57,67,34,0.064864,0.64972,0.698656,3.710777
1791342386.69,장애 crash app,1,1.0,44.46,4.753346166,0.995162036,2294988024.0,1469375368.0,307263816.0,10.0,36.0,76.70109599999999,30.310032,78.522528,0.195,29560.0,0.0,,,,,,3.887541037,83.0,36.510000000000005,0.0,0.0,1077230432.0,0.0,0.0,0.0,24.0,27.852943999999997,0.0,84.194312,0.052,,,,,,,,0.0,0.0,572.77,267.81486612199996,44.712317814,137865755000.0,98703675808.0,29834768544.0,10.0,34.0,33.99476,26.187448,84.120272,13.681,2056324.0,0.0,2056324.0,59.189578,0.0,,,114.434677259,3672.0,,,,,,,,,,,,,,,,,,,,,,465.9,362.2,420.7,185.4,69,57,67,34,0.064864,0.64972,0.698656,3.710777
1791342387.7,장애 crash app,1,1.0,44.7,4.8055853850000005,1.012134689,2319530568.0,1488769336.0,311337448.0,10.0,36.0,37.824304,30.310032,78.484408,0.199,29970.0,0.0,,,,,,3.937759807,84.0,36.510000000000005,0.0,0.0,1077878912.0,0.0,0.0,0.0,24.0,27.852943999999997,0.0,84.194312,0.052,,,,,,,,0.0,0.0,572.9200000000001,267.86535705299997,44.721800448,137898085392.0,98722991208.0,29840492808.0,10.0,34.0,69.646344,26.187448,84.152784,13.681,2056734.0,0.0,2056734.0,59.426565999999994,0.0,,,114.469640614,3673.0,24.860000000000003,,,,,,,32.0,53.673472,0.0,82.431232,0.01,2048.0,,,,,2465.0,2054269.0,0.0,0.0,465.9,361.7,419.8,336.7,69,57,67,72,0.856392,0.856392,0.648386,6.652829
1791342388.7,장애 crash app,1,1.0,44.78,4.855382753,1.017816184,2344004072.0,1508180192.0,315416424.0,10.0,36.0,61.941551999999994,30.310032,78.56153599999999,0.199,30381.0,0.0,,,,,,3.964856885,85.0,36.56,0.0,0.0,1078527088.0,0.0,0.0,0.0,24.0,28.901519999999998,0.0,84.210568,0.052,,,,,,,,0.0,0.0,573.01,267.91736064400004,44.727205929,137927055296.0,98742354016.0,29846227096.0,10.0,34.0,34.23128,26.187448,84.155728,13.684,2057145.0,0.0,2057145.0,59.663796,0.0,,,114.492540998,3674.0,25.330000000000002,,,,,,,32.0,37.156624,0.0,83.3468,0.014,2876.0,,,,,0.0,2057145.0,0.584883964,3.0,465.9,361.7,419.8,336.7,69,57,67,72,0.856392,0.856392,0.648386,6.652829
1791342389.71,장애 crash app,1,1.0,44.86,4.896862281000001,1.024013596,2368511208.0,1527555976.0,319561984.0,10.0,36.0,86.05879999999999,30.310032,78.753104,0.199,30791.0,0.0,,,,,,3.998429173,86.0,36.56,0.0,0.0,1079175424.0,0.0,0.0,0.0,24.0,29.950096,0.0,84.210568,0.052,,,,,,,,0.0,0.0,573.0500000000001,267.94464947999995,44.731279796,137954351832.0,98761682952.0,29851951736.0,10.0,34.0,61.494256,26.187448,84.155728,13.684,2057555.0,0.0,2057555.0,59.900802,0.0,,,114.503622615,3675.0,25.470000000000002,,,,,,,32.0,41.350927999999996,0.0,82.440224,0.014,3286.0,,,,,0.0,2057555.0,0.626925545,4.0,465.9,361.7,419.8,336.7,69,57,67,72,0.856392,0.856392,0.648386,6.652829
1791342390.72,장애 crash app,1,1.0,44.93,4.937421404,1.031812699,2393039952.0,1546923008.0,323709504.0,10.0,36.0,47.576848,30.310032,78.805968,0.202,31201.0,0.0,,,,,,4.039038057,87.0,36.57,0.0,0.0,1079823624.0,0.0,0.0,0.0,24.0,29.950096,0.0,84.210568,0.052,,,,,,,,0.0,0.0,573.12,267.983069684,44.737053192,137981710112.0,98781033368.0,29857672720.0,10.0,34.0,32.52268,26.187448,84.157136,13.687,2057965.0,2.0,2057965.0,60.137783999999996,0.0,,,114.545280094,3676.0,25.57,,,,,,,32.0,47.642384,0.0,82.703728,0.014,3696.0,,,,,0.0,2057965.0,0.672478925,5.0,466.5,362.7,421.3,341.2,69,57,68,68,0.929504,1.479648,0.401976,0.402798
1791342391.72,-,1,1.0,45.0,4.9813169,1.040728926,2417535608.0,1566354432.0,327790104.0,10.0,36.0,72.742672,30.310032,78.847824,0.202,31612.0,0.0,,,,,,4.073873619,89.0,36.57,0.0,0.0,1080471960.0,0.0,0.0,0.0,24.0,30.998672,0.0,84.210568,0.052,,,,,,,,0.0,0.0,573.1800000000001,268.025989897,44.742739304,138009365440.0,98800387600.0,29863408544.0,10.0,34.0,60.834232,26.187448,84.157136,13.687,2058376.0,0.0,2058376.0,60.375006,0.0,,,114.571966451,3678.0,25.73,,,,,,,31.0,52.885264,0.0,82.931568,0.014,4107.0,,,,,0.0,2058376.0,0.728981616,7.0,466.5,362.7,421.3,341.2,69,57,68,68,0.929504,1.479648,0.401976,0.402798
1791342392.74,-,1,1.0,45.09,5.011138406,1.047008774,2441997792.0,1585729240.0,331862824.0,10.0,36.0,34.851096,29.784951999999997,78.910952,0.205,32022.0,0.0,,,,,,4.102950716,90.0,36.57,0.0,0.0,1081120136.0,0.0,0.0,0.0,24.0,32.047247999999996,0.0,84.210568,0.052,,,,,,,,0.0,0.0,573.32,268.055169711,44.749178857,138036787336.0,98819706744.0,29869132176.0,10.0,34.0,32.549496,26.187448,84.157136,13.69,2058786.0,0.0,2058786.0,60.611971999999994,0.0,,,114.592118029,3679.0,25.930000000000003,,,,,,,31.0,29.795792,0.0,83.11836,0.017,4517.0,,,,,0.0,2058786.0,0.770536596,8.0,466.5,362.7,421.3,341.2,69,57,68,68,0.929504,1.479648,0.401976,0.402798
1791342393.75,-,1,1.0,45.160000000000004,5.045081249000001,1.053371173,2466421256.0,1605104584.0,335933592.0,10.0,36.0,58.968343999999995,29.784951999999997,80.16855199999999,0.205,32432.0,0.0,,,,,,4.138476929,91.0,36.580000000000005,0.0,0.0,1081768312.0,0.0,0.0,0.0,24.0,33.095824,0.0,84.210568,0.052,,,,,,,,0.0,0.0,573.36,268.08839640400004,44.75449797,138064062272.0,98839031944.0,29874853736.0,10.0,34.0,59.812472,26.187448,84.15803199999999,13.69,2059196.0,0.0,2059196.0,60.848979,0.0,,,114.605207825,3680.0,26.0,,,,,,,31.0,35.038672,0.0,83.32201599999999,0.017,4927.0,,,,,0.0,2059196.0,0.834647891,9.0,465.4,362.5,421.4,342.3,69,57,67,65,1.203336,1.203336,0.230347,0.231429
1791342394.76,-,1,1.0,45.24,5.0897000960000005,1.060798308,2490950008.0,1624568544.0,340022096.0,10.0,36.0,84.134168,29.784951999999997,79.20792,0.205,32844.0,1.0,,,,,,4.186923499,93.0,36.580000000000005,0.0,0.0,1082416584.0,0.0,0.0,0.0,24.0,33.095824,0.0,84.21235999999999,0.052,,,,,,,,0.0,0.0,573.4300000000001,268.12613750900005,44.760227882,138091968104.0,98858458944.0,29880589088.0,10.0,34.0,32.687208,26.187448,84.15803199999999,13.692,2059609.0,0.0,2059609.0,61.086679,0.0,,,114.646381163,3682.0,26.1,,,,,,,31.0,40.281552,0.0,83.574952,0.017,5340.0,,,,,0.0,2059609.0,0.88323669,12.0,465.4,362.5,421.4,342.3,69,57,67,65,1.203336,1.203336,0.230347,0.231429
1791342395.77,-,1,1.0,45.510000000000005,5.136205772,1.070375312,2515574392.0,1644030344.0,344117712.0,10.0,36.0,45.235696,29.784951999999997,79.046832,0.208,33257.0,0.0,,,,,,4.237079503,97.0,36.59,0.0,0.0,1083064808.0,0.0,0.0,0.0,24.0,33.095824,0.0,84.21235999999999,0.052,,,,,,,,0.0,0.0,573.47,268.16116003400003,44.766005222,138119712176.0,98877839848.0,29886342720.0,10.0,34.0,60.99876,26.187448,84.15803199999999,13.692,2060020.0,1.0,2060020.0,61.323899,0.0,,,114.678091523,3685.0,26.19,,,,,,,31.0,45.524432,0.0,83.8222,0.017,5752.0,,,,,0.0,2060021.0,0.938850098,15.0,465.4,362.5,421.4,342.3,69,57,67,65,1.203336,1.203336,0.230347,0.231429
1791342396.78,-,1,1.0,45.57,5.175618726,1.079209046,2540047064.0,1663440824.0,348191464.0,10.0,36.0,69.352944,29.784951999999997,79.128256,0.208,33667.0,0.0,,,,,,4.272025151,98.0,36.6,0.0,0.0,1083714152.0,0.0,0.0,0.0,24.0,33.095824,0.0,84.21235999999999,0.052,,,,,,,,0.0,0.0,573.5300000000001,268.196999207,44.770204173,138147409544.0,98897203568.0,29892077136.0,10.0,34.0,31.428288,25.237688,84.15803199999999,13.693999999999999,2060431.0,0.0,2060431.0,61.561138,0.0,,,114.697829562,3687.0,26.28,,,,,,,31.0,51.815888,0.0,83.8964,0.017,6162.0,,,,,0.0,2060431.0,0.981600075,16.0,461.7,361.7,423.1,343.9,69,57,67,65,0.6578,0.479032,1.043399,1.04457
1791342397.79,-,1,1.0,45.790000000000006,5.212542022000001,1.086603517,2564501128.0,1682816168.0,352263280.0,10.0,36.0,34.078064,29.784951999999997,79.29772,0.211,34077.0,0.0,,,,,,4.303604484,99.0,36.6,0.0,0.0,1084362368.0,0.0,0.0,0.0,24.0,34.1444,0.0,84.21235999999999,0.052,,,,,,,,0.0,0.0,573.57,268.22229863900003,44.774457683,138174754928.0,98916523384.0,29897798728.0,10.0,34.0,59.739839999999994,25.237688,84.15803199999999,13.693999999999999,2060841.0,0.0,2060841.0,61.798137,0.0,,,114.707512522,3688.0,26.5,,,,,,,31.0,57.058768,0.0,84.147896,0.017,6572.0,,,,,0.0,2060841.0,1.011312203,17.0,461.7,361.7,423.1,343.9,69,57,67,65,0.6578,0.479032,1.043399,1.04457
1791342398.8,-,1,1.0,46.040000000000006,5.255790684000001,1.092943822,2589007424.0,1702223600.0,356373296.0,10.0,36.0,58.195311999999994,29.784951999999997,79.43211199999999,0.211,34488.0,0.0,,,,,,4.429256531,100.0,36.61,0.0,0.0,1085010528.0,0.0,0.0,0.0,24.0,35.192976,0.0,84.21235999999999,0.052,,,,,,,,0.0,0.0,573.72,268.256273911,44.779921889,138202496096.0,98935905312.0,29903534752.0,10.0,34.0,31.654087999999998,24.191176,84.1396,13.698,2061252.0,0.0,2061252.0,62.035363,0.0,,,114.749042395,3690.0,26.630000000000003,,,,,,,31.0,33.031552,0.0,84.406936,0.019,6983.0,,,,,0.0,2061252.0,1.181114751,19.0,461.7,361.7,423.1,343.9,69,57,67,65,0.6578,0.479032,1.043399,1.04457
1791342399.81,-,1,1.0,46.1,5.2995292890000005,1.09999679,2613471728.0,1721610760.0,360475184.0,10.0,36.0,82.31255999999999,29.784951999999997,79.45728799999999,0.211,34898.0,0.0,,,,,,4.461890979,101.0,36.61,0.0,0.0,1085658800.0,0.0,0.0,0.0,24.0,35.192976,0.0,84.21235999999999,0.052,,,,,,,,0.0,0.0,573.75,268.281457176,44.785146572,138229786376.0,98955223768.0,29909256296.0,10.0,34.0,57.868488,24.191176,84.1396,13.698,2061662.0,0.0,2061662.0,62.272365,0.0,,,114.76334389,3691.0,26.75,,,,,,,31.0,37.225856,0.0,84.69050399999999,0.019,7393.0,,,,,0.0,2061662.0,1.227286855,20.0,461.8,361.7,417.4,351.9,69,57,67,65,0.311136,0.311136,0.818815,0.819934
1791342400.82,-,1,1.0,46.17,5.3339710700000005,1.10646224,2637926960.0,1740987960.0,364548520.0,10.0,36.0,46.184672,29.803632,79.468784,0.214,35308.0,0.0,,,,,,4.490714025,102.0,36.61,0.0,0.0,1086306960.0,0.0,0.0,0.0,24.0,36.241552,0.0,84.21235999999999,0.052,,,,,,,,0.0,0.0,573.8000000000001,268.308986146,44.788908699,138257199600.0,98974580528.0,29914980344.0,10.0,34.0,31.209808,24.191176,84.1396,13.7,2062072.0,2.0,2062072.0,62.509356,0.0,,,114.777887736,3692.0,27.110000000000003,,,,,,,31.0,43.517312,0.0,85.040256,0.019,7803.0,,,,,0.0,2062072.0,1.266432579,21.0,461.8,361.7,417.4,351.9,69,57,67,65,0.311136,0.311136,0.818815,0.819934
1791342401.83,-,1,1.0,46.25,5.3881912089999995,1.11404523,2662386336.0,1760394512.0,368626152.0,10.0,36.0,71.35049599999999,29.803632,79.49376,0.214,35719.0,0.0,,,,,,4.527035842,104.0,36.620000000000005,0.0,0.0,1086955136.0,0.0,0.0,0.0,24.0,37.290127999999996,0.0,84.21235999999999,0.052,,,,,,,,0.0,0.0,573.9200000000001,268.346618129,44.794208921,138284877816.0,98993943520.0,29920716192.0,10.0,34.0,59.521359999999994,24.191176,84.16328,13.7,2062483.0,0.0,2062483.0,62.746581,0.0,,,114.793170069,3694.0,27.14,,,,,,,31.0,48.760191999999996,0.0,85.095216,0.019,8214.0,,,,,0.0,2062483.0,1.305804957,23.0,461.0,362.0,417.7,356.3,69,57,67,65,0.482448,0.482448,0.668886,0.670107
1791342402.84,-,1,1.0,46.470000000000006,5.429308926,1.123696171,2686894432.0,1779765712.0,372699400.0,10.0,36.0,35.751599999999996,29.803632,79.131,0.217,36129.0,0.0,,,,,,4.574542158,105.0,36.620000000000005,0.0,0.0,1087603456.0,0.0,0.0,0.0,24.0,37.290127999999996,0.0,84.21235999999999,0.052,,,,,,,,0.0,0.0,573.98,268.379384595,44.79962051,138312163424.0,99013265504.0,29926437256.0,10.0,34.0,33.087616,24.135728,84.16328,13.702,2062893.0,0.0,2062893.0,62.983560999999995,0.0,,,114.806314917,3695.0,27.200000000000003,,,,,,,31.0,54.003071999999996,0.0,84.55912,0.019,8624.0,,,,,0.0,2062893.0,1.348266889,24.0,461.0,362.0,417.7,356.3,69,57,67,65,0.482448,0.482448,0.668886,0.670107
1791342403.84,-,1,1.0,46.6,5.460002991,1.13018701,2711329264.0,1799151376.0,376773464.0,10.0,36.0,58.820271999999996,29.803632,79.197856,0.217,36539.0,0.0,,,,,,4.604198591,106.0,36.620000000000005,0.0,0.0,1088251608.0,0.0,0.0,0.0,24.0,38.338704,0.0,84.213128,0.052,,,,,,,,0.0,0.0,574.01,268.407119355,44.804525442,138339441536.0,99032583704.0,29932161848.0,10.0,34.0,60.350592,24.135728,84.16328,13.702,2063303.0,0.0,2063303.0,63.220566999999996,0.0,,,114.816527398,3696.0,27.240000000000002,,,,,,,31.0,60.294528,0.0,84.606736,0.019,9034.0,,,,,0.0,2063303.0,1.37706329,25.0,461.0,362.0,417.7,356.3,69,57,67,65,0.482448,0.482448,0.668886,0.670107
1791342404.85,-,1,1.0,46.74,5.506912798,1.137124254,2735861456.0,1818620856.0,380860768.0,10.0,36.0,83.98609599999999,29.803632,79.298328,0.217,36951.0,1.0,,,,,,4.632834665,108.0,36.63,0.0,0.0,1088899784.0,0.0,0.0,0.0,24.0,38.338704,0.0,84.213128,0.052,,,,,,,,0.0,0.0,574.1500000000001,268.435291998,44.812486815,138367490640.0,99051998688.0,29937915632.0,10.0,34.0,33.984776,24.135728,84.162256,13.705,2063716.0,0.0,2063716.0,63.458231999999995,0.0,,,114.843277451,3699.0,27.290000000000003,,,,,,,31.0,33.848504,0.0,84.652928,0.022,9447.0,,,,,0.0,2063716.0,1.415955591,28.0,460.7,362.2,418.0,355.5,69,57,67,64,0.78548,0.78548,0.376342,0.377346
1791342405.86,-,1,1.0,46.82,5.540332257999999,1.145971635,2760493248.0,1838078208.0,385030704.0,10.0,36.0,47.155359999999995,29.803632,79.311064,0.219,37364.0,0.0,,,,,,4.676353823,112.0,36.63,0.0,0.0,1089548152.0,0.0,0.0,0.0,24.0,39.38728,0.0,84.213128,0.052,,,,,,,,0.0,0.0,574.2,268.47100102400003,44.81883084,138395192792.0,99071402208.0,29943649880.0,10.0,34.0,62.296327999999995,24.135728,84.162256,13.705,2064127.0,1.0,2064127.0,63.695445,0.0,,,114.866459609,3701.0,27.340000000000003,,,,,,,31.0,38.042808,0.0,84.741328,0.022,9858.0,,,,,0.0,2064127.0,1.459598401,30.0,460.7,362.2,418.0,355.5,69,57,67,64,0.78548,0.78548,0.376342,0.377346
1791342406.87,-,1,1.0,46.870000000000005,5.576520334,1.152344989,2784981096.0,1857452832.0,389168728.0,10.0,36.0,72.321184,29.803632,79.334392,0.219,37774.0,0.0,,,,,,4.712633612,113.0,36.64,0.0,0.0,1090197392.0,0.0,0.0,0.0,24.0,40.435856,0.0,84.21543199999999,0.052,,,,,,,,0.0,0.0,574.26,268.502682049,44.825626422,138422862256.0,99090726768.0,29949381496.0,10.0,34.0,36.671752,24.135728,84.162256,13.708,2064538.0,0.0,2064538.0,63.932672999999994,0.0,,,114.88665715,3703.0,27.41,,,,,,,31.0,44.334264,0.0,84.91311999999999,0.022,10269.0,,,,,0.0,2064538.0,1.503051618,32.0,460.7,362.2,418.0,355.5,69,57,67,64,0.78548,0.78548,0.376342,0.377346
1791342407.88,-,1,1.0,46.93,5.607824582,1.15822146,2809472920.0,1876835880.0,393273016.0,10.0,36.0,36.06116,29.40944,79.351992,0.222,38184.0,0.0,,,,,,4.745901647,114.0,36.64,0.0,0.0,1090845664.0,0.0,0.0,0.0,24.0,40.435856,0.0,84.21543199999999,0.052,,,,,,,,0.0,0.0,574.2900000000001,268.534493556,44.828641414,138450127680.0,99110045920.0,29955105792.0,10.0,34.0,64.983304,24.135728,84.162256,13.708,2064948.0,0.0,2064948.0,64.16967799999999,0.0,,,114.894913138,3704.0,27.470000000000002,,,,,,,31.0,49.577144,0.0,85.040944,0.022,10679.0,,,,,0.0,2064948.0,1.537877116,33.0,462.0,362.5,423.6,355.5,69,57,67,65,0.667456,0.667456,1.045733,1.04657
1791342408.9,-,1,1.0,47.0,5.658803128,1.167017596,2834041848.0,1896274944.0,397427696.0,10.0,36.0,61.226983999999995,29.40944,79.372472,0.222,38595.0,0.0,,,,,,4.789538343,116.0,36.660000000000004,0.0,0.0,1091493840.0,0.0,0.0,0.0,24.0,41.484432,0.0,84.222984,0.052,,,,,,,,0.0,0.0,574.36,268.574715616,44.835802905,138477758880.0,99129417552.0,29960839784.0,10.0,34.0,33.973383999999996,24.139855999999998,84.162256,13.711,2065359.0,0.0,2065359.0,64.40687799999999,0.0,,,114.93741668,3706.0,27.69,,,,,,,31.0,54.820024,0.0,85.185424,0.022,11090.0,,,,,0.0,2065359.0,1.59083293,35.0,462.0,362.5,423.6,355.5,69,57,67,65,0.667456,0.667456,1.045733,1.04657
1791342409.91,-,1,1.0,47.050000000000004,5.6913506,1.1734447,2858536192.0,1915649040.0,401572720.0,10.0,36.0,85.34423199999999,29.40944,79.37324,0.222,39005.0,0.0,,,,,,4.823262773,117.0,36.660000000000004,0.0,0.0,1092142112.0,0.0,0.0,0.0,24.0,41.484432,0.0,84.222984,0.052,,,,,,,,0.0,0.0,574.4100000000001,268.609392914,44.839345386,138505068200.0,99148745336.0,29966563888.0,10.0,34.0,61.23636,24.139855999999998,84.162256,13.711,2065769.0,0.0,2065769.0,64.643875,0.0,,,114.954055145,3707.0,27.71,,,,,,,31.0,61.11148,0.0,85.25532,0.022,11500.0,,,,,0.0,2065769.0,1.625317057,36.0,462.0,362.5,423.6,355.5,69,57,67,65,0.667456,0.667456,1.045733,1.04657
1791342410.92,-,1,1.0,47.410000000000004,5.741727252,1.180686542,2883016144.0,1935012520.0,405626768.0,10.0,36.0,48.739855999999996,29.40944,79.348232,0.226,39415.0,0.0,,,,,,4.85500943,118.0,36.660000000000004,0.0,0.0,1092790880.0,0.0,0.0,0.0,24.0,42.533007999999995,0.0,84.222984,0.052,,,,,,,,0.0,0.0,574.5600000000001,268.641627403,44.846194566,138532931552.0,99168216344.0,29972300104.0,10.0,34.0,31.5228,24.139855999999998,84.14855999999999,13.714,2066180.0,0.0,2066180.0,64.881092,0.0,,,114.982519573,3709.0,27.790000000000003,,,,,,,31.0,32.20308,0.0,85.329,0.03,11911.0,,,,,0.0,2066180.0,1.688569892,38.0,461.3,361.7,426.7,356.4,69,57,67,64,0.664832,0.664832,0.956906,0.957725
1791342411.92,-,1,1.0,47.46,5.781404578,1.187466019,2907503880.0,1954522264.0,409629624.0,10.0,36.0,72.85710399999999,29.40944,79.37128,0.226,39826.0,0.0,,,,,,4.885817651,120.0,36.690000000000005,0.0,0.0,1093439080.0,0.0,0.0,0.0,24.0,43.581584,0.0,84.239368,0.052,,,,,,,,0.0,0.0,574.6,268.667411084,44.850224152,138560270208.0,99187539224.0,29978021264.0,10.0,34.0,58.785776,24.139855999999998,84.14855999999999,13.714,2066590.0,0.0,2066590.0,65.118093,0.0,,,114.991285056,3710.0,27.87,,,,,,,31.0,37.44596,0.0,85.470232,0.03,12321.0,,,,,0.0,2066590.0,1.722694032,39.0,461.3,361.7,426.7,356.4,69,57,67,64,0.664832,0.664832,0.956906,0.957725
1791342412.93,-,1,1.0,47.53,5.817676419,1.194483487,2931885896.0,1973903544.0,413625080.0,10.0,36.0,36.065248,29.40944,79.37924,0.229,40236.0,0.0,,,,,,4.914366666,121.0,36.7,0.0,0.0,1094087352.0,0.0,0.0,0.0,24.0,43.581584,0.0,84.239368,0.052,,,,,,,,0.0,0.0,574.6500000000001,268.69650242299997,44.854819716,138587601488.0,99206859744.0,29983745688.0,10.0,34.0,31.963479999999997,24.139855999999998,84.14855999999999,13.717,2067000.0,0.0,2067000.0,65.35509499999999,0.0,,,115.001270722,3711.0,27.92,,,,,,,31.0,42.68884,0.0,85.627,0.03,12731.0,,,,,0.0,2067000.0,1.752465431,40.0,462.4,362.0,418.9,356.3,69,57,67,64,0.78708,0.78708,0.679222,0.680199
1791342413.93,-,1,1.0,47.580000000000005,5.848897044,1.19985333,2956228984.0,1993278360.0,417618072.0,10.0,36.0,60.182496,29.40944,79.39629599999999,0.229,40646.0,0.0,,,,,,4.941257357,122.0,36.7,0.0,0.0,1094735624.0,0.0,0.0,0.0,24.0,44.63016,0.0,84.24013599999999,0.052,,,,,,,,0.0,0.0,574.69,268.728784923,44.858580494,138614898808.0,99226190552.0,29989470144.0,10.0,34.0,60.275031999999996,24.139855999999998,84.14855999999999,13.717,2067410.0,0.0,2067410.0,65.592097,0.0,,,115.015954572,3712.0,28.080000000000002,,,,,,,31.0,47.93172,0.0,85.810536,0.03,13141.0,,,,,0.0,2067410.0,1.781814788,41.0,462.4,362.0,418.9,356.3,69,57,67,64,0.78708,0.78708,0.679222,0.680199
1791342414.94,-,1,1.0,47.64,5.888170342,1.210291735,2980722840.0,2012713416.0,421701776.0,10.0,36.0,84.29974399999999,29.40944,79.40903999999999,0.229,41058.0,0.0,,,,,,4.988216967,124.0,36.7,0.0,0.0,1095382736.0,0.0,0.0,0.0,24.0,45.678736,0.0,84.24013599999999,0.052,,,,,,,,0.0,0.0,574.7900000000001,268.760898313,44.864384143,138642621440.0,99245609784.0,29995205336.0,10.0,34.0,33.904664,24.14396,84.164688,13.72,2067821.0,2.0,2067821.0,65.82930499999999,0.0,,,115.03276478,3714.0,28.12,,,,,,,31.0,54.223175999999995,0.0,85.904376,0.03,13552.0,,,,,0.0,2067821.0,1.840107598,43.0,462.4,362.0,418.9,356.3,69,57,67,64,0.78708,0.78708,0.679222,0.680199
1791342415.95,-,1,1.0,47.720000000000006,5.928426279,1.217662121,3005282504.0,2032178264.0,425791856.0,10.0,36.0,48.723904,29.424847999999997,79.485776,0.232,41471.0,0.0,,,,,,5.032689849,128.0,36.71,0.0,0.0,1096031008.0,0.0,0.0,0.0,24.0,45.678736,0.0,84.24013599999999,0.052,,,,,,,,0.0,0.0,574.84,268.799526563,44.869873475,138670625848.0,99264997832.0,30000955560.0,10.0,34.0,62.216215999999996,24.14396,84.164688,13.72,2068234.0,1.0,2068234.0,66.06696099999999,0.0,,,115.06330275,3717.0,28.17,,,,,,,31.0,59.466055999999995,0.0,85.952984,0.03,13965.0,,,,,0.0,2068234.0,1.901355742,46.0,461.9,362.0,419.3,363.8,69,57,67,64,0.480736,0.480736,0.510794,0.511977
1791342416.96,-,1,1.0,47.78,5.965753744,1.224313264,3029730864.0,2051583048.0,429861560.0,10.0,36.0,72.841152,29.424847999999997,79.577496,0.232,41881.0,0.0,,,,,,5.072161475,129.0,36.71,0.0,0.0,1096680272.0,0.0,0.0,0.0,24.0,46.727312,0.0,84.24013599999999,0.052,,,,,,,,0.0,0.0,574.98,268.829757783,44.87445968,138698409032.0,99284346248.0,30006690016.0,10.0,34.0,35.737975999999996,24.14396,84.164688,13.723,2068645.0,0.0,2068645.0,66.304186,0.0,,,115.080161081,3719.0,28.360000000000003,,,,,,,31.0,31.838047999999997,0.0,86.11908799999999,0.033,14376.0,,,,,0.0,2068645.0,1.949646805,48.0,461.9,362.0,419.3,363.8,69,57,67,64,0.480736,0.480736,0.510794,0.511977
1791342417.97,-,1,1.0,48.53,6.383873633,1.241413835,3202122184.0,2214245672.0,438433136.0,10.0,36.0,71.206096,29.263056,79.70134399999999,0.248,43892.0,1057.0,,,,,,5.144280887,130.0,36.72,0.0,0.0,1097328576.0,0.0,0.0,0.0,24.0,46.727312,0.0,84.24013599999999,0.052,,,,,,,,0.0,0.0,575.77,269.34530129399997,44.910788319,138995984720.0,99538355792.0,30038985232.0,10.0,34.0,78.984408,25.507032,84.155216,13.76,2070672.0,1265.0,2070672.0,67.774441,0.0,,,115.186593235,3721.0,29.130000000000003,,,,,,,31.0,62.246751999999994,0.0,88.575456,0.033,16403.0,,,,,1207.0,2069465.0,2.195865053,49.0,461.9,362.0,419.3,363.8,69,57,67,64,0.480736,0.480736,0.510794,0.511977
1791342418.99,-,1,1.0,50.150000000000006,6.819791061,1.374588866,3414231192.0,2364807680.0,498746056.0,10.0,36.0,66.921216,50.36208,79.731416,0.289,48032.0,0.0,,,,,,5.806717299,134.0,36.72,0.0,0.0,1097977440.0,0.0,0.0,0.0,24.0,47.775887999999995,0.0,84.24013599999999,0.052,,,,,,,,0.0,0.0,576.51,269.508943257,45.02411113,139145134400.0,99596834600.0,30106782392.0,10.0,34.0,74.58207999999999,39.194296,84.155216,13.799,2074796.0,0.0,2074796.0,3.1890709999999998,0.0,,,115.450911651,3725.0,29.990000000000002,,,,,,,31.0,54.931031999999995,28.241031999999997,89.002792,0.04,20527.0,,,,,0.0,2074796.0,2.926864937,54.0,463.5,362.5,423.4,365.3,69,57,67,72,8.35056,3.110872,0.58969,0.59081
1791342419.99,-,1,1.0,50.21,6.85781906,1.380764684,3438633408.0,2384208648.0,502773664.0,10.0,36.0,91.03846399999999,50.36208,79.776744,0.289,48442.0,0.0,,,,,,5.858907333,135.0,36.730000000000004,0.0,0.0,1098625600.0,0.0,0.0,0.0,24.0,48.824464,0.0,84.24013599999999,0.052,,,,,,,,0.0,0.0,576.5600000000001,269.54045687900003,45.03023726,139172395736.0,99616140544.0,30112503040.0,10.0,34.0,100.79648,39.194296,84.155216,13.799,2075206.0,0.0,2075206.0,3.426059,0.0,,,115.504179374,3726.0,30.150000000000002,,,,,,,31.0,60.173911999999994,28.241031999999997,88.041096,0.04,20937.0,,,,,0.0,2075206.0,2.959446187,55.0,463.5,362.5,423.4,365.3,69,57,67,72,8.35056,3.110872,0.58969,0.59081
1791342420.99,-,1,1.0,50.290000000000006,6.906061017,1.390260786,3463076360.0,2403589216.0,506833056.0,10.0,36.0,72.694368,52.8636,79.795,0.293,48852.0,0.0,,,,,,5.908298205,136.0,36.730000000000004,0.0,0.0,1099273872.0,0.0,0.0,0.0,24.0,48.824464,0.0,84.240904,0.052,,,,,,,,0.0,0.0,576.63,269.580834657,45.037207644,139199752984.0,99635493888.0,30118227536.0,10.0,34.0,56.204912,41.043887999999995,84.155216,13.802,2075616.0,0.0,2075616.0,3.663068,0.0,,,115.526088225,3727.0,30.19,,,,,,,31.0,66.465368,28.241031999999997,87.498088,0.04,21347.0,,,,,0.0,2075616.0,3.008191454,56.0,463.5,362.5,423.4,365.3,69,57,67,72,8.35056,3.110872,0.58969,0.59081
1791342422.0,-,1,1.0,50.36000000000001,6.955620686,1.407225838,3487508888.0,2422984984.0,510895048.0,10.0,36.0,96.811616,52.8636,79.796024,0.293,49263.0,0.0,,,,,,5.96673696,137.0,36.74,0.0,0.0,1099922912.0,0.0,0.0,0.0,24.0,49.873039999999996,0.0,84.240904,0.052,,,,,,,,0.0,0.0,576.86,269.623277669,45.043048514,139227119616.0,99654854208.0,30123959968.0,10.0,34.0,83.467888,41.043887999999995,84.20232,13.802,2076027.0,0.0,2076027.0,3.900285,0.0,,,115.538652546,3728.0,30.240000000000002,,,,,,,31.0,32.378232,28.241031999999997,87.560896,0.042,21758.0,,,,,0.0,2076027.0,3.070165873,57.0,467.1,362.0,421.2,376.0,69,57,67,64,0.307792,0.307792,0.563545,0.564516
1791342423.01,-,1,1.0,50.540000000000006,6.995785465000001,1.414151421,3511964688.0,2442351304.0,514923384.0,10.0,36.0,69.042576,44.474992,79.70788,0.296,49673.0,0.0,,,,,,5.995836841,138.0,36.75,0.0,0.0,1100571184.0,0.0,0.0,0.0,24.0,50.921616,0.0,84.24307999999999,0.052,,,,,,,,0.0,0.0,576.9200000000001,269.658989454,45.047978354,139254806752.0,99674199128.0,30129686152.0,10.0,34.0,46.566255999999996,34.580535999999995,84.20232,13.805,2076437.0,0.0,2076437.0,4.137288,0.0,,,115.605352671,3730.0,30.32,,,,,,,31.0,37.621112,28.241031999999997,87.645016,0.042,22168.0,,,,,0.0,2076437.0,3.128457449,59.0,467.1,362.0,421.2,376.0,69,57,67,64,0.307792,0.307792,0.563545,0.564516
1791342424.01,-,1,1.0,50.61000000000001,7.039511932000001,1.421432619,3536442456.0,2461722344.0,519025728.0,10.0,36.0,49.441544,44.474992,79.717872,0.299,50083.0,0.0,,,,,,6.044376446,139.0,36.75,0.0,0.0,1101219456.0,0.0,0.0,0.0,24.0,50.921616,0.0,84.24307999999999,0.052,,,,,,,,0.0,0.0,576.99,269.712253001,45.051997218,139293905416.0,99705353752.0,30135410296.0,10.0,34.0,85.363568,34.580535999999995,84.20232,13.805,2076847.0,291.0,2076847.0,4.374281,0.0,,,115.624827564,3731.0,30.42,,,,,,,31.0,47.058296,28.241031999999997,88.32978399999999,0.042,22872.0,,,,,294.0,2076847.0,3.190220973,60.0,467.1,362.0,421.2,376.0,69,57,67,64,0.307792,0.307792,0.563545,0.564516
1791342425.02,-,1,1.0,50.68,7.087989672,1.43002743,3560996448.0,2481183120.0,523145264.0,10.0,36.0,73.558792,44.474992,79.728832,0.299,50495.0,0.0,,,,,,6.089673778,142.0,36.75,0.0,0.0,1101867616.0,0.0,0.0,0.0,24.0,51.970192,0.0,84.24307999999999,0.052,,,,,,,,0.0,0.0,577.14,269.73504491799997,45.059562516,139310151488.0,99712902096.0,30141146800.0,10.0,34.0,36.382039999999996,34.580535999999995,84.21016,13.808,2077258.0,0.0,2077258.0,4.611507,0.0,,,115.662626946,3734.0,30.55,,,,,,,31.0,49.155448,28.241031999999997,89.19044,0.042,22989.0,,,,,0.0,2077258.0,3.257858331,63.0,458.6,362.0,424.0,369.6,69,57,67,65,0.786976,0.786976,0.382189,0.383108
1791342426.03,-,1,1.0,50.74,7.127810074,1.436488691,3585492968.0,2500668840.0,527182432.0,10.0,36.0,97.67604,44.474992,80.31514399999999,0.299,50908.0,0.0,,,,,,6.124297478,145.0,36.760000000000005,0.0,0.0,1102515768.0,0.0,0.0,0.0,24.0,51.970192,0.0,84.24307999999999,0.052,,,,,,,,0.0,0.0,577.19,269.768767824,45.065542086,139338468200.0,99732347936.0,30146913888.0,10.0,34.0,64.693592,34.580535999999995,84.21016,13.808,2077672.0,0.0,2077672.0,4.849444,0.0,,,115.713612984,3738.0,30.590000000000003,,,,,,,31.0,55.446903999999996,28.241031999999997,88.655136,0.042,23403.0,,,,,0.0,2077672.0,3.321251393,67.0,458.6,362.0,424.0,369.6,69,57,67,65,0.786976,0.786976,0.382189,0.383108
1791342427.03,-,1,1.0,50.86000000000001,7.1733502200000006,1.442566103,3609901968.0,2520049816.0,531207488.0,10.0,36.0,56.338248,34.045128,79.80223199999999,0.301,51318.0,0.0,,,,,,6.152219827,146.0,36.760000000000005,0.0,0.0,1103165072.0,0.0,0.0,0.0,24.0,53.018767999999994,0.0,84.24307999999999,0.052,,,,,,,,0.0,0.0,577.24,269.803239135,45.070254321,139365789944.0,99751672192.0,30152634936.0,10.0,34.0,91.95656799999999,34.580535999999995,84.21016,13.808,2078082.0,0.0,2078082.0,5.0864579999999995,0.0,,,115.726216327,3739.0,30.610000000000003,,,,,,,31.0,60.689783999999996,28.241031999999997,88.114576,0.042,23813.0,,,,,0.0,2078082.0,3.355180737,68.0,458.6,362.0,424.0,369.6,69,57,67,65,0.786976,0.786976,0.382189,0.383108
1791342428.04,-,1,1.0,50.92,7.222088704999999,1.450345404,3634279520.0,2539425104.0,535236120.0,10.0,36.0,81.504072,34.045128,79.829472,0.301,51728.0,0.0,,,,,,6.185234265,147.0,36.77,0.0,0.0,1103813224.0,0.0,0.0,0.0,24.0,54.067344,0.0,84.24307999999999,0.052,,,,,,,,0.0,0.0,577.3100000000001,269.859993722,45.074335218,139409839504.0,99787640288.0,30158359576.0,10.0,34.0,66.85034399999999,34.580535999999995,84.21016,13.811,2078492.0,410.0,2078492.0,5.323465,0.0,,,115.753645652,3740.0,30.66,,,,,,,31.0,31.83516,28.241031999999997,88.839664,0.044,24223.0,,,,,0.0,2078492.0,3.508885998,69.0,459.5,362.3,425.1,368.7,69,57,67,65,0.79192,0.79192,0.616465,0.617505
1791342429.05,-,1,1.0,51.120000000000005,7.262373866999999,1.459140264,3658795416.0,2558843784.0,539272352.0,10.0,36.0,42.456295999999995,34.045128,79.84799199999999,0.304,52139.0,0.0,,,,,,6.225900173,149.0,36.78,0.0,0.0,1104461488.0,0.0,0.0,0.0,24.0,54.067344,0.0,84.24307999999999,0.052,,,,,,,,0.0,0.0,577.35,269.880342283,45.078704336,139428642440.0,99798243440.0,30164094896.0,10.0,34.0,85.724712,34.580535999999995,84.21016,13.811,2078903.0,194.0,2078903.0,5.560690999999999,0.0,,,115.776002986,3742.0,30.700000000000003,,,,,,,31.0,38.126616,28.241031999999997,88.950648,0.044,24634.0,,,,,0.0,2078903.0,3.854848357,71.0,459.5,362.3,425.1,368.7,69,57,67,65,0.79192,0.79192,0.616465,0.617505
1791342430.05,-,1,1.0,51.17,7.301950345000001,1.464874179,3683165472.0,2578215208.0,543297392.0,10.0,36.0,66.573544,34.045128,79.86467999999999,0.304,52549.0,0.0,,,,,,6.256647088,150.0,36.78,0.0,0.0,1105109848.0,0.0,0.0,0.0,24.0,55.115919999999996,0.0,84.24307999999999,0.052,,,,,,,,0.0,0.0,577.4000000000001,269.902175656,45.082548564,139448090920.0,99809700192.0,30169815832.0,10.0,34.0,31.785832,27.250823999999998,84.21016,13.814,2079313.0,0.0,2079313.0,5.797693,0.0,,,115.798381411,3743.0,30.85,,,,,,,31.0,43.369496,28.241031999999997,88.503152,0.044,25044.0,,,,,0.0,2079313.0,3.884919499,72.0,459.5,362.3,425.1,368.7,69,57,67,65,0.79192,0.79192,0.616465,0.617505
1791342431.07,-,1,1.0,51.230000000000004,7.339222224999999,1.472378963,3707550872.0,2597593024.0,547325832.0,10.0,36.0,90.690792,34.045128,80.514296,0.304,52959.0,0.0,,,,,,6.285627615,151.0,36.79,0.0,0.0,1105758120.0,0.0,0.0,0.0,24.0,56.164496,0.0,84.24307999999999,0.052,,,,,,,,0.0,0.0,577.44,269.93189327100004,45.086968513,139475395240.0,99829020112.0,30175540200.0,10.0,34.0,56.951656,27.250823999999998,84.21016,13.814,2079723.0,0.0,2079723.0,6.0347,0.0,,,115.830473434,3744.0,30.87,,,,,,,31.0,48.612376,28.241031999999997,88.57923199999999,0.044,25454.0,,,,,0.0,2079723.0,3.92311322,73.0,458.7,362.5,426.0,370.4,70,57,67,64,0.91348,0.91348,0.698586,0.699628
1791342432.08,-,1,1.0,51.32,7.401667973,1.479074959,3748687648.0,2633692464.0,551359272.0,10.0,36.0,68.08426399999999,34.045128,80.005184,0.306,53370.0,410.0,,,,,,6.322475785,152.0,36.79,0.0,0.0,1106406392.0,0.0,0.0,0.0,24.0,56.164496,0.0,84.24307999999999,0.052,,,,,,,,0.0,0.0,577.6,269.990416501,45.091557509,139519491696.0,99865018888.0,30181275384.0,10.0,34.0,33.388104,27.250823999999998,84.14168,13.817,2080134.0,410.0,2080134.0,6.271922,0.0,,,115.850520973,3745.0,30.92,,,,,,,31.0,53.855256,28.241031999999997,88.6492,0.044,25865.0,,,,,0.0,2080134.0,3.958456384,74.0,458.7,362.5,426.0,370.4,70,57,67,64,0.91348,0.91348,0.698586,0.699628
1791342433.08,-,1,1.0,51.370000000000005,7.415192797000001,1.485051913,3756360496.0,2636365432.0,555384792.0,10.0,36.0,75.424296,34.045128,80.05747199999999,0.306,53780.0,0.0,,,,,,6.348123731,153.0,36.81,0.0,0.0,1107055208.0,0.0,0.0,0.0,24.0,57.213072,0.0,84.251144,0.052,,,,,,,,0.0,0.0,577.6500000000001,270.026600931,45.096539102,139546834168.0,99884340200.0,30186997072.0,10.0,34.0,59.602503999999996,27.250823999999998,84.14168,13.817,2080544.0,410.0,2080544.0,6.508926,0.0,,,115.866406889,3746.0,30.950000000000003,,,,,,,31.0,60.146711999999994,28.241031999999997,88.69272,0.044,26275.0,,,,,0.0,2080544.0,3.994305789,75.0,458.7,362.5,426.0,370.4,70,57,67,64,0.91348,0.91348,0.698586,0.699628
1791342434.09,-,1,1.0,51.480000000000004,7.460107663999999,1.492345602,3780756496.0,2655730208.0,559413064.0,10.0,36.0,35.203856,31.964816,80.10604,0.309,54190.0,0.0,,,,,,6.389371891,154.0,36.81,0.0,0.0,1107703448.0,0.0,0.0,0.0,24.0,57.213072,0.0,84.251144,0.052,,,,,,,,0.0,0.0,577.6800000000001,270.040238256,45.10372175,139557467624.0,99887022440.0,30192721408.0,10.0,34.0,70.088264,27.250823999999998,84.14168,13.817,2080954.0,0.0,2080954.0,6.745932,0.0,,,115.882833348,3747.0,31.000000000000004,,,,,,,31.0,65.389592,28.241031999999997,88.76839199999999,0.044,26685.0,,,,,0.0,2080954.0,4.028922535,76.0,459.2,362.2,404.6,370.4,69,57,67,64,0.779048,0.779048,0.815287,0.816507
1791342435.09,-,1,1.0,51.53,7.495129872999999,1.499042022,3805209656.0,2675164784.0,563457792.0,10.0,36.0,59.321104,31.964816,80.143176,0.309,54602.0,0.0,,,,,,6.424536619,157.0,36.86,0.0,0.0,1108351624.0,0.0,0.0,0.0,24.0,58.261647999999994,0.0,84.26778399999999,0.052,,,,,,,,0.0,0.0,577.73,270.07069222,45.108846351,139585107528.0,99906392712.0,30198456520.0,10.0,34.0,40.771176,27.250823999999998,84.14168,13.82,2081365.0,0.0,2081365.0,6.9831449999999995,0.0,,,115.90783721,3749.0,31.03,,,,,,,31.0,33.626439999999995,28.241031999999997,88.841088,0.046,27096.0,,,,,0.0,2081365.0,4.071399632,78.0,459.2,362.2,404.6,370.4,69,57,67,64,0.779048,0.779048,0.815287,0.816507
1791342436.1,장애 crash cap,1,1.0,51.74,7.565425218,1.505583565,3846980352.0,2711831744.0,567529600.0,10.0,36.0,38.133856,31.964816,80.153288,0.312,55014.0,0.0,,,,,,6.465515877,159.0,36.86,0.0,0.0,1109000032.0,0.0,0.0,0.0,24.0,59.310224,0.0,84.26778399999999,0.052,,,,,,,,0.0,0.0,577.83,270.135904265,45.120626878,139639422512.0,99945106648.0,30209941400.0,10.0,34.0,36.691863999999995,26.158023999999997,84.14168,13.823,2082189.0,0.0,2082189.0,7.458050999999999,0.0,,,115.952809885,3752.0,31.080000000000002,,,,,,,31.0,44.1122,28.241031999999997,88.91496,0.046,27920.0,,,,,0.0,2082189.0,4.168343577,81.0,459.2,362.2,404.6,370.4,69,57,67,64,0.779048,0.779048,0.815287,0.816507
1791342437.11,장애 crash cap,1,1.0,51.78,7.58193032,1.513283934,3854229328.0,2714018168.0,571590936.0,10.0,36.0,44.425312,31.964816,80.16978399999999,0.312,55425.0,0.0,,,,,,6.502652849,160.0,36.870000000000005,0.0,0.0,1109649136.0,0.0,0.0,0.0,24.0,59.310224,0.0,84.26778399999999,0.054,,,,,,,,0.0,0.0,,,,,,,,,,,,,,,,,,,,,,31.110000000000003,,,,,,,31.0,45.160776,28.241031999999997,88.96287199999999,0.046,27920.0,,,,,0.0,2082189.0,4.168343577,81.0,459.8,362.3,405.2,370.4,69,57,67,64,0.838032,0.519728,0.729875,0.730859
1791342438.42,장애 crash cap,1,1.0,51.99,7.6831006120000005,1.5253303,3898895920.0,2751413160.0,577888320.0,10.0,36.0,89.51407999999999,31.964816,80.339376,0.312,56031.0,0.0,,,,,,6.571138742,163.0,36.88,0.0,0.0,1110327928.0,0.0,0.0,0.0,24.0,26.81916,0.0,84.271936,0.054,,,,,,,,0.0,0.0,,,,,,,,,,,,,,,,,,,,,,31.130000000000003,,,,,,,31.0,46.209351999999996,28.241031999999997,89.026704,0.046,27920.0,,,,,0.0,2082189.0,4.168343577,81.0,459.8,362.3,405.2,370.4,69,57,67,64,0.838032,0.519728,0.729875,0.730859
1791342439.43,장애 crash cap,1,1.0,52.09,7.739744576,1.53554667,3922868488.0,2770647760.0,581623248.0,10.0,36.0,48.05276,31.964816,80.383752,0.316,56415.0,0.0,,,,,,6.626665613,166.0,36.88,0.0,0.0,1110976128.0,0.0,0.0,0.0,24.0,26.81916,0.0,84.271936,0.054,,,,,,,,0.0,0.0,,,,,,,,,,,,,,,,,,,,,,31.14,,,,,,,31.0,47.257928,28.241031999999997,89.03652,0.046,27920.0,,,,,0.0,2082189.0,4.168343577,81.0,459.8,362.3,405.2,370.4,69,57,67,64,0.838032,0.519728,0.729875,0.730859
1791342440.44,장애 crash cap,1,1.0,52.17,7.785935695000001,1.547758574,3950856232.0,2791552800.0,587731160.0,10.0,36.0,76.364312,31.964816,80.423008,0.316,57066.0,0.0,,,,,,6.672198292,168.0,36.89,0.0,0.0,1111624152.0,0.0,0.0,0.0,24.0,26.81916,0.0,84.271936,0.054,,,,,,,,0.0,0.0,,,,,,,,,,,,,,,,,,,,,,31.150000000000002,,,,,,,31.0,48.306504,28.241031999999997,89.048896,0.046,27920.0,,,,,0.0,2082189.0,4.168343577,81.0,458.8,362.0,165.0,369.9,69,57,36,64,0.405472,1.736984,0.654434,3.662494
1791342441.44,장애 crash cap,1,1.0,52.260000000000005,7.845014547000001,1.552324088,3975318992.0,2813398680.0,589344816.0,10.0,36.0,35.976136,30.961648,80.435544,0.32,57476.0,0.0,,,,,,6.709743307,169.0,36.89,0.0,0.0,1112272352.0,0.0,0.0,0.0,24.0,27.867735999999997,0.0,84.271936,0.054,,,,,,,,0.0,0.0,,,,,,,,,,,,,,,,,,,,,,31.180000000000003,,,,,,,31.0,49.35508,28.241031999999997,89.13212,0.046,27920.0,,,,,0.0,2082189.0,4.168343577,81.0,458.8,362.0,165.0,369.9,69,57,36,64,0.405472,1.736984,0.654434,3.662494
1791342442.46,장애 crash cap,1,1.0,52.34,7.899438583999999,1.566325129,3999832168.0,2830339248.0,595943808.0,10.0,36.0,60.093384,30.961648,80.46776,0.32,57886.0,0.0,,,,,,6.794191282,171.0,36.89,0.0,0.0,1112920624.0,0.0,0.0,0.0,24.0,28.916311999999998,0.0,84.271936,0.054,,,,,,,,0.0,0.0,21.240000000000002,0.136855347,0.0,474350392.0,9963952.0,0.0,1.0,26.0,33.127672,0.0,72.544592,0.004,,,2082189.0,7.458050999999999,0.0,,,0.0,0.0,31.200000000000003,,,,,,,31.0,50.403656,28.241031999999997,89.152856,0.046,27920.0,,,,,0.0,2082189.0,4.168343577,81.0,458.8,362.0,165.0,369.9,69,57,36,64,0.405472,1.736984,0.654434,3.662494
1791342443.46,장애 crash cap,1,1.0,52.43,7.94135498,1.57204204,4024274816.0,2849708632.0,600043352.0,10.0,36.0,85.259208,30.961648,80.529384,0.32,58296.0,0.0,,,,,,6.829039545,172.0,36.900000000000006,0.0,0.0,1113568800.0,0.0,0.0,0.0,24.0,28.916311999999998,0.0,84.271936,0.054,,,,,,,,0.0,0.0,23.470000000000002,0.596660581,0.0,514792160.0,41070992.0,0.0,7.0,32.0,42.248776,0.0,81.68588,0.007,,0.0,2082189.0,7.458050999999999,0.0,,,0.0,0.0,31.23,,,,,,,31.0,51.452231999999995,28.241031999999997,89.19467999999999,0.046,27920.0,,,,,0.0,2082189.0,4.168343577,81.0,459.0,361.8,340.9,369.4,69,57,54,64,0.641264,3.070856,0.660851,6.675208
1791342444.47,장애 crash cap,1,1.0,52.64,7.987556467,1.583369446,4048774280.0,2869073616.0,604116896.0,10.0,36.0,44.246511999999996,30.961648,80.52884,0.323,58706.0,0.0,,,,,,6.883085929,173.0,36.900000000000006,0.0,0.0,1114217056.0,0.0,0.0,0.0,24.0,29.964888,0.0,84.271936,0.054,,,,,,,,0.0,0.0,29.14,1.504073313,0.156277529,671779136.0,181700200.0,15115136.0,10.0,35.0,59.051936,0.0,87.613248,0.028,930.0,104.0,2083119.0,7.995222999999999,0.0,,,0.214175873,2.0,31.240000000000002,,,,,,,31.0,52.500808,28.241031999999997,89.241024,0.046,27920.0,,,,,0.0,2082189.0,4.168343577,81.0,459.0,361.8,340.9,369.4,69,57,54,64,0.641264,3.070856,0.660851,6.675208
1791342445.48,장애 crash cap,1,1.0,52.85,8.038889409,1.590612481,4073318640.0,2888541328.0,608219960.0,10.0,36.0,69.412336,30.961648,80.595776,0.323,59118.0,1.0,,,,,,6.927957692,175.0,36.910000000000004,0.0,0.0,1114865280.0,0.0,0.0,0.0,24.0,31.013464,0.0,84.271936,0.054,,,,,,,,0.0,0.0,30.76,1.681831086,0.242355784,753662736.0,223761744.0,53902376.0,10.0,35.0,53.689136,41.137679999999996,84.11914399999999,0.041,3693.0,1.0,2085882.0,9.591714999999999,0.0,,,0.373792068,6.0,31.26,,,,,,,31.0,53.549383999999996,28.241031999999997,89.24524,0.046,27920.0,,,,,0.0,2082189.0,4.168343577,81.0,459.0,361.8,340.9,369.4,69,57,54,64,0.641264,3.070856,0.660851,6.675208
1791342446.49,장애 crash cap,1,1.0,52.89,8.069952781,1.597162059,4097764104.0,2907996992.0,612236104.0,10.0,36.0,94.57816,30.961648,80.61896,0.323,59531.0,0.0,,,,,,6.969718777,179.0,36.910000000000004,0.0,0.0,1115514728.0,0.0,0.0,0.0,24.0,31.013464,0.0,84.271936,0.054,,,,,,,,0.0,0.0,31.000000000000004,1.728194761,0.253187743,779779984.0,243335240.0,59675664.0,10.0,35.0,48.839231999999996,40.073856,84.350464,0.043000000000000003,4106.0,0.0,2086295.0,9.829397,0.0,,,0.443867849,10.0,31.270000000000003,,,,,,,31.0,54.59796,28.241031999999997,89.27118399999999,0.046,27920.0,,,,,0.0,2082189.0,4.168343577,81.0,457.4,362.0,441.6,370.2,69,57,73,64,0.2338,0.634408,0.649177,9.650742
1791342447.5,장애 crash cap,1,1.0,52.970000000000006,8.102641938,1.606366108,4122116616.0,2927353904.0,616228584.0,10.0,36.0,54.157903999999995,30.961648,80.66549599999999,0.326,59941.0,0.0,,,,,,7.006960461,180.0,36.92,0.0,0.0,1116163016.0,0.0,0.0,0.0,24.0,32.062039999999996,0.0,84.271936,0.054,,,,,,,,0.0,0.0,31.23,1.771957917,0.266377674,805755776.0,262829992.0,65416840.0,10.0,34.0,40.40968,40.073856,83.319328,0.046,4516.0,0.0,2086705.0,10.066404,0.0,,,0.466825329,11.0,31.28,,,,,,,31.0,55.646536,28.241031999999997,89.29907999999999,0.046,27920.0,,,,,0.0,2082189.0,4.168343577,81.0,457.4,362.0,441.6,370.2,69,57,73,64,0.2338,0.634408,0.649177,9.650742
1791342448.52,장애 crash cap,1,1.0,53.010000000000005,8.131881832000001,1.612770431,4146481232.0,2946718208.0,620255288.0,10.0,36.0,78.27515199999999,30.961648,80.67647199999999,0.326,60351.0,0.0,,,,,,7.158801399,181.0,36.92,0.0,0.0,1116811384.0,0.0,0.0,0.0,24.0,33.110616,0.0,84.271936,0.054,,,,,,,,0.0,0.0,31.62,1.8277514,0.277263332,831822320.0,282331312.0,71157984.0,10.0,34.0,64.526928,39.025279999999995,82.75531199999999,0.046,4926.0,0.0,2087115.0,10.303403,0.0,,,0.517464693,12.0,31.32,,,,,,,31.0,56.695111999999995,28.241031999999997,89.36019999999999,0.046,27920.0,,,,,0.0,2082189.0,4.168343577,81.0,457.4,362.0,441.6,370.2,69,57,73,64,0.2338,0.634408,0.649177,9.650742
1791342449.52,장애 crash cap,1,1.0,53.09,8.171722681,1.618658411,4170916104.0,2966118680.0,624286656.0,10.0,36.0,39.834784,30.483311999999998,80.709152,0.329,60762.0,0.0,,,,,,7.194637656,182.0,36.93,0.0,0.0,1117459640.0,0.0,0.0,0.0,24.0,33.110616,0.0,84.271936,0.054,,,,,,,,0.0,0.0,31.950000000000003,1.8757921290000001,0.290615963,871410248.0,301843296.0,76906000.0,10.0,34.0,75.391888,39.025279999999995,83.26644,0.049,5337.0,0.0,2087526.0,10.54063,0.0,,,0.645925313,13.0,31.650000000000002,,,,,,,31.0,70.16469599999999,30.338184,90.87375999999999,0.049999999999999996,32016.0,,,,,3289.0,2084237.0,4.303126648,82.0,457.9,362.0,443.8,369.8,69,57,67,64,0.65784,0.65784,0.643312,12.644146
1791342450.54,장애 crash cap,1,1.0,53.14,8.201655279,1.623927159,4195259984.0,2985496176.0,628279360.0,10.0,36.0,63.952031999999996,30.483311999999998,80.720136,0.329,61172.0,0.0,,,,,,7.224017102,183.0,36.940000000000005,0.0,0.0,1118107912.0,0.0,0.0,0.0,24.0,34.159192,0.0,84.271936,0.054,,,,,,,,0.0,0.0,32.21,1.9182903390000001,0.300076049,903507760.0,321348568.0,82650456.0,10.0,34.0,48.545352,29.700415999999997,84.27057599999999,0.052000000000000005,5747.0,0.0,2087936.0,10.777638999999999,0.0,,,0.714270451,15.0,31.89,,,,,,,31.0,50.791551999999996,32.850816,90.007008,0.057,33667.0,,,,,0.0,2087936.0,4.626129532,86.0,457.9,362.0,443.8,369.8,69,57,67,64,0.65784,0.65784,0.643312,12.644146
1791342451.55,장애 crash cap,1,1.0,53.190000000000005,8.236655589,1.63224144,4219673608.0,3004865648.0,632349768.0,10.0,36.0,88.06927999999999,30.483311999999998,80.737944,0.329,61582.0,0.0,,,,,,7.286348316,184.0,36.940000000000005,0.0,0.0,1118756184.0,0.0,0.0,0.0,24.0,35.207768,0.0,84.271936,0.054,,,,,,,,0.0,0.0,32.49,1.9718708659999997,0.308559878,931103072.0,340829192.0,88391920.0,10.0,34.0,75.808328,29.700415999999997,84.46768,0.052000000000000005,6157.0,0.0,2088346.0,11.014635,0.0,,,0.758431382,16.0,32.02,,,,,,,31.0,57.083008,32.850816,90.116608,0.057,34077.0,,,,,0.0,2088346.0,4.703366278,87.0,457.9,362.0,443.8,369.8,69,57,67,64,0.65784,0.65784,0.643312,12.644146
1791342452.56,장애 crash cap,1,1.0,53.36000000000001,8.266794974,1.638518091,4244166232.0,3024224848.0,636420992.0,10.0,36.0,48.731832,30.483311999999998,80.789328,0.332,61992.0,0.0,,,,,,7.3280921,185.0,36.95,0.0,0.0,1119404360.0,0.0,0.0,0.0,24.0,35.207768,0.0,84.271936,0.054,,,,,,,,0.0,0.0,32.910000000000004,2.008463259,0.316883296,958689600.0,360407392.0,94133912.0,10.0,34.0,48.394231999999995,28.853824,84.185608,0.055,6567.0,0.0,2088756.0,11.251657,0.0,,,0.799272941,17.0,32.1,,,,,,,31.0,63.374463999999996,32.850816,90.22543999999999,0.057,34487.0,,,,,0.0,2088756.0,4.784515567,88.0,457.4,361.8,454.4,378.4,69,57,68,64,1.00484,1.00484,0.621056,0.622244
1791342453.57,-,1,1.0,53.43000000000001,8.308848309,1.645168627,4268551480.0,3043631384.0,640421552.0,10.0,36.0,73.897656,30.483311999999998,80.82435199999999,0.332,62403.0,0.0,,,,,,7.363299372,186.0,36.95,0.0,0.0,1120052632.0,0.0,0.0,0.0,24.0,36.256344,0.0,84.271936,0.054,,,,,,,,0.0,0.0,33.5,2.077317766,0.330252744,986784304.0,380212664.0,99890888.0,10.0,34.0,76.705784,28.853824,84.61314399999999,0.055,6978.0,0.0,2089167.0,11.488875,0.0,,,0.848182198,19.0,32.21,,,,,,,31.0,32.816128,31.802239999999998,90.903024,0.059000000000000004,34898.0,,,,,0.0,2089167.0,4.856970642,90.0,457.4,361.8,454.4,378.4,69,57,68,64,1.00484,1.00484,0.621056,0.622244
1791342454.58,-,1,1.0,53.5,8.344670155000001,1.6505426,4293005312.0,3063012624.0,644492008.0,10.0,36.0,36.362224,30.483311999999998,80.852672,0.335,62813.0,0.0,,,,,,7.396026035,187.0,36.95,0.0,0.0,1120700832.0,0.0,0.0,0.0,24.0,36.256344,0.0,84.271936,0.054,,,,,,,,0.0,0.0,33.89,2.124355676,0.340706496,1014568024.0,399590912.0,105635632.0,10.0,34.0,49.459495999999994,28.853824,84.317416,0.058,7388.0,0.0,2089577.0,11.725878999999999,0.0,,,0.888758434,21.0,32.27,,,,,,,31.0,38.059008,31.802239999999998,91.030504,0.059000000000000004,35308.0,,,,,0.0,2089577.0,4.928999723,92.0,457.4,361.8,454.4,378.4,69,57,68,64,1.00484,1.00484,0.621056,0.622244
1791342455.58,-,1,1.0,53.550000000000004,8.373623045,1.65717392,4317498576.0,3082471848.0,648551216.0,10.0,36.0,60.479471999999994,30.483311999999998,80.98810399999999,0.335,63226.0,0.0,,,,,,7.438260689,189.0,36.95,0.0,0.0,1121349008.0,0.0,0.0,0.0,24.0,37.304919999999996,0.0,84.271936,0.054,,,,,,,,0.0,0.0,34.39,2.161250554,0.349455915,1042395528.0,419078016.0,111438608.0,10.0,34.0,77.771048,28.853824,85.26512,0.058,7800.0,0.0,2089989.0,11.963320999999999,0.0,,,0.915575582,23.0,32.300000000000004,,,,,,,31.0,44.350463999999995,31.802239999999998,91.09901599999999,0.059000000000000004,35720.0,,,,,0.0,2089989.0,4.984703367,94.0,457.1,361.8,475.0,378.3,69,57,69,65,0.805232,0.805232,0.497422,0.498514
1791342456.58,-,1,1.0,53.6,8.405129664,1.663701747,4341953272.0,3101898136.0,652605984.0,10.0,36.0,85.645296,30.483311999999998,81.038896,0.335,63638.0,0.0,,,,,,7.481641255,192.0,36.96,0.0,0.0,1121998400.0,0.0,0.0,0.0,24.0,38.353496,0.0,84.271936,0.054,,,,,,,,0.0,0.0,34.620000000000005,2.199303944,0.35921328,1070818408.0,438485736.0,117212520.0,10.0,34.0,51.504704,28.853824,85.65531999999999,0.061000000000000006,8213.0,0.0,2090402.0,12.20099,0.0,,,0.96131295,27.0,32.47,,,,,,,31.0,49.593343999999995,31.802239999999998,91.17654399999999,0.059000000000000004,36133.0,,,,,0.0,2090402.0,5.073095017,98.0,457.1,361.8,475.0,378.3,69,57,69,65,0.805232,0.805232,0.497422,0.498514
1791342457.6,-,1,1.0,53.730000000000004,8.445012624,1.670080612,4366350448.0,3121241312.0,656644056.0,10.0,36.0,45.806847999999995,30.480815999999997,81.726744,0.339,64048.0,0.0,,,,,,7.523380793,193.0,36.96,0.0,0.0,1122646592.0,0.0,0.0,0.0,24.0,38.353496,0.0,84.273472,0.054,,,,,,,,0.0,0.0,35.910000000000004,2.2388537840000002,0.370050901,1098145840.0,457831960.0,122951528.0,10.0,34.0,77.719104,28.853824,86.212216,0.061000000000000006,8623.0,0.0,2090812.0,12.437987999999999,0.0,,,0.992306375,28.0,32.6,,,,,,,31.0,55.8848,31.802239999999998,90.65379999999999,0.059000000000000004,36543.0,,,,,0.0,2090812.0,5.125163782,99.0,457.8,362.0,478.4,381.3,69,57,68,65,0.810928,0.810928,0.399335,0.400674
1791342458.6,-,1,1.0,53.82,8.48201777,1.675964544,4390810312.0,3140640712.0,660716136.0,10.0,36.0,70.972672,30.480815999999997,83.135136,0.339,64458.0,0.0,,,,,,7.560417821,194.0,37.0,0.0,0.0,1123294888.0,0.0,0.0,0.0,24.0,39.402072,0.0,84.290368,0.054,,,,,,,,0.0,0.0,36.25,2.274564863,0.379816447,1125494216.0,477169808.0,128672712.0,10.0,34.0,49.244471999999995,27.711351999999998,85.812848,0.064,9033.0,0.0,2091222.0,12.674978,0.0,,,1.028800843,29.0,32.620000000000005,,,,,,,31.0,61.12768,31.802239999999998,90.682344,0.059000000000000004,36953.0,,,,,0.0,2091222.0,5.174905046,100.0,457.8,362.0,478.4,381.3,69,57,68,65,0.810928,0.810928,0.399335,0.400674
1791342459.61,-,1,1.0,54.0,8.520230573000001,1.681275153,4415299816.0,3160038272.0,664749200.0,10.0,36.0,30.58636,30.480815999999997,82.73210399999999,0.342,64869.0,0.0,,,,,,7.602581842,196.0,37.0,0.0,0.0,1123943256.0,0.0,0.0,0.0,24.0,40.450648,0.0,84.290368,0.054,,,,,,,,0.0,0.0,36.330000000000005,2.316064126,0.385698728,1152854408.0,496521464.0,134403672.0,10.0,34.0,76.507448,27.711351999999998,85.893936,0.064,9444.0,0.0,2091633.0,12.912187,0.0,,,1.053380857,30.0,32.65,,,,,,,31.0,67.419136,31.802239999999998,90.68848799999999,0.059000000000000004,37364.0,,,,,0.0,2091633.0,5.216747604,101.0,457.8,362.0,478.4,381.3,69,57,68,65,0.810928,0.810928,0.399335,0.400674
1791342460.62,-,1,1.0,54.050000000000004,8.555760902,1.687081852,4439672112.0,3179412848.0,668773296.0,10.0,36.0,54.703607999999996,30.480815999999997,82.199096,0.342,65279.0,0.0,,,,,,7.637472267,197.0,37.0,0.0,0.0,1124591408.0,0.0,0.0,0.0,24.0,40.450648,0.0,84.290368,0.054,,,,,,,,0.0,0.0,36.59,2.360283339,0.39213047,1180347688.0,515848568.0,140179792.0,10.0,34.0,49.272664,27.711351999999998,86.666288,0.067,9854.0,0.0,2092043.0,13.149205,0.0,,,1.071815622,31.0,32.68,,,,,,,31.0,34.98692,31.802239999999998,90.7542,0.062,37774.0,,,,,0.0,2092043.0,5.2698667,102.0,458.3,362.4,488.4,380.0,71,57,68,64,0.778528,0.778528,1.311756,0.312755
1791342461.63,-,1,1.0,54.13,8.592964531,1.693201846,4464030904.0,3198787912.0,672768672.0,10.0,36.0,78.82085599999999,30.480815999999997,81.737304,0.342,65689.0,0.0,,,,,,7.664223271,198.0,37.010000000000005,0.0,0.0,1125239560.0,0.0,0.0,0.0,24.0,41.499224,0.0,84.290368,0.054,,,,,,,,0.0,0.0,36.68,2.3921698,0.397996876,1207704176.0,535167120.0,145901240.0,10.0,34.0,76.53564,27.711351999999998,86.787032,0.067,10264.0,0.0,2092453.0,13.386206,0.0,,,1.085930203,32.0,32.7,,,,,,,31.0,40.2298,31.802239999999998,90.77107199999999,0.062,38184.0,,,,,0.0,2092453.0,5.308173213,103.0,458.3,362.4,488.4,380.0,71,57,68,64,0.778528,0.778528,1.311756,0.312755
1791342462.63,-,1,1.0,54.2,8.63040311,1.699218643,4488469104.0,3218158880.0,676764864.0,10.0,36.0,40.784335999999996,30.480815999999997,81.818952,0.345,66099.0,0.0,,,,,,7.693567276,199.0,37.010000000000005,0.0,0.0,1125887808.0,0.0,0.0,0.0,24.0,41.499224,0.0,84.290368,0.054,,,,,,,,0.0,0.0,36.760000000000005,2.4244599669999998,0.404544915,1235027392.0,554495696.0,151623000.0,10.0,34.0,48.223912,27.711351999999998,86.85074399999999,0.07,10674.0,0.0,2092863.0,13.623209,0.0,,,1.121459181,33.0,32.730000000000004,,,,,,,31.0,45.47268,31.802239999999998,90.800072,0.062,38594.0,,,,,0.0,2092863.0,5.352624603,104.0,458.3,362.4,488.4,380.0,71,57,68,64,0.778528,0.778528,1.311756,0.312755
1791342463.65,-,1,1.0,54.25,8.671444553,1.704511867,4512968544.0,3237654808.0,680767704.0,10.0,36.0,64.901584,30.480815999999997,81.835848,0.345,66510.0,0.0,,,,,,7.723908457,201.0,37.02,0.0,0.0,1126536056.0,0.0,0.0,0.0,24.0,42.547799999999995,0.0,84.290368,0.054,,,,,,,,0.0,0.0,36.82,2.461659951,0.409540497,1262488024.0,573960976.0,157355792.0,10.0,34.0,76.53546399999999,27.711351999999998,85.760656,0.07,11085.0,0.0,2093274.0,13.860446,0.0,,,1.135471602,34.0,32.74,,,,,,,31.0,51.764136,31.802239999999998,90.83473599999999,0.062,39005.0,,,,,0.0,2093274.0,5.400286876,105.0,458.2,362.1,489.6,381.0,69,57,69,64,1.033048,1.033048,1.092057,1.093151
1791342464.66,-,1,1.0,54.300000000000004,8.70053242,1.709284911,4537301760.0,3257022136.0,684760104.0,10.0,36.0,90.067408,30.480815999999997,81.847368,0.345,66920.0,0.0,,,,,,7.74675544,202.0,37.02,0.0,0.0,1127184304.0,0.0,0.0,0.0,24.0,43.596376,0.0,84.290368,0.054,,,,,,,,0.0,0.0,36.900000000000006,2.487584846,0.41421434,1289839480.0,593281312.0,163074160.0,10.0,34.0,47.646463999999995,27.071568,86.487008,0.07300000000000001,11495.0,0.0,2093684.0,14.097434,0.0,,,1.149050234,35.0,32.77,,,,,,,31.0,57.007016,31.802239999999998,90.842736,0.062,39415.0,,,,,0.0,2093684.0,5.435000038,106.0,458.2,362.1,489.6,381.0,69,57,69,64,1.033048,1.033048,1.092057,1.093151
1791342465.68,-,1,1.0,54.35,8.739105406,1.714849533,4561778152.0,3276487528.0,688768832.0,10.0,36.0,50.709376,30.472032,81.849032,0.348,67332.0,1.0,,,,,,7.780014941,204.0,37.02,0.0,0.0,1127832480.0,0.0,0.0,0.0,24.0,43.596376,0.0,84.290368,0.054,,,,,,,,0.0,0.0,37.010000000000005,2.5181564730000003,0.421858563,1317882816.0,612654400.0,168817048.0,10.0,34.0,75.958016,27.071568,86.647504,0.07300000000000001,11907.0,0.0,2094096.0,14.334873,0.0,,,1.197000673,38.0,32.82,,,,,,,31.0,63.298472,31.802239999999998,90.88987999999999,0.062,39827.0,,,,,0.0,2094096.0,5.501633776,109.0,458.2,362.1,489.6,381.0,69,57,69,64,1.033048,1.033048,1.092057,1.093151
1791342466.68,-,1,1.0,54.43000000000001,8.779867662000001,1.722251207,4586219800.0,3295940304.0,692783600.0,10.0,36.0,75.87519999999999,30.472032,81.89587999999999,0.348,67745.0,0.0,,,,,,7.821068061,207.0,37.03,0.0,0.0,1128481696.0,0.0,0.0,0.0,24.0,44.644951999999996,0.0,84.29203199999999,0.054,,,,,,,,0.0,0.0,37.27,2.576629245,0.430410201,1345872904.0,632100152.0,174570144.0,10.0,34.0,48.632016,27.071568,86.013024,0.077,12320.0,0.0,2094509.0,14.572564999999999,0.0,,,1.230898016,41.0,32.86,,,,,,,31.0,68.541352,31.802239999999998,90.983288,0.062,40240.0,,,,,0.0,2094509.0,5.564401983,112.0,458.3,362.4,490.0,381.8,69,57,68,64,0.418264,0.235912,0.29618,0.297198
1791342467.7,-,1,1.0,54.59,8.815035472,1.729739941,4610674560.0,3315312880.0,696807336.0,10.0,36.0,38.063984,30.472032,81.82676,0.351,68155.0,0.0,,,,,,7.853969994,208.0,37.03,0.0,0.0,1129130016.0,0.0,0.0,0.0,24.0,44.644951999999996,0.0,84.29203199999999,0.054,,,,,,,,0.0,0.0,37.330000000000005,2.608828929,0.435483772,1373165680.0,651428224.0,180288264.0,10.0,34.0,75.894992,27.071568,86.098784,0.077,12730.0,0.0,2094919.0,14.809572999999999,0.0,,,1.245245621,42.0,32.910000000000004,,,,,,,31.0,36.594519999999996,31.802239999999998,91.01229599999999,0.064,40650.0,,,,,0.0,2094919.0,5.60237081,113.0,458.3,362.4,490.0,381.8,69,57,68,64,0.418264,0.235912,0.29618,0.297198
1791342468.71,-,1,1.0,54.78,8.854759631,1.735244625,4635048136.0,3334685608.0,700833944.0,10.0,36.0,62.181231999999994,30.472032,81.884232,0.351,68565.0,0.0,,,,,,7.883753187,209.0,37.04,0.0,0.0,1129778240.0,0.0,0.0,0.0,24.0,45.693528,0.0,84.29472,0.054,,,,,,,,0.0,0.0,37.43,2.641959306,0.445205207,1400504704.0,670748856.0,186009552.0,10.0,34.0,48.613248,27.071568,85.72904,0.079,13140.0,0.0,2095329.0,15.046562999999999,0.0,,,1.264912328,43.0,32.93,,,,,,,31.0,41.837399999999995,31.802239999999998,91.07279199999999,0.064,41060.0,,,,,0.0,2095329.0,5.645383195,114.0,458.3,362.4,490.0,381.8,69,57,68,64,0.418264,0.235912,0.29618,0.297198
1791342469.72,-,1,1.0,54.830000000000005,8.888526365,1.740499534,4659426272.0,3354088336.0,704835760.0,10.0,36.0,86.29848,30.472032,81.88927199999999,0.351,68976.0,0.0,,,,,,7.907806858,211.0,37.050000000000004,0.0,0.0,1130426464.0,0.0,0.0,0.0,24.0,46.742104,0.0,84.295744,0.054,,,,,,,,0.0,0.0,37.54,2.6761539400000003,0.452040296,1428193392.0,690119816.0,191741344.0,10.0,34.0,75.876224,27.071568,85.805816,0.079,13551.0,0.0,2095740.0,15.283769999999999,0.0,,,1.282420442,45.0,32.95,,,,,,,31.0,47.080279999999995,31.802239999999998,91.098128,0.064,41471.0,,,,,0.0,2095740.0,5.691147229,116.0,465.4,362.7,490.5,380.9,69,57,67,64,1.047728,0.559496,1.198842,0.199945
1791342470.74,-,1,1.0,54.88,8.917050685,1.745542966,4683788240.0,3373455568.0,708828592.0,10.0,36.0,47.799744,30.472032,81.88927199999999,0.354,69386.0,0.0,,,,,,7.929872956,212.0,37.06,0.0,0.0,1131074848.0,0.0,0.0,0.0,24.0,46.742104,0.0,84.29651199999999,0.054,,,,,,,,0.0,0.0,37.650000000000006,2.7118526679999997,0.458152966,1455903608.0,709472928.0,197465304.0,10.0,34.0,48.304863999999995,26.738447999999998,85.937336,0.083,13961.0,0.0,2096150.0,15.520779999999998,0.0,,,1.317370551,47.0,33.0,,,,,,,31.0,53.371736,31.802239999999998,91.136152,0.064,41881.0,,,,,0.0,2096150.0,5.736580085,118.0,465.4,362.7,490.5,380.9,69,57,67,64,1.047728,0.559496,1.198842,0.199945
1791342471.75,-,1,1.0,54.940000000000005,8.961484572000002,1.751744394,4708143136.0,3392841448.0,712824096.0,10.0,36.0,71.916992,30.472032,81.893728,0.354,69796.0,0.0,,,,,,7.964523105,213.0,37.06,0.0,0.0,1131723136.0,0.0,0.0,0.0,24.0,47.790679999999995,0.0,84.29651199999999,0.054,,,,,,,,0.0,0.0,37.75,2.751479918,0.464232172,1483446904.0,728828088.0,203188792.0,10.0,34.0,76.616416,26.738447999999998,86.09048,0.083,14371.0,0.0,2096560.0,15.757778,0.0,,,1.372435192,49.0,33.11,,,,,,,31.0,58.614616,31.802239999999998,91.267496,0.064,42291.0,,,,,0.0,2096560.0,5.786956192,120.0,465.4,362.7,490.5,380.9,69,57,67,64,1.047728,0.559496,1.198842,0.199945
1791342472.76,-,1,1.0,55.010000000000005,9.007799485,1.757574182,4732518672.0,3412218448.0,716819504.0,10.0,36.0,33.77088,29.551423999999997,81.908216,0.357,70206.0,0.0,,,,,,7.996716563,214.0,37.07,0.0,0.0,1132371312.0,0.0,0.0,0.0,24.0,48.839256,0.0,84.29740799999999,0.054,,,,,,,,0.0,0.0,37.980000000000004,2.8033727789999996,0.473531132,1511147832.0,748152496.0,208912272.0,10.0,34.0,48.391616,26.738447999999998,86.10877599999999,0.08600000000000001,14781.0,0.0,2096970.0,15.994781,0.0,,,1.408997305,51.0,33.14,,,,,,,31.0,64.906072,31.802239999999998,91.37529599999999,0.064,42701.0,,,,,0.0,2096970.0,5.832858619,122.0,454.4,362.4,491.0,380.8,69,57,67,64,1.296496,1.296496,1.194275,0.195944
1791342473.76,-,1,1.0,55.07,9.050428015,1.762994119,4756929424.0,3431652784.0,720822328.0,10.0,36.0,57.888127999999995,29.551423999999997,81.908216,0.357,70617.0,0.0,,,,,,8.022194259,216.0,37.11,0.0,0.0,1133020960.0,0.0,0.0,0.0,24.0,48.839256,0.0,86.393928,0.054,,,,,,,,0.0,0.0,38.1,2.850374593,0.481109632,1539140976.0,767545552.0,214647848.0,10.0,34.0,76.70316799999999,26.738447999999998,86.239792,0.08600000000000001,15192.0,0.0,2097381.0,16.232004,0.0,,,1.435181036,54.0,33.2,,,,,,,31.0,70.148952,31.802239999999998,92.21892799999999,0.064,43112.0,,,,,0.0,2097381.0,5.880851971,125.0,454.4,362.4,491.0,380.8,69,57,67,64,1.296496,1.296496,1.194275,0.195944
1791342474.77,-,1,1.0,55.120000000000005,9.082499624,1.768042069,4781343392.0,3451022376.0,724889232.0,10.0,36.0,82.005376,29.551423999999997,81.90991199999999,0.357,71027.0,0.0,,,,,,8.049174137,217.0,37.14,0.0,0.0,1133669232.0,0.0,0.0,0.0,24.0,49.887831999999996,0.0,84.683848,0.054,,,,,,,,0.0,0.0,38.25,2.885182089,0.487184815,1566507432.0,786870832.0,220369328.0,10.0,34.0,49.428008,26.738447999999998,88.214024,0.08800000000000001,15602.0,0.0,2097791.0,16.469003,0.0,,,1.448033714,55.0,33.24,,,,,,,31.0,36.538384,31.802239999999998,92.35848,0.067,43522.0,,,,,0.0,2097791.0,5.918357935,126.0,454.4,362.4,491.0,380.8,69,57,67,64,1.296496,1.296496,1.194275,0.195944
1791342475.79,-,1,1.0,55.27,9.11430676,1.775361156,4805954904.0,3470482432.0,728982272.0,10.0,36.0,43.981367999999996,29.551423999999997,81.91086399999999,0.359,71440.0,0.0,,,,,,8.083200715,221.0,37.150000000000006,0.0,0.0,1134317496.0,0.0,0.0,0.0,24.0,49.887831999999996,0.0,84.683848,0.054,,,,,,,,0.0,0.0,38.36,2.921218165,0.494084497,1594408600.0,806261056.0,226112584.0,10.0,34.0,76.690984,26.738447999999998,88.43765599999999,0.08800000000000001,16014.0,0.0,2098203.0,16.706450999999998,0.0,,,1.474883255,58.0,33.28,,,,,,,31.0,41.781264,31.802239999999998,91.852696,0.067,43934.0,,,,,0.0,2098203.0,5.966060957,129.0,454.3,362.5,492.5,382.6,69,57,68,65,0.545816,0.545816,0.918223,0.919222
1791342476.79,-,1,1.0,55.31,9.142448756999999,1.780889327,4830454840.0,3489925632.0,733065416.0,10.0,36.0,68.09861599999999,29.551423999999997,81.931488,0.359,71852.0,0.0,,,,,,8.113508651,224.0,37.150000000000006,0.0,0.0,1134966800.0,0.0,0.0,0.0,24.0,50.936408,0.0,84.685672,0.054,,,,,,,,0.0,0.0,38.47,2.952896968,0.500414446,1622330288.0,825663328.0,231854328.0,10.0,34.0,50.067712,26.539008,88.733864,0.092,16426.0,1.0,2098615.0,16.943872,0.0,,,1.498394842,61.0,33.31,,,,,,,31.0,47.024144,31.802239999999998,91.871648,0.067,44347.0,,,,,0.0,2098616.0,6.020782807,132.0,454.3,362.5,492.5,382.6,69,57,68,65,0.545816,0.545816,0.918223,0.919222
1791342477.8,-,1,1.0,55.63,9.328135875000001,1.794481791,4935395328.0,3585104304.0,741720776.0,10.0,36.0,53.922087999999995,29.531848,82.020664,0.374,72672.0,1243.0,,,,,,8.283168678,226.0,37.160000000000004,0.0,0.0,1135615064.0,0.0,0.0,0.0,24.0,51.984984,0.0,84.685672,0.054,,,,,,,,0.0,0.0,40.43,3.372470601,0.535804105,1810990712.0,997143424.0,244006456.0,10.0,34.0,80.472304,26.591088,89.77904,0.125,17249.0,665.0,2099436.0,17.456877,0.0,,,1.78981972,63.0,33.36,,,,,,,31.0,58.558479999999996,31.802239999999998,91.91815199999999,0.067,45167.0,,,,,0.0,2099436.0,6.276459853,134.0,454.3,362.5,492.5,382.6,69,57,68,65,0.545816,0.545816,0.918223,0.919222
1791342478.81,-,1,1.0,56.95,9.806777998,1.919542193,5214358952.0,3803018528.0,801519984.0,10.0,36.0,54.390719999999995,46.002112,82.005032,0.437,78002.0,0.0,,,,,,8.823215918,229.0,37.160000000000004,0.0,0.0,1136263328.0,0.0,0.0,0.0,24.0,51.984984,0.0,84.685672,0.054,,,,,,,,0.0,0.0,43.49,3.8234927339999993,0.760674563,2071714528.0,1140421528.0,332040048.0,10.0,34.0,132.796704,48.820384,89.792136,0.181,22577.0,0.0,2104766.0,21.603161,0.0,,,2.194259489,66.0,33.6,,,,,,,31.0,62.152688,36.986864,93.750368,0.08199999999999999,50497.0,,,,,0.0,2104766.0,6.721713463,137.0,450.8,362.3,508.7,382.0,69,57,74,64,6.288664,6.521032,0.790494,0.792374
1791342479.82,-,1,1.0,57.0,9.840185076,1.925320916,5238771800.0,3822453992.0,805523712.0,10.0,36.0,77.459392,46.002112,82.005032,0.437,78413.0,0.0,,,,,,8.853474557,232.0,37.21,0.0,0.0,1136911552.0,0.0,0.0,0.0,24.0,53.033559999999994,0.0,84.70423199999999,0.054,,,,,,,,0.0,0.0,43.6,3.859383943,0.767971526,2099453032.0,1159857408.0,337793192.0,10.0,34.0,74.573264,55.382991999999994,89.300888,0.185,22988.0,0.0,2105177.0,21.840393,0.0,,,2.213951178,68.0,33.63,,,,,,,31.0,67.395568,36.986864,92.60794399999999,0.08199999999999999,50908.0,,,,,0.0,2105177.0,6.764097879,139.0,450.8,362.3,508.7,382.0,69,57,74,64,6.288664,6.521032,0.790494,0.792374
1791342480.84,-,1,1.0,57.160000000000004,9.873261940999999,1.932769597,5263200200.0,3841821784.0,809525904.0,10.0,36.0,56.647679999999994,46.002112,81.986128,0.439,78823.0,0.0,,,,,,8.889430729,234.0,37.22,0.0,0.0,1137559824.0,0.0,0.0,0.0,24.0,54.082136,0.0,84.70423199999999,0.054,,,,,,,,0.0,0.0,43.730000000000004,3.891081584,0.773979111,2126891168.0,1179235864.0,343533984.0,10.0,34.0,101.83623999999999,55.382991999999994,88.854584,0.185,23398.0,0.0,2105587.0,22.077382999999998,0.0,,,2.226637535,69.0,33.65,,,,,,,31.0,72.638448,36.986864,92.038344,0.08199999999999999,51318.0,,,,,0.0,2105587.0,6.798245839,140.0,455.0,362.8,562.6,390.2,69,57,69,64,0.676216,0.676216,0.613413,0.614208
1791342481.85,-,1,1.0,57.220000000000006,9.911901113999999,1.93746675,5287544800.0,3861197288.0,813521312.0,10.0,36.0,80.764928,46.002112,81.99826399999999,0.439,79233.0,0.0,,,,,,8.913521596,235.0,37.22,0.0,0.0,1138208152.0,0.0,0.0,0.0,24.0,54.082136,0.0,84.705128,0.054,,,,,,,,0.0,0.0,43.800000000000004,3.9200868530000004,0.780099275,2154326624.0,1198604768.0,349272400.0,10.0,34.0,55.271856,49.203632,88.360096,0.189,23808.0,0.0,2105997.0,22.314401999999998,0.0,,,2.24375878,70.0,33.71,,,,,,,31.0,40.363856,35.180512,93.23459199999999,0.08399999999999999,51728.0,,,,,0.0,2105997.0,6.841829844,141.0,455.0,362.8,562.6,390.2,69,57,69,64,0.676216,0.676216,0.613413,0.614208
1791342482.86,-,1,1.0,57.28,9.943765047,1.941783717,5311943592.0,3880567192.0,817547168.0,10.0,36.0,58.068416,46.002112,82.02340799999999,0.441,79643.0,0.0,,,,,,8.940705967,236.0,37.22,0.0,0.0,1138856352.0,0.0,0.0,0.0,24.0,55.130711999999995,0.0,84.705128,0.054,,,,,,,,0.0,0.0,43.870000000000005,3.9518004089999996,0.785234011,2181741552.0,1217964832.0,355013344.0,10.0,34.0,82.534832,49.203632,88.42215999999999,0.189,24218.0,0.0,2106407.0,22.551389999999998,0.0,,,2.291525678,71.0,33.730000000000004,,,,,,,31.0,45.606736,35.180512,93.31528,0.08399999999999999,52138.0,,,,,0.0,2106407.0,6.8742403,142.0,455.0,362.8,562.6,390.2,69,57,69,64,0.676216,0.676216,0.613413,0.614208
1791342483.87,-,1,1.0,57.330000000000005,9.980948347,1.947612786,5336368112.0,3899989320.0,821574248.0,10.0,36.0,82.185664,46.002112,82.026288,0.441,80054.0,0.0,,,,,,8.998747684,238.0,37.230000000000004,0.0,0.0,1139504528.0,0.0,0.0,0.0,24.0,56.179288,0.0,84.705128,0.054,,,,,,,,0.0,0.0,43.96,3.995621989,0.791993208,2209433840.0,1237401960.0,360767264.0,10.0,34.0,109.79780799999999,49.203632,88.53296,0.189,24629.0,0.0,2106818.0,22.788636,0.0,,,2.309909545,73.0,33.760000000000005,,,,,,,31.0,50.849616,35.180512,92.739408,0.08399999999999999,52549.0,,,,,0.0,2106818.0,6.916862345,144.0,453.9,363.1,563.9,390.0,69,57,67,66,1.290728,0.785008,0.410838,0.411914
1791342484.88,-,1,1.0,57.39,10.009838354000001,1.952559693,5360765824.0,3919361128.0,825598064.0,10.0,36.0,46.693624,35.321688,82.036712,0.444,80464.0,0.0,,,,,,9.025174895,239.0,37.24,0.0,0.0,1140152720.0,0.0,0.0,0.0,24.0,56.179288,0.0,84.705128,0.054,,,,,,,,0.0,0.0,44.18,4.032435723,0.799257774,2236923248.0,1256785064.0,366508816.0,10.0,34.0,58.254712,48.155055999999995,88.469456,0.192,25039.0,0.0,2107228.0,23.025654,0.0,,,2.329746597,74.0,33.77,,,,,,,31.0,57.141071999999994,35.180512,92.17576799999999,0.08399999999999999,52959.0,,,,,0.0,2107228.0,6.943402334,145.0,453.9,363.1,563.9,390.0,69,57,67,66,1.290728,0.785008,0.410838,0.411914
1791342485.89,-,1,1.0,57.440000000000005,10.046405281,1.959151539,5385291416.0,3938828048.0,829683184.0,10.0,36.0,71.859448,35.321688,82.039232,0.444,80876.0,1.0,,,,,,9.071446925,242.0,37.24,0.0,0.0,1140800992.0,0.0,0.0,0.0,24.0,57.227864,0.0,84.705128,0.054,,,,,,,,0.0,0.0,44.27,4.070048375,0.807081129,2265115760.0,1276263104.0,372271792.0,10.0,34.0,87.61484,48.155055999999995,88.579944,0.192,25451.0,1.0,2107640.0,23.263106999999998,0.0,,,2.354643352,77.0,33.81,,,,,,,31.0,62.383951999999994,35.180512,92.184232,0.08399999999999999,53371.0,,,,,0.0,2107640.0,7.001204461,148.0,453.9,363.1,563.9,390.0,69,57,67,66,1.290728,0.785008,0.410838,0.411914
1791342486.91,-,1,1.0,57.59,10.084798501,1.965644229,5409812472.0,3958291896.0,833766816.0,10.0,36.0,94.92811999999999,35.321688,82.08249599999999,0.444,81288.0,1.0,,,,,,9.108210813,245.0,37.25,0.0,0.0,1141450208.0,0.0,0.0,0.0,24.0,57.227864,0.0,84.705128,0.054,,,,,,,,0.0,0.0,44.42,4.105868428,0.816384472,2293406192.0,1295726816.0,378045112.0,10.0,34.0,114.877816,48.155055999999995,90.553248,0.192,25864.0,0.0,2108053.0,23.500787,0.0,,,2.387923807,81.0,33.84,,,,,,,31.0,68.67540799999999,35.180512,92.21144,0.08399999999999999,53784.0,,,,,0.0,2108053.0,7.058771185,152.0,454.6,362.8,566.0,392.0,69,57,67,64,0.317272,0.646264,1.238639,1.239843
1791342487.91,-,1,1.0,57.650000000000006,10.113032146,1.970933192,5434183560.0,3977662912.0,837765400.0,10.0,36.0,56.466656,34.300039999999996,82.089536,0.447,81699.0,0.0,,,,,,9.137464287,247.0,37.25,0.0,0.0,1142098544.0,0.0,0.0,0.0,24.0,58.27644,0.0,84.705128,0.054,,,,,,,,0.0,0.0,44.510000000000005,4.136753451000001,0.821279571,2320774152.0,1315096344.0,383782824.0,10.0,34.0,60.756888,48.155055999999995,90.63361599999999,0.194,26274.0,0.0,2108463.0,23.737792,0.0,,,2.400108019,82.0,33.86,,,,,,,31.0,73.91828799999999,35.180512,92.21425599999999,0.08399999999999999,54194.0,,,,,0.0,2108463.0,7.087177648,153.0,454.6,362.8,566.0,392.0,69,57,67,64,0.317272,0.646264,1.238639,1.239843
1791342488.92,-,1,1.0,57.690000000000005,10.140105873,1.976453981,5458516576.0,3997026608.0,841761256.0,10.0,36.0,80.58390399999999,34.300039999999996,82.094656,0.447,82109.0,0.0,,,,,,9.170024778,248.0,37.260000000000005,0.0,0.0,1142746744.0,0.0,0.0,0.0,24.0,59.325016,0.0,84.705128,0.054,,,,,,,,0.0,0.0,44.61,4.1714129589999995,0.827311295,2348147280.0,1334479808.0,389524368.0,10.0,34.0,89.06844,48.155055999999995,90.660832,0.194,26684.0,0.0,2108873.0,23.974798999999997,0.0,,,2.416864845,83.0,33.88,,,,,,,31.0,39.944032,35.180512,92.247232,0.087,54604.0,,,,,0.0,2108873.0,7.115563441,154.0,454.6,362.8,566.0,392.0,69,57,67,64,0.317272,0.646264,1.238639,1.239843
1791342489.94,-,1,1.0,57.88,10.186711319,1.982602555,5482983992.0,4016435448.0,845763392.0,10.0,36.0,42.639384,34.300039999999996,83.32406399999999,0.45,82520.0,0.0,,,,,,9.197976532,250.0,37.260000000000005,0.0,0.0,1143394920.0,0.0,0.0,0.0,24.0,59.325016,0.0,84.705128,0.056,,,,,,,,0.0,0.0,44.71,4.211344765,0.836296784,2375872592.0,1353905192.0,395276600.0,10.0,34.0,116.33141599999999,48.155055999999995,89.617192,0.194,27095.0,0.0,2109284.0,24.212004999999998,0.0,,,2.438730442,85.0,34.03,,,,,,,31.0,45.186912,35.180512,92.346544,0.087,55015.0,,,,,0.0,2109284.0,7.171873658,156.0,455.4,362.8,566.6,391.1,69,57,70,64,0.965112,0.965112,1.038937,1.040034
1791342490.94,-,1,1.0,57.92,10.213717585,1.987915595,5507424016.0,4035832520.0,849832816.0,10.0,36.0,67.805208,34.300039999999996,82.184688,0.45,82930.0,0.0,,,,,,9.224676336,251.0,37.27,0.0,0.0,1144073680.0,0.0,0.0,0.0,24.0,26.830271999999997,0.0,84.705128,0.056,,,,,,,,0.0,0.0,44.78,4.239696639,0.841240079,2403294560.0,1373272160.0,401014048.0,10.0,34.0,44.978967999999995,33.486903999999996,89.749448,0.197,27505.0,0.0,2109694.0,24.448994,0.0,,,2.449588382,86.0,34.050000000000004,,,,,,,31.0,50.429792,35.180512,92.371344,0.087,55425.0,,,,,0.0,2109694.0,7.216769287,157.0,455.4,362.8,566.6,391.1,69,57,70,64,0.965112,0.965112,1.038937,1.040034
1791342491.94,-,1,1.0,57.980000000000004,10.252881702,1.996172978,5531835976.0,4055203824.0,853899896.0,10.0,36.0,91.922456,34.300039999999996,82.184688,0.45,83340.0,0.0,,,,,,9.270355708,252.0,37.27,0.0,0.0,1144720768.0,0.0,0.0,0.0,24.0,27.878847999999998,0.0,84.705128,0.056,,,,,,,,0.0,0.0,44.85,4.280550366,0.84933861,2430710008.0,1392642568.0,406755528.0,10.0,34.0,73.29052,33.486903999999996,89.184472,0.197,27915.0,0.0,2110104.0,24.686,0.0,,,2.466488248,87.0,34.080000000000005,,,,,,,31.0,56.721247999999996,35.180512,92.390456,0.087,55835.0,,,,,0.0,2110104.0,7.263537032,158.0,455.4,362.8,566.6,391.1,69,57,70,64,0.965112,0.965112,1.038937,1.040034
1791342492.94,-,1,1.0,58.040000000000006,10.285493899999999,2.001637023,5556268240.0,4074564168.0,857969744.0,10.0,36.0,52.551432,34.300039999999996,82.19095999999999,0.453,83750.0,0.0,,,,,,9.337454657,253.0,37.27,0.0,0.0,1145368816.0,0.0,0.0,0.0,24.0,27.878847999999998,0.0,84.705128,0.056,,,,,,,,0.0,0.0,44.92,4.312947175000001,0.854365678,2458059904.0,1412019480.0,412496904.0,10.0,34.0,100.553496,33.486903999999996,89.20992799999999,0.197,28325.0,0.0,2110514.0,24.923005,0.0,,,2.479732693,88.0,34.11,,,,,,,31.0,61.964127999999995,35.180512,92.469256,0.087,56245.0,,,,,0.0,2110514.0,7.361379318,159.0,455.5,363.1,566.3,389.9,69,57,68,64,0.92304,0.92304,0.911534,0.912833
1791342493.95,-,1,1.0,58.150000000000006,10.316109546,2.008720904,5580820504.0,4094066144.0,862046544.0,10.0,36.0,76.66868,34.300039999999996,82.226416,0.453,84161.0,0.0,,,,,,9.385072582,255.0,37.29,0.0,0.0,1146015904.0,0.0,0.0,0.0,24.0,28.927424,0.0,84.713448,0.056,,,,,,,,0.0,0.0,45.17,4.357052759,0.86102816,2486191472.0,1431559104.0,418252096.0,10.0,34.0,45.757608,33.486903999999996,89.174184,0.199,28736.0,0.0,2110925.0,25.160228,0.0,,,2.508778799,91.0,34.14,,,,,,,31.0,68.255584,35.180512,92.495032,0.087,56656.0,,,,,0.0,2110925.0,7.416455004,162.0,455.5,363.1,566.3,389.9,69,57,68,64,0.92304,0.92304,0.911534,0.912833
1791342494.97,-,1,1.0,58.220000000000006,10.355152952,2.014110854,5605215960.0,4113465168.0,866041568.0,10.0,36.0,38.119023999999996,32.290576,82.296472,0.455,84571.0,0.0,,,,,,9.411731183,256.0,37.300000000000004,0.0,0.0,1146664128.0,0.0,0.0,0.0,24.0,29.976,0.0,84.713448,0.056,,,,,,,,0.0,0.0,45.220000000000006,4.384860787,0.865256071,2513566184.0,1450924752.0,423992944.0,10.0,34.0,71.972008,33.486903999999996,89.218688,0.199,29146.0,0.0,2111335.0,25.397213999999998,0.0,,,2.518739737,92.0,34.17,,,,,,,31.0,73.498464,35.180512,92.545152,0.087,57066.0,,,,,0.0,2111335.0,7.442937431,163.0,455.9,362.8,537.3,391.3,69,57,67,64,0.496048,0.496048,0.69559,0.696703
1791342495.97,-,1,1.0,58.27,10.388544646,2.019680823,5629752744.0,4132944568.0,870125368.0,10.0,36.0,62.236272,32.290576,82.296472,0.455,84983.0,1.0,,,,,,9.440735889,258.0,37.300000000000004,0.0,0.0,1147312352.0,0.0,0.0,0.0,24.0,29.976,0.0,84.713448,0.056,,,,,,,,0.0,0.0,45.290000000000006,4.4154908,0.87110949,2541680448.0,1470377720.0,429755816.0,10.0,34.0,100.28356,33.486903999999996,89.30126399999999,0.199,29558.0,1.0,2111747.0,25.634653999999998,0.0,,,2.542429952,95.0,34.2,,,,,,,31.0,38.627776,35.180512,92.577336,0.089,57478.0,,,,,0.0,2111747.0,7.498067268,166.0,455.9,362.8,537.3,391.3,69,57,67,64,0.496048,0.496048,0.69559,0.696703
1791342496.98,-,1,1.0,58.31,10.420165148,2.026539666,5654236360.0,4152374152.0,874205784.0,10.0,36.0,86.35352,32.290576,82.298904,0.455,85395.0,1.0,,,,,,9.489516409,261.0,37.300000000000004,0.0,0.0,1147961544.0,0.0,0.0,0.0,24.0,31.024576,0.0,84.714472,0.056,,,,,,,,0.0,0.0,45.39,4.455675298999999,0.879553664,2570039088.0,1489850584.0,435528864.0,10.0,34.0,59.842999999999996,33.486903999999996,89.441152,0.202,29971.0,0.0,2112160.0,25.872314,0.0,,,2.575743841,99.0,34.300000000000004,,,,,,,31.0,42.82208,35.180512,92.64918399999999,0.089,57891.0,,,,,0.0,2112160.0,7.558285379,170.0,455.9,362.8,537.3,391.3,69,57,67,64,0.496048,0.496048,0.69559,0.696703
1791342497.99,-,1,1.0,58.49,10.457117558,2.032049967,5678691376.0,4171771488.0,878207192.0,10.0,36.0,48.62712,32.290576,82.27936,0.458,85806.0,0.0,,,,,,9.514548284,263.0,37.31,0.0,0.0,1148609768.0,0.0,0.0,0.0,24.0,32.073152,0.0,84.714472,0.056,,,,,,,,0.0,0.0,45.46,4.4898028629999995,0.884488957,2597391592.0,1509227864.0,441269232.0,10.0,34.0,87.105976,33.486903999999996,89.631856,0.202,30381.0,0.0,2112570.0,26.109313,0.0,,,2.609737488,100.0,34.32,,,,,,,31.0,49.113535999999996,35.180512,92.655704,0.089,58301.0,,,,,0.0,2112570.0,7.58769019,171.0,455.4,362.8,536.4,392.1,69,57,67,64,0.484568,0.484568,0.775113,0.775934
1791342499.0,장애 redeploy int,1,1.0,,,,,,,,,,,,,,,,,,,,,,37.31,0.0,0.0,1149258192.0,0.0,0.0,0.0,24.0,32.073152,0.0,84.714472,0.056,,,,,,,,0.0,0.0,45.67,4.6056299030000005,0.899018258,2668486800.0,1564735136.0,452759904.0,10.0,34.0,88.85837599999999,30.370072,89.853864,0.20500000000000002,31202.0,410.0,2113391.0,26.583526,0.0,,,2.642209775,103.0,34.410000000000004,,,,,,,31.0,59.599295999999995,35.180512,92.695768,0.089,59122.0,,,,,0.0,2113391.0,7.687128564,174.0,455.4,362.8,536.4,392.1,69,57,67,64,0.484568,0.484568,0.775113,0.775934
1791342500.33,장애 redeploy int,1,1.0,,,,,,,,,,,,,,,,,,,,,,37.32,0.0,0.0,1149906120.0,0.0,0.0,0.0,24.0,32.073152,0.0,84.714472,0.056,,,,,,,,0.0,0.0,45.980000000000004,4.620750767,0.904897625,2679263296.0,1567385584.0,458500688.0,10.0,34.0,33.634664,30.370072,80.791112,0.20800000000000002,31612.0,0.0,2113801.0,26.820536999999998,0.0,,,2.661777868,104.0,34.45,,,,,,,31.0,64.842176,35.180512,92.70836,0.089,59532.0,,,,,0.0,2113801.0,7.736808775,175.0,455.4,362.8,536.4,392.1,69,57,67,64,0.484568,0.484568,0.775113,0.775934
1791342501.34,장애 redeploy int,1,1.0,,,,,,,,,,,,,,,,,,,,,,37.32,0.0,0.0,1150553344.0,0.0,0.0,0.0,24.0,33.121728,0.0,84.714472,0.056,,,,,,,,0.0,0.0,46.050000000000004,4.670516721,0.911263919,2706700784.0,1586769032.0,464242008.0,10.0,34.0,60.897639999999996,30.370072,80.8712,0.20800000000000002,32022.0,0.0,2114211.0,27.057541,0.0,,,2.674549531,105.0,34.47,,,,,,,31.0,71.13363199999999,35.180512,92.72491199999999,0.089,59942.0,,,,,0.0,2114211.0,7.766909502,176.0,182.8,362.3,539.5,390.3,35,57,67,64,2.038256,0.799768,2.840869,0.847124
1791342502.34,장애 redeploy int,1,1.0,,,,,,,,,,,,,,,,,,,,,,37.330000000000005,0.0,0.0,1151201472.0,0.0,0.0,0.0,24.0,33.121728,0.0,84.714472,0.056,,,,,,,,0.0,0.0,46.17,4.7278630459999995,0.918178054,2734052784.0,1606142432.0,469980224.0,10.0,34.0,89.209192,30.370072,81.69259199999999,0.20800000000000002,32432.0,0.0,2114621.0,27.294549999999997,0.0,,,2.687435439,106.0,34.5,,,,,,,31.0,77.425088,35.180512,92.76644,0.089,60352.0,,,,,0.0,2114621.0,7.806128203,177.0,182.8,362.3,539.5,390.3,35,57,67,64,2.038256,0.799768,2.840869,0.847124
1791342503.36,장애 redeploy int,1,1.0,20.700000000000003,0.15170005,0.0,473437064.0,13601616.0,0.0,1.0,28.0,36.650664,0.0,74.962544,0.005,,,,,,,,0.0,0.0,37.330000000000005,0.0,0.0,1151849696.0,0.0,0.0,0.0,24.0,34.170304,0.0,84.714472,0.056,,,,,,,,0.0,0.0,46.290000000000006,4.773138462,0.925966441,2761690112.0,1625511984.0,475723792.0,10.0,34.0,49.874936,30.370072,81.209784,0.21100000000000002,32842.0,0.0,2115031.0,27.531561,0.0,,,2.707537177,108.0,34.54,,,,,,,31.0,39.779328,35.180512,92.768104,0.092,60762.0,,,,,0.0,2115031.0,7.857752772,179.0,182.8,362.3,539.5,390.3,35,57,67,64,2.038256,0.799768,2.840869,0.847124
1791342504.37,장애 redeploy int,1,1.0,21.880000000000003,0.525295193,0.0,510525088.0,41660928.0,0.0,8.0,35.0,47.911088,0.0,82.91199999999999,0.008,,0.0,,,,,,0.0,0.0,37.370000000000005,0.0,0.0,1152497768.0,0.0,0.0,0.0,24.0,35.21888,0.0,84.72650399999999,0.056,,,,,,,,0.0,0.0,46.38,4.817377557,0.933446954,2789360352.0,1644944800.0,481476520.0,10.0,34.0,77.137912,30.370072,81.26153599999999,0.21100000000000002,33253.0,0.0,2115442.0,27.768774,0.0,,,2.726372012,110.0,34.56,,,,,,,31.0,45.022208,35.180512,92.777264,0.092,61173.0,,,,,410.0,2115032.0,7.865079907,180.0,309.1,362.3,538.4,391.1,68,57,67,64,3.615472,0.826536,5.675928,0.684473
1791342505.37,장애 redeploy int,1,1.0,28.290000000000003,1.5015710420000001,0.214072976,663479008.0,181913632.0,11483680.0,10.0,37.0,57.244479999999996,36.57024,88.85664,0.037,825.0,0.0,,,,,,0.34385878,2.0,37.370000000000005,0.0,0.0,1153145992.0,0.0,0.0,0.0,24.0,35.21888,0.0,84.72650399999999,0.056,,,,,,,,0.0,0.0,46.510000000000005,4.893617723,0.933446954,2816775096.0,1670018664.0,481476520.0,10.0,34.0,36.37788,29.423015999999997,81.291744,0.21600000000000003,33663.0,0.0,2115852.0,28.005755999999998,0.0,,,2.726372012,110.0,34.59,,,,,,,31.0,50.265088,35.180512,92.78519999999999,0.092,61583.0,,,,,410.0,2115442.0,7.903457794,181.0,309.1,362.3,538.4,391.1,68,57,67,64,3.615472,0.826536,5.675928,0.684473
1791342506.38,장애 redeploy int,1,1.0,30.950000000000003,1.616285315,0.36776735,712131776.0,204294672.0,36737344.0,10.0,37.0,62.446287999999996,36.57024,86.625216,0.044,3284.0,0.0,,,,,,0.694427675,5.0,37.38,0.0,0.0,1153795320.0,0.0,0.0,0.0,24.0,36.267455999999996,0.0,84.727272,0.056,,,,,,,,0.0,0.0,46.760000000000005,4.938203668,0.949979659,2844715840.0,1683754640.0,492977728.0,10.0,34.0,64.689432,29.423015999999997,81.49252,0.21600000000000003,34075.0,0.0,2116264.0,28.243209,0.0,,,2.770689805,113.0,34.64,,,,,,,31.0,56.556543999999995,35.180512,92.838488,0.092,61995.0,,,,,0.0,2116264.0,8.043164041,184.0,309.1,362.3,538.4,391.1,68,57,67,64,3.615472,0.826536,5.675928,0.684473
1791342507.39,장애 redeploy int,1,1.0,31.090000000000003,1.662712763,0.369474721,732646432.0,223928672.0,36755080.0,10.0,37.0,51.978463999999995,33.872912,85.585168,0.047,3415.0,0.0,,,,,,0.723335808,7.0,37.400000000000006,0.0,0.0,1154443672.0,0.0,0.0,0.0,24.0,36.267455999999996,0.0,84.732648,0.056,,,,,,,,0.0,0.0,46.86,4.978162935,0.956083733,2872634248.0,1703194336.0,498739776.0,10.0,34.0,93.000984,29.423015999999997,82.17748,0.21600000000000003,34487.0,0.0,2116676.0,28.480649999999997,0.0,,,2.846021646,116.0,34.72,,,,,,,31.0,62.848,35.180512,94.978352,0.092,62407.0,,,,,0.0,2116676.0,8.1414693,187.0,419.8,362.3,537.4,389.9,77,57,67,64,0.349296,0.349296,0.829507,0.830431
1791342508.41,-,1,1.0,31.57,1.718495084,0.396901039,761464008.0,243463472.0,45134808.0,10.0,36.0,49.218495999999995,33.872912,85.127768,0.05,4106.0,0.0,,,,,,0.807400016,9.0,37.400000000000006,0.0,0.0,1155091992.0,0.0,0.0,0.0,24.0,37.316032,0.0,84.732648,0.056,,,,,,,,0.0,0.0,47.080000000000005,5.0266158370000005,0.961393447,2900119832.0,1722585184.0,504480976.0,10.0,34.0,52.89676,29.423015999999997,81.611424,0.21999999999999997,34897.0,0.0,2117086.0,28.717654,0.0,,,2.858681864,117.0,34.760000000000005,,,,,,,31.0,68.09088,35.180512,95.129888,0.092,62817.0,,,,,0.0,2117086.0,8.177772394,188.0,419.8,362.3,537.4,389.9,77,57,67,64,0.349296,0.349296,0.829507,0.830431
1791342509.42,-,1,1.0,31.750000000000004,1.7704647509999998,0.408913668,785983256.0,262992056.0,49277736.0,10.0,36.0,42.341263999999995,33.872912,85.28788,0.053,4516.0,0.0,,,,,,0.84373405,10.0,37.400000000000006,0.0,0.0,1155740120.0,0.0,0.0,0.0,24.0,38.364608,0.0,84.732648,0.056,,,,,,,,0.0,0.0,47.160000000000004,5.068484433,0.966620864,2927509608.0,1741960672.0,510222456.0,10.0,34.0,80.159736,29.423015999999997,81.64207999999999,0.21999999999999997,35307.0,0.0,2117496.0,28.954655,0.0,,,2.871931254,118.0,34.97,,,,,,,31.0,74.382336,35.180512,94.77632799999999,0.092,63227.0,,,,,0.0,2117496.0,8.215705154,189.0,419.8,362.3,537.4,389.9,77,57,67,64,0.349296,0.349296,0.829507,0.830431
1791342510.44,-,1,1.0,32.04,1.8140134310000002,0.418047804,810472832.0,282571328.0,53336784.0,10.0,36.0,33.208432,30.86488,85.489752,0.056,4927.0,0.0,,,,,,0.880364292,12.0,37.410000000000004,0.0,0.0,1156388328.0,0.0,0.0,0.0,24.0,38.364608,0.0,84.73341599999999,0.056,,,,,,,,0.0,0.0,47.24,5.108416463999999,0.972400259,2955314824.0,1761394640.0,515974680.0,10.0,34.0,46.8852,29.423015999999997,81.71175199999999,0.22399999999999998,35718.0,0.0,2117907.0,29.191875999999997,0.0,,,2.913253459,120.0,35.010000000000005,,,,,,,31.0,37.056896,35.180512,94.838464,0.094,63638.0,,,,,0.0,2117907.0,8.279006676,191.0,402.3,362.3,528.2,391.8,71,57,67,66,0.84972,0.84972,0.749887,0.751034
1791342511.45,-,1,1.0,32.21,1.8539493100000002,0.431771524,834837800.0,302074976.0,57386104.0,10.0,36.0,57.32568,30.86488,85.584576,0.056,5337.0,0.0,,,,,,0.925295317,13.0,37.410000000000004,0.0,0.0,1157036552.0,0.0,0.0,0.0,24.0,39.413184,0.0,84.734568,0.056,,,,,,,,0.0,0.0,47.32,5.161993084,0.977657497,2982658880.0,1780776880.0,521715992.0,10.0,34.0,74.14817599999999,29.423015999999997,81.722856,0.22399999999999998,36128.0,0.0,2118317.0,29.428877,0.0,,,2.923961052,121.0,35.06,,,,,,,31.0,42.299776,35.180512,94.865048,0.094,64048.0,,,,,0.0,2118317.0,8.308182929,192.0,402.3,362.3,528.2,391.8,71,57,67,66,0.84972,0.84972,0.749887,0.751034
1791342512.45,-,1,1.0,32.74,1.9116934189999997,0.446939984,859362784.0,321581544.0,61437000.0,10.0,36.0,49.26696,30.86488,84.83055999999999,0.059,5747.0,0.0,,,,,,0.96151178,14.0,37.42,0.0,0.0,1157684680.0,0.0,0.0,0.0,24.0,40.46176,0.0,84.734568,0.056,,,,,,,,0.0,0.0,47.400000000000006,5.203596551,0.985602481,3010028152.0,1800143936.0,527453680.0,10.0,34.0,39.144272,28.607056,81.78267199999999,0.22699999999999998,36538.0,0.0,2118727.0,29.665857,0.0,,,2.939027788,122.0,35.080000000000005,,,,,,,31.0,47.542656,35.180512,94.29858399999999,0.094,64458.0,,,,,0.0,2118727.0,8.355753465,193.0,402.3,362.3,528.2,391.8,71,57,67,66,0.84972,0.84972,0.749887,0.751034
1791342513.46,-,1,1.0,32.95,1.95761962,0.458901832,883703688.0,341028624.0,65488024.0,10.0,36.0,39.388656,30.86488,84.96902399999999,0.061,6157.0,0.0,,,,,,0.992743978,15.0,37.43,0.0,0.0,1158332904.0,0.0,0.0,0.0,24.0,40.46176,0.0,84.74212,0.056,,,,,,,,0.0,0.0,47.580000000000005,5.2404819830000005,0.991553678,3037660888.0,1819506960.0,533196328.0,10.0,34.0,67.45582399999999,28.607056,81.863888,0.22699999999999998,36948.0,0.0,2119137.0,29.902829999999998,0.0,,,2.976562356,124.0,35.1,,,,,,,31.0,53.834112,35.180512,93.778736,0.094,64868.0,,,,,0.0,2119137.0,8.41928456,195.0,406.4,362.3,527.5,391.3,71,57,67,65,0.788496,0.788496,0.513175,0.5142
1791342514.46,-,1,1.0,33.510000000000005,2.005535038,0.468434642,908491072.0,360949120.0,69542424.0,10.0,36.0,63.505903999999994,30.86488,85.305352,0.061,6569.0,0.0,,,,,,1.027492609,17.0,37.43,0.0,0.0,1158981048.0,0.0,0.0,0.0,24.0,41.510335999999995,0.0,84.743016,0.056,,,,,,,,0.0,0.0,47.82,5.277610986,1.003462188,3066055128.0,1838979480.0,538962056.0,10.0,34.0,37.706976,28.607056,82.367528,0.22999999999999998,37360.0,0.0,2119549.0,30.14029,0.0,,,3.024417799,128.0,35.160000000000004,,,,,,,31.0,59.076992,35.180512,95.751672,0.094,65280.0,,,,,0.0,2119549.0,8.47119749,199.0,406.4,362.3,527.5,391.3,71,57,67,65,0.788496,0.788496,0.513175,0.5142
1791342515.47,-,1,1.0,33.99,2.047422988,0.480163916,932902720.0,380362080.0,73698864.0,10.0,36.0,45.1866,29.758288,85.572144,0.065,6979.0,0.0,,,,,,1.069312307,18.0,37.440000000000005,0.0,0.0,1159629200.0,0.0,0.0,0.0,24.0,41.510335999999995,0.0,84.743912,0.056,,,,,,,,0.0,0.0,47.89,5.320080706,1.010317539,3093787872.0,1858382600.0,544705328.0,10.0,34.0,64.96995199999999,28.607056,82.40981599999999,0.22999999999999998,37770.0,0.0,2119959.0,30.377281999999997,0.0,,,3.044973506,130.0,35.22,,,,,,,31.0,65.368448,35.180512,94.299368,0.094,65690.0,,,,,0.0,2119959.0,8.52613565,201.0,429.4,362.9,528.9,393.0,71,57,68,67,0.637952,0.637952,0.278666,0.285037
1791342516.48,-,1,1.0,34.260000000000005,2.084099093,0.49012883,957375600.0,399895544.0,77827312.0,10.0,36.0,70.352424,29.758288,85.755056,0.065,7391.0,0.0,,,,,,1.105025443,20.0,37.440000000000005,0.0,0.0,1160279032.0,0.0,0.0,0.0,24.0,42.558912,0.0,84.743912,0.056,,,,,,,,0.0,0.0,47.970000000000006,5.352291339,1.016980965,3121724064.0,1877826456.0,550459408.0,10.0,34.0,32.131336,28.607056,82.45092799999999,0.23299999999999998,38181.0,0.0,2120370.0,30.614514,0.0,,,3.071789762,133.0,35.27,,,,,,,31.0,71.659904,35.180512,94.408864,0.094,66102.0,,,,,0.0,2120371.0,8.579426001,205.0,429.4,362.9,528.9,393.0,71,57,68,67,0.637952,0.637952,0.278666,0.285037
1791342517.5,-,1,1.0,35.2,2.1469096199999997,0.504429089,981824872.0,419388264.0,81881168.0,10.0,36.0,50.133055999999996,29.758288,85.732776,0.069,7803.0,0.0,,,,,,1.198153193,22.0,37.46,0.0,0.0,1160927256.0,0.0,0.0,0.0,24.0,43.607488,0.0,84.759272,0.056,,,,,,,,0.0,0.0,48.07,5.389697926,1.025122285,3149733552.0,1897293696.0,556244736.0,10.0,34.0,60.442887999999996,28.607056,82.53032,0.23299999999999998,38594.0,0.0,2120783.0,30.852193,0.0,,,3.146027389,136.0,35.300000000000004,,,,,,,31.0,76.902784,35.180512,94.539104,0.094,66514.0,,,,,0.0,2120783.0,8.617919958,207.0,429.4,362.9,528.9,393.0,71,57,68,67,0.637952,0.637952,0.278666,0.285037
1791342518.51,-,1,1.0,35.31,2.190654027,0.516269154,1006065864.0,438749056.0,85919560.0,10.0,36.0,33.188656,29.758288,85.789288,0.074,8213.0,0.0,,,,,,1.248505068,23.0,37.47,0.0,0.0,1161576072.0,0.0,0.0,0.0,24.0,43.607488,0.0,84.76503199999999,0.056,,,,,,,,0.0,0.0,48.150000000000006,5.436161292,1.036019208,3177118416.0,1916679088.0,561982688.0,10.0,34.0,87.70586399999999,28.607056,82.575552,0.23299999999999998,39004.0,0.0,2121193.0,31.089184999999997,0.0,,,3.172947702,137.0,35.330000000000005,,,,,,,31.0,39.633216,35.180512,94.54294399999999,0.09799999999999999,66924.0,,,,,0.0,2121193.0,8.657260159,208.0,429.9,362.9,529.5,392.9,72,57,68,64,0.485648,0.485648,1.079898,1.081059
1791342519.52,-,1,1.0,35.410000000000004,2.227418029,0.525117921,1030294432.0,458125448.0,89960736.0,10.0,36.0,57.305904,29.758288,85.872176,0.074,8623.0,0.0,,,,,,1.279607478,24.0,37.47,0.0,0.0,1162224296.0,0.0,0.0,0.0,24.0,44.656064,0.0,84.76503199999999,0.056,,,,,,,,0.0,0.0,48.32,5.471618841,1.041832318,3204853040.0,1936063240.0,567726032.0,10.0,34.0,53.059968,27.590424,82.68609599999999,0.235,39414.0,0.0,2121603.0,31.326196,0.0,,,3.193840691,139.0,35.35,,,,,,,31.0,43.82752,35.180512,94.55152,0.09799999999999999,67334.0,,,,,0.0,2121603.0,8.698661046,210.0,429.9,362.9,529.5,392.9,72,57,68,64,0.485648,0.485648,1.079898,1.081059
1791342520.54,-,1,1.0,35.510000000000005,2.266504648,0.534855102,1054592416.0,477533032.0,94009400.0,10.0,36.0,37.802152,29.222663999999998,85.97704,0.077,9034.0,0.0,,,,,,1.317238056,26.0,37.480000000000004,0.0,0.0,1162872344.0,0.0,0.0,0.0,24.0,44.656064,0.0,84.76503199999999,0.056,,,,,,,,0.0,0.0,48.410000000000004,5.509138285,1.048341175,3232867696.0,1955491184.0,573459408.0,10.0,34.0,80.32294399999999,27.590424,82.710168,0.235,39825.0,0.0,2122014.0,31.563419999999997,0.0,,,3.221435623,142.0,35.38,,,,,,,31.0,50.118975999999996,35.180512,94.573352,0.09799999999999999,67745.0,,,,,0.0,2122014.0,8.752102721,213.0,429.9,362.9,529.5,392.9,72,57,68,64,0.485648,0.485648,1.079898,1.081059
1791342521.55,-,1,1.0,35.580000000000005,2.3084235590000004,0.542710995,1078823392.0,496911496.0,98050928.0,10.0,36.0,61.919399999999996,29.222663999999998,86.018176,0.077,9444.0,0.0,,,,,,1.344985661,27.0,37.480000000000004,0.0,0.0,1163520568.0,0.0,0.0,0.0,24.0,45.70464,0.0,84.76503199999999,0.056,,,,,,,,0.0,0.0,48.6,5.556619975,1.053889429,3260276672.0,1974864664.0,579180976.0,10.0,34.0,46.993047999999995,27.590424,82.101424,0.238,40235.0,0.0,2122424.0,31.800441,0.0,,,3.233586994,143.0,35.400000000000006,,,,,,,31.0,55.361855999999996,35.180512,94.57655199999999,0.09799999999999999,68155.0,,,,,0.0,2122424.0,8.783642883,214.0,417.5,362.4,529.6,393.4,69,57,68,64,0.611616,0.611616,0.867773,0.868689
1791342522.56,-,1,1.0,35.77,2.339109878,0.550985995,1103129656.0,516275480.0,102089208.0,10.0,36.0,42.728919999999995,29.222663999999998,85.491768,0.08,9854.0,0.0,,,,,,1.374716881,28.0,37.49,0.0,0.0,1164168696.0,0.0,0.0,0.0,24.0,46.753215999999995,0.0,84.76503199999999,0.056,,,,,,,,0.0,0.0,48.650000000000006,5.590082541,1.05923344,3287614968.0,1994237624.0,584902304.0,10.0,34.0,75.3046,27.590424,82.116376,0.238,40645.0,0.0,2122834.0,32.037448,0.0,,,3.249774515,144.0,35.43,,,,,,,31.0,60.604735999999995,35.180512,94.589736,0.09799999999999999,68565.0,,,,,0.0,2122834.0,8.811040849,215.0,417.5,362.4,529.6,393.4,69,57,68,64,0.611616,0.611616,0.867773,0.868689
1791342523.57,-,1,1.0,35.86,2.370912811,0.560138628,1127426528.0,535645000.0,106205616.0,10.0,36.0,66.84616799999999,29.222663999999998,85.563176,0.08,10264.0,0.0,,,,,,1.410366532,29.0,37.5,0.0,0.0,1164816920.0,0.0,0.0,0.0,24.0,46.753215999999995,0.0,84.765928,0.056,,,,,,,,0.0,0.0,48.720000000000006,5.625086566999999,1.068407748,3315000080.0,2013614216.0,590620904.0,10.0,34.0,45.083175999999995,27.590424,82.12008,0.241,41055.0,0.0,2123244.0,32.274446,0.0,,,3.266411717,145.0,35.45,,,,,,,31.0,66.896192,35.180512,94.62768,0.09799999999999999,68975.0,,,,,0.0,2123244.0,8.847209852,216.0,417.5,362.4,529.6,393.4,69,57,68,64,0.611616,0.611616,0.867773,0.868689
1791342524.58,-,1,1.0,35.99,2.413731035,0.568829715,1151804400.0,555080016.0,110306616.0,10.0,36.0,45.633815999999996,29.222663999999998,85.817752,0.083,10676.0,0.0,,,,,,1.4470004,31.0,37.5,0.0,0.0,1165465168.0,0.0,0.0,0.0,24.0,47.801792,0.0,84.767208,0.056,,,,,,,,0.0,0.0,48.790000000000006,5.663509489,1.074633114,3342774112.0,2033072800.0,596364024.0,10.0,34.0,73.394728,27.590424,82.163528,0.241,41467.0,0.0,2123656.0,32.511896,0.0,,,3.284185522,147.0,35.47,,,,,,,31.0,72.139072,35.180512,94.634728,0.09799999999999999,69387.0,,,,,0.0,2123656.0,8.890479363,218.0,416.8,362.4,523.7,392.6,69,57,67,64,0.925848,0.925848,0.743447,0.744355
1791342525.59,-,1,1.0,36.07,2.4500751550000004,0.576001231,1176111472.0,574458184.0,114422696.0,10.0,36.0,69.751064,29.222663999999998,85.985512,0.083,11086.0,0.0,,,,,,1.478218737,32.0,37.5,0.0,0.0,1166113800.0,0.0,0.0,0.0,24.0,48.850367999999996,0.0,84.76899999999999,0.056,,,,,,,,0.0,0.0,48.86000000000001,5.701268445,1.079914758,3370190600.0,2052438784.0,602085592.0,10.0,34.0,42.526711999999996,27.067216,82.1946,0.245,41877.0,0.0,2124066.0,32.748914,0.0,,,3.296622016,148.0,35.49,,,,,,,31.0,78.430528,35.180512,94.649648,0.09799999999999999,69797.0,,,,,0.0,2124066.0,8.921440334,219.0,416.8,362.4,523.7,392.6,69,57,67,64,0.925848,0.925848,0.743447,0.744355
1791342526.6,-,1,1.0,36.14,2.4840390329999997,0.583729361,1200438792.0,593887640.0,118478584.0,10.0,36.0,49.393176,29.036807999999997,86.056896,0.086,11498.0,0.0,,,,,,1.510505012,35.0,37.54,0.0,0.0,1166763088.0,0.0,0.0,0.0,24.0,48.850367999999996,0.0,84.787176,0.056,,,,,,,,0.0,0.0,48.95,5.737205729,1.085878586,3398099832.0,2071884000.0,607828384.0,10.0,34.0,70.838264,27.067216,82.23884,0.245,42289.0,0.0,2124478.0,32.986371999999996,0.0,,,3.319483675,151.0,35.56,,,,,,,31.0,39.274784,35.180512,94.70612,0.09999999999999999,70209.0,,,,,0.0,2124478.0,8.969981224,222.0,417.4,362.7,524.4,392.4,69,57,67,64,0.312056,0.573288,0.485414,0.486297
1791342527.62,-,1,1.0,36.24,2.5166746289999997,0.593514475,1224795136.0,613315048.0,122565896.0,10.0,36.0,29.232519999999997,29.036807999999997,86.154336,0.088,11910.0,0.0,,,,,,1.552123741,38.0,37.550000000000004,0.0,0.0,1167411952.0,0.0,0.0,0.0,24.0,49.898944,0.0,84.791144,0.056,,,,,,,,0.0,0.0,49.09,5.768063466999999,1.091903527,3426165072.0,2091339616.0,613570720.0,10.0,34.0,41.581072,27.067216,82.23279199999999,0.248,42701.0,0.0,2124890.0,33.223831,0.0,,,3.400575072,154.0,35.580000000000005,,,,,,,31.0,44.517663999999996,35.180512,94.714368,0.09999999999999999,70621.0,,,,,0.0,2124890.0,9.035169049,225.0,417.4,362.7,524.4,392.4,69,57,67,64,0.312056,0.573288,0.485414,0.486297
1791342528.63,-,1,1.0,36.42,2.556025536,0.602515774,1249112624.0,632691272.0,126635192.0,10.0,36.0,53.349768,29.036807999999997,86.01273599999999,0.088,12320.0,0.0,,,,,,1.586159752,39.0,37.56,0.0,0.0,1168060192.0,0.0,0.0,0.0,24.0,50.94752,0.0,84.791144,0.056,,,,,,,,0.0,0.0,49.150000000000006,5.804022769,1.097009184,3453521672.0,2110710656.0,619288960.0,10.0,34.0,68.844048,27.067216,82.257632,0.248,43111.0,0.0,2125300.0,33.460828,0.0,,,3.412513961,155.0,35.59,,,,,,,31.0,50.80912,35.180512,94.741704,0.09999999999999999,71031.0,,,,,0.0,2125300.0,9.066550085,226.0,417.4,362.7,524.4,392.4,69,57,67,64,0.312056,0.573288,0.485414,0.486297
1791342529.64,-,1,1.0,36.52,2.592886053,0.608566686,1273369912.0,652065256.0,130676840.0,10.0,36.0,34.95608,29.036807999999997,86.08319999999999,0.091,12730.0,0.0,,,,,,1.616273325,40.0,37.56,0.0,0.0,1168708432.0,0.0,0.0,0.0,24.0,50.94752,0.0,84.791144,0.056,,,,,,,,0.0,0.0,49.290000000000006,5.849045973,1.101791035,3480936416.0,2130087280.0,625010464.0,10.0,34.0,41.64592,27.067216,84.3296,0.251,43521.0,0.0,2125710.0,33.697825,0.0,,,3.426677189,156.0,35.61,,,,,,,31.0,56.052,35.180512,94.74452,0.09999999999999999,71441.0,,,,,0.0,2125710.0,9.09429741,227.0,417.4,362.7,519.2,393.0,69,57,67,64,1.038568,0.632064,1.256552,0.26029
1791342530.65,-,1,1.0,36.580000000000005,2.6239590909999997,0.616005802,1297613152.0,671460800.0,134713336.0,10.0,36.0,59.073328,29.036807999999997,86.108432,0.091,13141.0,0.0,,,,,,1.644573071,41.0,37.56,0.0,0.0,1169356656.0,0.0,0.0,0.0,24.0,51.996095999999994,0.0,84.791144,0.056,,,,,,,,0.0,0.0,49.400000000000006,5.888988434,1.108107623,3508697896.0,2149498992.0,630742376.0,10.0,34.0,68.908896,27.067216,84.63249599999999,0.251,43932.0,0.0,2126121.0,33.935046,0.0,,,3.448141085,158.0,35.63,,,,,,,31.0,61.29488,35.180512,94.756872,0.09999999999999999,71852.0,,,,,0.0,2126121.0,9.139012568,229.0,417.4,362.7,519.2,393.0,69,57,67,64,1.038568,0.632064,1.256552,0.26029
1791342531.66,-,1,1.0,36.81,2.661208326,0.626171823,1321925488.0,690822296.0,138822224.0,10.0,36.0,38.417488,28.9678,86.21165599999999,0.094,13551.0,0.0,,,,,,1.705930688,42.0,37.57,0.0,0.0,1170004704.0,0.0,0.0,0.0,24.0,51.996095999999994,0.0,84.791144,0.056,,,,,,,,0.0,0.0,49.480000000000004,5.922279111,1.113310846,3536346120.0,2168869616.0,636465440.0,10.0,34.0,41.128023999999996,26.629296,82.91192,0.254,44342.0,0.0,2126531.0,34.172039,0.0,,,3.467466015,160.0,35.67,,,,,,,31.0,67.586336,35.180512,94.76212,0.09999999999999999,72262.0,,,,,0.0,2126531.0,9.184599049,231.0,417.4,362.7,519.2,393.0,69,57,67,64,1.038568,0.632064,1.256552,0.26029
1791342532.67,-,1,1.0,36.870000000000005,2.692831977,0.63343931,1346216296.0,710192304.0,142930872.0,10.0,36.0,63.583312,28.9678,86.285056,0.094,13961.0,0.0,,,,,,1.742266678,43.0,37.57,0.0,0.0,1170652928.0,0.0,0.0,0.0,24.0,53.044672,0.0,84.791144,0.056,,,,,,,,0.0,0.0,49.550000000000004,5.960962218,1.118975065,3563723376.0,2188236704.0,642186368.0,10.0,34.0,68.39099999999999,26.629296,82.95276,0.254,44752.0,0.0,2126941.0,34.409031999999996,0.0,,,3.481249444,161.0,35.68,,,,,,,31.0,73.877792,35.180512,94.76288799999999,0.09999999999999999,72672.0,,,,,0.0,2126941.0,9.220197355,232.0,422.2,362.9,520.3,393.4,69,57,67,64,0.848512,0.848512,0.363052,0.364077
1791342533.69,-,1,1.0,37.1,2.7347573499999998,0.641549689,1370546368.0,729563872.0,146964848.0,10.0,36.0,43.441904,28.9678,86.283608,0.096,14371.0,0.0,,,,,,1.772157744,44.0,37.57,0.0,0.0,1171301696.0,0.0,0.0,0.0,24.0,54.093247999999996,0.0,84.791144,0.056,,,,,,,,0.0,0.0,49.720000000000006,5.997660409,1.123977209,3591163440.0,2207597288.0,647907104.0,10.0,34.0,41.151136,26.629296,82.97896,0.257,45162.0,0.0,2127351.0,34.646012,0.0,,,3.492558477,162.0,35.71,,,,,,,31.0,79.120672,35.180512,94.779696,0.09999999999999999,73082.0,,,,,0.0,2127351.0,9.249940616,233.0,422.2,362.9,520.3,393.4,69,57,67,64,0.848512,0.848512,0.363052,0.364077
1791342534.7,-,1,1.0,37.17,2.768737464,0.648759078,1394835720.0,748998880.0,151007896.0,10.0,36.0,67.559152,28.9678,86.414368,0.096,14783.0,0.0,,,,,,1.800288166,45.0,37.580000000000005,0.0,0.0,1171949824.0,0.0,0.0,0.0,24.0,54.093247999999996,0.0,84.791144,0.056,,,,,,,,0.0,0.0,49.77,6.029599144,1.128759864,3618941832.0,2227043096.0,653650208.0,10.0,34.0,69.462688,26.629296,82.99815199999999,0.257,45574.0,0.0,2127763.0,34.883466999999996,0.0,,,3.511364123,164.0,35.75,,,,,,,31.0,38.658352,35.180512,94.808624,0.102,73494.0,,,,,0.0,2127763.0,9.293678651,235.0,422.2,362.9,520.3,393.4,69,57,67,64,0.848512,0.848512,0.363052,0.364077
1791342535.72,-,1,1.0,37.24,2.8029188290000002,0.656250122,1419070136.0,768357472.0,155042024.0,10.0,36.0,47.388728,28.9678,86.488224,0.099,15193.0,0.0,,,,,,1.828368715,46.0,37.580000000000005,0.0,0.0,1172598064.0,0.0,0.0,0.0,24.0,55.141824,0.0,84.791144,0.056,,,,,,,,0.0,0.0,50.02,6.061059343,1.133038195,3646276384.0,2246414176.0,659368080.0,10.0,34.0,41.16852,26.629296,83.067976,0.259,45984.0,0.0,2128173.0,35.120445,0.0,,,3.520394575,165.0,35.77,,,,,,,31.0,43.901232,35.180512,94.808624,0.102,73904.0,,,,,0.0,2128173.0,9.32570348,236.0,417.8,362.9,522.9,392.9,69,57,67,64,0.642984,0.643392,0.236807,0.237754
1791342536.73,-,1,1.0,37.300000000000004,2.839567561,0.665149303,1443399088.0,787811840.0,159091128.0,10.0,36.0,71.50597599999999,28.9678,86.554088,0.099,15605.0,0.0,,,,,,1.898761657,49.0,37.580000000000005,0.0,0.0,1173247232.0,0.0,0.0,0.0,24.0,56.1904,0.0,84.791912,0.056,,,,,,,,0.0,0.0,50.080000000000005,6.09619702,1.13818303,3673951432.0,2265847552.0,665109760.0,10.0,34.0,69.48007199999999,26.629296,83.141104,0.259,46396.0,0.0,2128585.0,35.357881,0.0,,,3.543937417,167.0,35.79,,,,,,,31.0,49.144112,35.180512,94.813408,0.102,74316.0,,,,,0.0,2128585.0,9.355878524,238.0,417.8,362.9,522.9,392.9,69,57,67,64,0.642984,0.643392,0.236807,0.237754
1791342537.74,-,1,1.0,38.34,2.980312766,0.704513904,1494654800.0,829099536.0,168113680.0,10.0,36.0,37.867799999999995,28.954359999999998,87.73051199999999,0.108,16427.0,0.0,,,,,,2.028619411,51.0,37.59,0.0,0.0,1173895472.0,0.0,0.0,0.0,24.0,56.1904,0.0,84.791912,0.056,,,,,,,,0.0,0.0,50.830000000000005,6.429465887,1.184919542,3840521792.0,2395591416.0,692034616.0,10.0,34.0,34.915344,26.526736,83.292496,0.28300000000000003,48101.0,232.0,2130290.0,36.571097,0.0,,,3.643131238,170.0,35.910000000000004,,,,,,,31.0,74.309936,35.180512,94.950576,0.102,76021.0,,,,,883.0,2129407.0,9.433088876,240.0,417.8,362.9,522.9,392.9,69,57,67,64,0.642984,0.643392,0.236807,0.237754
1791342538.74,-,1,1.0,41.68,3.862448371,0.911746691,1829128808.0,1102312192.0,227890048.0,10.0,36.0,80.6086,45.882591999999995,88.52733599999999,0.167,21616.0,0.0,,,,,,2.666892263,54.0,37.7,0.0,0.0,1174543776.0,0.0,0.0,0.0,24.0,57.238975999999994,0.0,84.805224,0.056,,,,,,,,0.0,0.0,52.760000000000005,6.909784595,1.302863816,4121671096.0,2578974744.0,765413616.0,10.0,34.0,92.067728,45.58052,83.345608,0.359,52548.0,0.0,2134737.0,40.017036,0.0,,,3.864067576,173.0,36.160000000000004,,,,,,,31.0,65.54592,35.180512,95.002584,0.11,80468.0,,,,,0.0,2134737.0,9.99258901,244.0,420.4,362.9,523.3,393.2,73,57,67,64,25.425888,25.425888,1.23427,1.236277
1791342539.75,-,1,1.0,41.89,3.8961121559999996,0.920152835,1855820472.0,1122594824.0,233171976.0,10.0,36.0,107.87157599999999,45.882591999999995,88.75063999999999,0.167,22167.0,0.0,,,,,,2.703995784,56.0,37.7,0.0,0.0,1175192072.0,0.0,0.0,0.0,24.0,57.238975999999994,0.0,84.806888,0.056,,,,,,,,0.0,0.0,52.830000000000005,6.961848428,1.309735673,4149046368.0,2598354400.0,771151496.0,10.0,34.0,119.330704,45.58052,83.366512,0.359,52958.0,0.0,2135147.0,40.254042999999996,0.0,,,3.876131762,174.0,36.17,,,,,,,31.0,70.7888,35.180512,95.02169599999999,0.11,80878.0,,,,,0.0,2135147.0,10.033651573,245.0,420.4,362.9,523.3,393.2,73,57,67,64,25.425888,25.425888,1.23427,1.236277
1791342540.76,-,1,1.0,42.07,3.931868216,0.927394436,1880400448.0,1141998792.0,237260072.0,10.0,36.0,69.877104,45.882591999999995,88.075608,0.17,22578.0,0.0,,,,,,2.741206785,57.0,37.7,0.0,0.0,1175840248.0,0.0,0.0,0.0,24.0,58.287552,0.0,84.806888,0.056,,,,,,,,0.0,0.0,52.970000000000006,6.998238258,1.315416236,4176812336.0,2617782840.0,776904776.0,10.0,34.0,60.812264,53.006144,84.070816,0.362,53369.0,0.0,2135558.0,40.491274,0.0,,,3.906923942,176.0,36.190000000000005,,,,,,,31.0,77.08025599999999,35.180512,95.05701599999999,0.11,81289.0,,,,,0.0,2135558.0,10.076441061,247.0,420.4,362.9,523.3,393.2,73,57,67,64,25.425888,25.425888,1.23427,1.236277
1791342541.77,-,1,1.0,42.21,3.967570603,0.935089956,1904828200.0,1161369944.0,241333224.0,10.0,36.0,95.04292799999999,45.882591999999995,88.139952,0.17,22988.0,0.0,,,,,,2.78266487,58.0,37.71,0.0,0.0,1176488376.0,0.0,0.0,0.0,24.0,58.287552,0.0,84.806888,0.056,,,,,,,,0.0,0.0,53.040000000000006,7.041283713,1.321853617,4204582480.0,2637202640.0,782647928.0,10.0,34.0,89.12381599999999,53.006144,83.61372,0.362,53779.0,0.0,2135968.0,40.728271,0.0,,,3.926572206,178.0,36.230000000000004,,,,,,,31.0,81.27456,35.180512,95.13936,0.11,81699.0,,,,,0.0,2135968.0,10.117628929,249.0,454.8,362.4,575.2,394.2,70,57,68,64,0.638792,0.638792,0.962556,0.963808
1791342542.79,-,1,1.0,42.28,3.9977513140000003,0.941693708,1929294760.0,1180748296.0,245406152.0,10.0,36.0,54.503184,45.882591999999995,88.251992,0.173,23398.0,0.0,,,,,,2.812233934,59.0,37.71,0.0,0.0,1177136600.0,0.0,0.0,0.0,24.0,59.336127999999995,0.0,84.806888,0.056,,,,,,,,0.0,0.0,53.11000000000001,7.081195340000001,1.326277351,4231944376.0,2656599744.0,788388504.0,10.0,34.0,116.386792,53.006144,83.619104,0.362,54189.0,0.0,2136378.0,40.965246,0.0,,,3.94125439,179.0,36.260000000000005,,,,,,,31.0,38.147391999999996,35.180512,97.0608,0.113,82109.0,,,,,0.0,2136378.0,10.148820107,250.0,454.8,362.4,575.2,394.2,70,57,68,64,0.638792,0.638792,0.962556,0.963808
1791342543.79,-,1,1.0,42.43,4.040426105,0.948339897,1953811328.0,1200133280.0,249479184.0,10.0,36.0,77.571856,45.882591999999995,88.35128,0.173,23808.0,0.0,,,,,,2.842225665,60.0,37.730000000000004,0.0,0.0,1177815184.0,0.0,0.0,0.0,24.0,26.868536,0.0,84.8096,0.058,,,,,,,,0.0,0.0,53.190000000000005,7.127810725,1.332011282,4259327136.0,2675972296.0,794126432.0,10.0,34.0,63.511024,43.925536,83.655216,0.366,54599.0,0.0,2136788.0,41.202245999999995,0.0,,,3.96248846,180.0,36.28,,,,,,,31.0,43.390271999999996,35.180512,95.914568,0.113,82519.0,,,,,0.0,2136788.0,10.185098304,251.0,454.8,362.4,575.2,394.2,70,57,68,64,0.638792,0.638792,0.962556,0.963808
1791342544.79,-,1,1.0,42.52,4.076632641,0.955107913,1978495656.0,1219670432.0,253642008.0,10.0,36.0,102.73768,45.882591999999995,88.51725599999999,0.173,24220.0,0.0,,,,,,2.87508624,62.0,37.74,0.0,0.0,1178463384.0,0.0,0.0,0.0,24.0,26.868536,0.0,84.8096,0.058,,,,,,,,0.0,0.0,53.25,7.1672611040000005,1.336957804,4286885960.0,2695505888.0,799888904.0,10.0,34.0,91.822576,43.925536,83.68319199999999,0.366,55011.0,0.0,2137200.0,41.439707,0.0,,,3.972556788,181.0,36.31,,,,,,,31.0,48.633151999999995,35.180512,96.611272,0.113,82931.0,,,,,0.0,2137200.0,10.225915116,252.0,454.9,362.9,576.9,394.8,69,57,67,65,0.805976,0.805976,0.790387,0.791604
1791342545.8,-,1,1.0,42.580000000000005,4.1059533560000006,0.960559932,2003030240.0,1239045720.0,257786992.0,10.0,36.0,50.833968,35.423392,88.55803999999999,0.176,24630.0,0.0,,,,,,2.903366507,63.0,37.74,0.0,0.0,1179111584.0,0.0,0.0,0.0,24.0,27.917112,0.0,84.8096,0.058,,,,,,,,0.0,0.0,53.31,7.199519766000001,1.342155999,4314276936.0,2714887128.0,805618440.0,10.0,34.0,119.08555199999999,43.925536,83.755048,0.366,55421.0,0.0,2137610.0,41.676697999999995,0.0,,,3.982588881,182.0,36.47,,,,,,,31.0,53.876031999999995,35.180512,95.52591199999999,0.113,83341.0,,,,,0.0,2137610.0,10.256812904,253.0,454.9,362.9,576.9,394.8,69,57,67,65,0.805976,0.805976,0.790387,0.791604
1791342546.81,-,1,1.0,42.64,4.139897473,0.969336015,2027546256.0,1258492072.0,261873000.0,10.0,36.0,74.951216,35.423392,88.632832,0.176,25042.0,0.0,,,,,,2.941330448,65.0,37.74,0.0,0.0,1179760800.0,0.0,0.0,0.0,24.0,28.965688,0.0,84.8096,0.058,,,,,,,,0.0,0.0,53.52,7.245009861,1.349518453,4342479088.0,2734323832.0,811381368.0,10.0,34.0,65.384256,43.925536,83.77591199999999,0.369,55833.0,0.0,2138022.0,41.914148999999995,0.0,,,4.016128355,185.0,36.5,,,,,,,31.0,60.167488,35.180512,95.67246399999999,0.113,83753.0,,,,,0.0,2138022.0,10.309659654,256.0,454.0,362.4,576.6,396.9,69,57,67,64,0.482776,0.482776,0.60155,0.602596
1791342547.83,-,1,1.0,42.7,4.173472358,0.975238977,2052156544.0,1277958128.0,266033720.0,10.0,36.0,100.11703999999999,35.423392,88.695824,0.176,25454.0,0.0,,,,,,2.973612647,67.0,37.74,0.0,0.0,1180408960.0,0.0,0.0,0.0,24.0,28.965688,0.0,84.8096,0.058,,,,,,,,0.0,0.0,53.6,7.278827581,1.355826451,4370186240.0,2753779032.0,817142816.0,10.0,34.0,93.695808,43.925536,83.818096,0.369,56245.0,0.0,2138434.0,42.151604999999996,0.0,,,4.079617857,187.0,36.52,,,,,,,31.0,65.41036799999999,35.180512,95.675024,0.113,84165.0,,,,,0.0,2138434.0,10.353346207,258.0,454.0,362.4,576.6,396.9,69,57,67,64,0.482776,0.482776,0.60155,0.602596
1791342548.84,-,1,1.0,42.88,4.209388259000001,0.982349016,2076748264.0,1297330328.0,270178304.0,10.0,36.0,52.76356,35.423392,88.384632,0.178,25864.0,0.0,,,,,,3.00903653,68.0,37.75,0.0,0.0,1181057160.0,0.0,0.0,0.0,24.0,30.014263999999997,0.0,84.8096,0.058,,,,,,,,0.0,0.0,53.660000000000004,7.318121025999999,1.360722389,4397544008.0,2773152080.0,822880688.0,10.0,34.0,120.958784,43.925536,83.854232,0.369,56655.0,0.0,2138844.0,42.388594,0.0,,,4.096245884,188.0,36.53,,,,,,,31.0,71.701824,35.180512,95.675024,0.113,84575.0,,,,,0.0,2138844.0,10.390089764,259.0,454.0,362.4,576.6,396.9,69,57,67,64,0.482776,0.482776,0.60155,0.602596
1791342549.85,-,1,1.0,42.92,4.240933587,0.987665731,2101204976.0,1316730552.0,274251272.0,10.0,36.0,76.880808,35.423392,88.446792,0.178,26274.0,0.0,,,,,,3.032975095,69.0,37.75,0.0,0.0,1181705456.0,0.0,0.0,0.0,24.0,31.062839999999998,0.0,84.8096,0.058,,,,,,,,0.0,0.0,53.730000000000004,7.3490083120000005,1.36457914,4424958696.0,2792529080.0,828621416.0,10.0,34.0,64.35392,43.925536,83.88758399999999,0.372,57065.0,0.0,2139254.0,42.625583999999996,0.0,,,4.105466281,189.0,36.56,,,,,,,31.0,76.944704,35.180512,95.67943199999999,0.113,84985.0,,,,,0.0,2139254.0,10.412255782,260.0,454.9,362.9,576.7,395.8,69,57,67,64,0.798768,0.798768,0.780211,0.781439
1791342550.86,-,1,1.0,42.980000000000004,4.275934750999999,0.99519494,2125767272.0,1336154592.0,278406016.0,10.0,36.0,100.99805599999999,35.423392,88.50853599999999,0.178,26685.0,0.0,,,,,,3.078782449,71.0,37.760000000000005,0.0,0.0,1182353728.0,0.0,0.0,0.0,24.0,31.062839999999998,0.0,84.810368,0.058,,,,,,,,0.0,0.0,53.790000000000006,7.393078956,1.370004666,4452398800.0,2811930744.0,834371840.0,10.0,34.0,91.616896,43.925536,83.916568,0.372,57476.0,0.0,2139665.0,42.86278,0.0,,,4.140113328,190.0,36.730000000000004,,,,,,,31.0,37.112896,35.180512,95.73554399999999,0.115,85396.0,,,,,0.0,2139665.0,10.449411379,261.0,454.9,362.9,576.7,395.8,69,57,67,64,0.798768,0.798768,0.780211,0.781439
1791342551.87,-,1,1.0,43.06,4.309000327,1.001793089,2150316672.0,1355541328.0,282554520.0,10.0,36.0,54.75984,35.423392,88.59322399999999,0.181,27095.0,0.0,,,,,,3.114246247,72.0,37.77,0.0,0.0,1183002000.0,0.0,0.0,0.0,24.0,32.111416,0.0,84.814848,0.058,,,,,,,,0.0,0.0,53.85,7.422436156000001,1.373669361,4479728504.0,2831308008.0,840110488.0,10.0,34.0,118.87987199999999,43.925536,83.92358399999999,0.372,57886.0,0.0,2140075.0,43.099792,0.0,,,4.149010623,191.0,36.74,,,,,,,31.0,42.355776,35.180512,95.73554399999999,0.115,85806.0,,,,,0.0,2140075.0,10.48073177,262.0,454.9,362.9,576.7,395.8,69,57,67,64,0.798768,0.798768,0.780211,0.781439
1791342552.88,장애 redeploy app,1,1.0,43.120000000000005,4.340409149,1.008961176,2174755160.0,1374924536.0,286625200.0,10.0,36.0,78.877088,35.423392,88.64312,0.181,27505.0,0.0,,,,,,3.144000254,73.0,37.78,0.0,0.0,1183650272.0,0.0,0.0,0.0,24.0,33.159991999999995,0.0,84.814848,0.058,,,,,,,,0.0,0.0,53.93000000000001,7.463343409,1.379452187,4507370552.0,2850697208.0,845853688.0,10.0,34.0,53.3136,35.54312,83.98189599999999,0.375,58296.0,0.0,2140485.0,43.336784,0.0,,,4.177572963,193.0,36.79,,,,,,,31.0,47.598656,35.180512,95.74476,0.115,86216.0,,,,,0.0,2140485.0,10.522083423,264.0,454.9,363.2,578.7,398.2,69,57,67,64,0.798592,0.798592,0.544149,0.545148
1791342553.89,장애 redeploy app,1,1.0,43.17,4.372098047,1.014241524,2199188656.0,1394300968.0,290698704.0,10.0,36.0,102.99433599999999,35.423392,88.692768,0.181,27915.0,0.0,,,,,,3.168616435,74.0,37.78,0.0,0.0,1184298568.0,0.0,0.0,0.0,24.0,33.159991999999995,0.0,84.817792,0.058,,,,,,,,0.0,0.0,53.980000000000004,7.494388264,1.383843626,4533252976.0,2870077736.0,851594880.0,10.0,34.0,78.479424,35.54312,84.000824,0.375,58706.0,0.0,2140895.0,43.573786,0.0,,,4.209406312,194.0,,,,,,,,,,,,,,,,,,,,,,454.9,363.2,578.7,398.2,69,57,67,64,0.798592,0.798592,0.544149,0.545148
1791342555.23,장애 redeploy app,1,1.0,43.34,4.454316588,1.022778509,2237757784.0,1427760152.0,294786136.0,10.0,36.0,68.289,33.348943999999996,88.80741599999999,0.184,28327.0,345.0,,,,,,3.216047154,76.0,37.79,0.0,0.0,1184946768.0,0.0,0.0,0.0,24.0,34.208568,0.0,84.817792,0.058,,,,,,,,0.0,0.0,54.25,7.580025321000001,1.396256562,4584355304.0,2908838440.0,863095072.0,10.0,34.0,45.090959999999995,35.54312,84.543104,0.379,59528.0,0.0,2141717.0,44.048231,0.0,,,4.246785929,196.0,,,,,,,,,,,,,,,,,,,,,,454.9,363.2,578.7,398.2,69,57,67,64,0.798592,0.798592,0.544149,0.545148
1791342556.24,장애 redeploy app,1,1.0,43.53,4.521607611,1.041122955,2271625264.0,1452476832.0,302961144.0,10.0,36.0,101.84343199999999,33.348943999999996,88.920856,0.184,29147.0,0.0,,,,,,3.301298434,78.0,37.79,0.0,0.0,1185596064.0,0.0,0.0,0.0,24.0,34.208568,0.0,84.817792,0.058,,,,,,,,0.0,0.0,54.330000000000005,7.6309392659999995,1.403190328,4610277288.0,2928262560.0,868846312.0,10.0,34.0,71.30536,35.54312,84.00329599999999,0.379,59939.0,0.0,2142128.0,44.285453,0.0,,,4.262397786,197.0,,,,,,,,,,,,,,,,,,,,,,456.0,362.4,577.2,138.1,69,57,67,29,0.547448,0.636208,0.439489,3.445658
1791342557.24,장애 redeploy app,1,1.0,43.790000000000006,4.591212652,1.054790444,2296278136.0,1471936216.0,307079680.0,10.0,36.0,53.563959999999994,33.348943999999996,88.903016,0.188,29559.0,0.0,,,,,,3.36337679,81.0,37.800000000000004,0.0,0.0,1186244272.0,0.0,0.0,0.0,24.0,34.208568,0.0,84.817792,0.058,,,,,,,,0.0,0.0,54.39,7.6851509369999995,1.404357144,4627847776.0,2945080360.0,868857744.0,10.0,34.0,88.082576,35.54312,84.00329599999999,0.379,59940.0,411.0,2142129.0,44.285678,0.0,,,4.281258822,198.0,,,,,,,,,,,,,,,,,,,,,,456.0,362.4,577.2,138.1,69,57,67,29,0.547448,0.636208,0.439489,3.445658
1791342558.25,장애 redeploy app,1,1.0,43.88,4.647440465,1.056329402,2314536896.0,1489188984.0,307097392.0,10.0,36.0,71.389752,33.348943999999996,89.004536,0.188,29561.0,0.0,,,,,,3.376288767,83.0,37.800000000000004,0.0,0.0,1186892576.0,0.0,0.0,0.0,24.0,35.257144,0.0,84.817792,0.058,,,,,,,,0.0,0.0,54.470000000000006,7.737183718,1.410517095,4653825672.0,2964527688.0,874618872.0,10.0,34.0,41.60836,35.54312,84.012232,0.382,60352.0,410.0,2142541.0,44.523117,0.0,,,4.324441047,200.0,22.330000000000002,,,,,,,32.0,47.24572,0.0,76.97691999999999,0.004,,,,,,,-1.0,0.0,0.0,456.0,362.4,577.2,138.1,69,57,67,29,0.547448,0.636208,0.439489,3.445658
1791342559.27,장애 redeploy app,1,1.0,43.970000000000006,4.691288364,1.071064682,2345239432.0,1510769528.0,315241344.0,10.0,36.0,101.798456,33.348943999999996,89.10967199999999,0.191,30381.0,0.0,,,,,,3.445354395,85.0,37.800000000000004,0.0,0.0,1187540784.0,0.0,0.0,0.0,24.0,36.30572,0.0,84.817792,0.058,,,,,,,,0.0,0.0,54.800000000000004,7.7886438600000005,1.423858679,4698030440.0,2986502440.0,886078240.0,10.0,34.0,88.79428,35.54312,84.27346399999999,0.382,61172.0,0.0,2143361.0,44.997112,0.0,,,4.359110526,202.0,24.51,,,,,,,32.0,34.668032,25.230847999999998,83.11828799999999,0.013,2876.0,,,,,0.0,2143361.0,0.503942964,3.0,452.4,362.4,556.9,325.8,69,57,67,56,0.645504,0.412696,0.52726,6.535722
1791342560.28,장애 redeploy app,1,1.0,44.050000000000004,4.7354700869999995,1.077595535,2369705784.0,1530148456.0,319314688.0,10.0,36.0,57.705791999999995,33.348943999999996,89.159712,0.191,30791.0,0.0,,,,,,3.472124152,86.0,37.81,0.0,0.0,1188188928.0,0.0,0.0,0.0,24.0,36.30572,0.0,84.817792,0.058,,,,,,,,0.0,0.0,54.870000000000005,7.822050332000001,1.427771955,4725457608.0,3005906864.0,891799496.0,10.0,34.0,117.10583199999999,35.54312,84.3074,0.382,61582.0,0.0,2143771.0,45.234100999999995,0.0,,,4.398355117,203.0,24.69,,,,,,,32.0,39.910911999999996,25.230847999999998,82.923064,0.013,3286.0,,,,,0.0,2143771.0,0.553630671,4.0,452.4,362.4,556.9,325.8,69,57,67,56,0.645504,0.412696,0.52726,6.535722
1791342561.29,장애 redeploy app,1,1.0,44.13,4.776003117,1.083072726,2394205672.0,1549583800.0,323395616.0,10.0,36.0,81.82303999999999,33.348943999999996,89.19690399999999,0.191,31202.0,0.0,,,,,,3.506418512,88.0,37.81,0.0,0.0,1188837200.0,0.0,0.0,0.0,24.0,37.354296,0.0,84.817792,0.058,,,,,,,,0.0,0.0,54.95,7.867070534,1.440399932,4753051840.0,3025342360.0,897531464.0,10.0,34.0,58.98312,33.539792,84.34407999999999,0.38399999999999995,61993.0,0.0,2144182.0,45.471326,0.0,,,4.44070109,205.0,24.830000000000002,,,,,,,32.0,46.202368,25.230847999999998,83.23113599999999,0.013,3697.0,,,,,0.0,2144182.0,0.620286974,6.0,452.4,362.4,556.9,325.8,69,57,67,56,0.645504,0.412696,0.52726,6.535722
1791342562.3,장애 redeploy app,1,1.0,44.28,4.822091252,1.089882607,2418709320.0,1568968464.0,327500088.0,10.0,36.0,37.19392,32.302431999999996,89.258944,0.194,31612.0,0.0,,,,,,3.543494514,89.0,37.82,0.0,0.0,1189487168.0,0.0,0.0,0.0,24.0,37.354296,0.0,84.819712,0.058,,,,,,,,0.0,0.0,55.0,7.894650650000001,1.444832838,4780427736.0,3044688208.0,903249872.0,10.0,34.0,87.29467199999999,33.539792,84.387264,0.38399999999999995,62403.0,0.0,2144592.0,45.708329,0.0,,,4.453914384,206.0,24.970000000000002,,,,,,,32.0,51.445248,25.230847999999998,83.41519199999999,0.013,4107.0,,,,,0.0,2144592.0,0.664069314,7.0,452.9,363.2,559.3,341.1,69,57,67,67,0.56368,0.776864,0.291532,1.295694
1791342563.32,-,1,1.0,44.35,4.863912413,1.096753744,2443139664.0,1588320624.0,331601592.0,10.0,36.0,62.359744,32.302431999999996,89.298296,0.194,32022.0,0.0,,,,,,3.57518682,90.0,37.870000000000005,0.0,0.0,1190135440.0,0.0,0.0,0.0,24.0,38.402871999999995,0.0,84.82892799999999,0.058,,,,,,,,0.0,0.0,55.2,7.9299869780000005,1.45630325,4807893120.0,3064084216.0,908970936.0,10.0,34.0,42.489912,33.539792,84.352184,0.38699999999999996,62813.0,0.0,2145002.0,45.945319,0.0,,,4.477013506,207.0,25.14,,,,,,,31.0,57.736703999999996,25.230847999999998,83.040504,0.013,4517.0,,,,,0.0,2145002.0,0.713955218,8.0,452.9,363.2,559.3,341.1,69,57,67,67,0.56368,0.776864,0.291532,1.295694
1791342564.33,-,1,1.0,44.410000000000004,4.900677972,1.102223881,2466077632.0,1607061408.0,334821544.0,10.0,36.0,85.428416,32.302431999999996,90.51447999999999,0.194,32328.0,1.0,,,,,,3.647933218,91.0,37.870000000000005,0.0,0.0,1190783712.0,0.0,0.0,0.0,24.0,39.451448,0.0,84.82892799999999,0.058,,,,,,,,0.0,0.0,55.28,7.9615567,1.460740143,4835275712.0,3083459512.0,914692192.0,10.0,34.0,69.752888,33.539792,86.66931199999999,0.38699999999999996,63223.0,0.0,2145412.0,46.182317999999995,0.0,,,4.510691194,208.0,25.23,,,,,,,31.0,33.557024,25.230847999999998,83.234584,0.016,4927.0,,,,,0.0,2145412.0,0.799545042,9.0,452.6,363.5,556.1,342.6,69,57,67,66,0.992856,0.992856,1.13128,1.132429
1791342565.34,-,1,1.0,44.61,4.9385574530000005,1.110604573,2492243184.0,1627187680.0,339795744.0,10.0,36.0,41.76616,32.302431999999996,87.83975199999999,0.199,32844.0,0.0,,,,,,3.684122526,94.0,37.88,0.0,0.0,1191431912.0,0.0,0.0,0.0,24.0,39.451448,0.0,84.82892799999999,0.058,,,,,,,,0.0,0.0,55.36000000000001,7.992557772,1.466061968,4863099152.0,3102928184.0,920434168.0,10.0,34.0,97.015864,33.539792,85.596648,0.38699999999999996,63635.0,0.0,2145824.0,46.419762999999996,0.0,,,4.532830029,210.0,25.35,,,,,,,31.0,37.751328,25.230847999999998,82.87880799999999,0.016,5339.0,,,,,0.0,2145824.0,0.846756157,11.0,452.6,363.5,556.1,342.6,69,57,67,66,0.992856,0.992856,1.13128,1.132429
1791342566.35,-,1,1.0,44.67,4.967472977,1.118632735,2516743400.0,1646571096.0,343937024.0,10.0,36.0,66.931984,32.302431999999996,87.896776,0.199,33254.0,0.0,,,,,,3.721280294,95.0,37.88,0.0,0.0,1192081360.0,0.0,0.0,0.0,24.0,40.500023999999996,0.0,84.82892799999999,0.058,,,,,,,,0.0,0.0,55.43000000000001,8.024228863000001,1.471686743,4890749960.0,3122321528.0,926157336.0,10.0,34.0,53.100176,33.539792,85.66788,0.38999999999999996,64045.0,0.0,2146234.0,46.656762,0.0,,,4.559065895,212.0,25.53,,,,,,,31.0,44.042784,25.230847999999998,83.09515999999999,0.016,5749.0,,,,,0.0,2146234.0,0.904443925,13.0,452.6,363.5,556.1,342.6,69,57,67,66,0.992856,0.992856,1.13128,1.132429
1791342567.36,-,1,1.0,44.730000000000004,4.998737859,1.12597364,2541328936.0,1666008800.0,348096336.0,10.0,36.0,91.04923199999999,32.302431999999996,87.988368,0.199,33666.0,0.0,,,,,,3.78444617,98.0,37.88,0.0,0.0,1192729656.0,0.0,0.0,0.0,24.0,41.5486,0.0,84.82892799999999,0.058,,,,,,,,0.0,0.0,55.49,8.064910158,1.475960307,4918872192.0,3144168440.0,929497696.0,10.0,34.0,81.411728,33.539792,85.11335199999999,0.38999999999999996,64458.0,0.0,2146647.0,46.894431,0.0,,,4.613801823,215.0,25.73,,,,,,,31.0,49.285664,25.230847999999998,83.4306,0.016,6162.0,,,,,0.0,2146647.0,0.968275464,16.0,452.8,362.4,559.2,352.0,69,57,68,65,0.372648,0.372648,0.957231,0.958268
1791342568.36,-,1,1.0,44.86,5.031278595,1.13356509,2565851568.0,1685438264.0,352184832.0,10.0,36.0,46.683552,32.302431999999996,88.698616,0.202,34078.0,0.0,,,,,,3.917421639,101.0,37.88,0.0,0.0,1193377880.0,0.0,0.0,0.0,24.0,41.5486,0.0,84.82892799999999,0.058,,,,,,,,0.0,0.0,55.57,8.094826706000001,1.484814786,4946693320.0,3161197624.0,937639032.0,10.0,34.0,37.979327999999995,32.485023999999996,85.15254399999999,0.39299999999999996,64869.0,0.0,2147058.0,47.13164,0.0,,,4.705634855,218.0,25.96,,,,,,,31.0,55.57712,25.230847999999998,83.640704,0.016,6573.0,,,,,0.0,2147058.0,1.057635685,19.0,452.8,362.4,559.2,352.0,69,57,68,65,0.372648,0.372648,0.957231,0.958268
1791342569.37,-,1,1.0,45.010000000000005,5.075818566,1.141249125,2590306440.0,1704831128.0,356257824.0,10.0,36.0,70.8008,32.302431999999996,88.22668,0.202,34488.0,0.0,,,,,,3.949715248,102.0,37.900000000000006,0.0,0.0,1194026056.0,0.0,0.0,0.0,24.0,42.597176,0.0,84.82892799999999,0.058,,,,,,,,0.0,0.0,55.64,8.131728541,1.48957859,4974098176.0,3180591584.0,943359568.0,10.0,34.0,66.29088,32.485023999999996,85.165272,0.39299999999999996,65279.0,0.0,2147468.0,47.368606,0.0,,,4.72993326,219.0,26.060000000000002,,,,,,,31.0,29.675615999999998,25.230847999999998,84.389168,0.019,6983.0,,,,,0.0,2147468.0,1.106120197,20.0,452.8,362.4,559.2,352.0,69,57,68,65,0.372648,0.372648,0.957231,0.958268
1791342570.38,-,1,1.0,45.07,5.115875367,1.141249125,2614539480.0,1728087888.0,356257824.0,10.0,36.0,94.918048,32.302431999999996,88.257168,0.202,34898.0,0.0,,,,,,3.949715248,102.0,37.900000000000006,0.0,0.0,1194674344.0,0.0,0.0,0.0,24.0,42.597176,0.0,84.82892799999999,0.058,,,,,,,,0.0,0.0,55.7,8.166366506,1.494100628,5001500200.0,3199967288.0,949077872.0,10.0,34.0,93.553856,32.485023999999996,85.20778399999999,0.39299999999999996,65689.0,0.0,2147878.0,47.605591,0.0,,,4.753270406,220.0,26.14,,,,,,,31.0,34.918496,25.230847999999998,83.976472,0.019,7393.0,,,,,0.0,2147878.0,1.154267925,21.0,452.2,362.7,558.7,345.7,69,57,67,65,0.791208,0.791208,0.879803,0.880716
1791342571.39,-,1,1.0,45.14,5.144724210000001,1.153374563,2639325200.0,1743718728.0,364409168.0,10.0,36.0,49.591712,32.302431999999996,88.274424,0.204,35309.0,0.0,,,,,,4.015096136,105.0,37.900000000000006,0.0,0.0,1195322552.0,0.0,0.0,0.0,24.0,43.645751999999995,0.0,84.82892799999999,0.058,,,,,,,,0.0,0.0,55.910000000000004,8.204870309999999,1.499152065,5029331472.0,3219489048.0,954809768.0,10.0,34.0,50.177488,32.485023999999996,85.76872,0.39599999999999996,66100.0,0.0,2148289.0,47.842811999999995,0.0,,,4.776942155,222.0,26.220000000000002,,,,,,,31.0,40.161376,25.230847999999998,84.185992,0.019,7804.0,,,,,0.0,2148289.0,1.203598554,23.0,452.2,362.7,558.7,345.7,69,57,67,65,0.791208,0.791208,0.879803,0.880716
1791342572.4,-,1,1.0,45.220000000000006,5.184922126,1.160714926,2663855584.0,1763123928.0,368557768.0,10.0,36.0,74.757536,32.302431999999996,88.347848,0.204,35719.0,0.0,,,,,,4.053099186,106.0,37.910000000000004,0.0,0.0,1195970632.0,0.0,0.0,0.0,24.0,44.694328,0.0,84.82892799999999,0.058,,,,,,,,0.0,0.0,55.970000000000006,8.242520549,1.504985739,5056978048.0,3238873848.0,960533528.0,10.0,34.0,77.44046399999999,32.485023999999996,85.88239999999999,0.39599999999999996,66510.0,0.0,2148699.0,48.079826,0.0,,,4.810470058,224.0,26.270000000000003,,,,,,,31.0,45.404256,25.230847999999998,84.23683199999999,0.019,8214.0,,,,,0.0,2148699.0,1.239428486,24.0,452.2,362.7,558.7,345.7,69,57,67,65,0.791208,0.791208,0.879803,0.880716
1791342573.41,-,1,1.0,45.5,5.219999741,1.166933964,2688353384.0,1782498408.0,372705696.0,10.0,36.0,98.87478399999999,32.302431999999996,88.44906399999999,0.204,36129.0,0.0,,,,,,4.095670579,107.0,37.910000000000004,0.0,0.0,1196618904.0,0.0,0.0,0.0,24.0,44.694328,0.0,84.82892799999999,0.058,,,,,,,,0.0,0.0,56.080000000000005,8.278048329999999,1.509571057,5083540488.0,3258018656.0,965682824.0,10.0,34.0,37.856832,32.485023999999996,85.382464,0.39799999999999996,66879.0,0.0,2149068.0,48.293091999999994,0.0,,,4.845027403,225.0,26.32,,,,,,,31.0,51.695712,25.230847999999998,84.283704,0.019,8624.0,,,,,41.0,2149068.0,1.308846733,26.0,453.0,362.4,552.2,346.6,69,57,68,64,1.448656,1.448656,0.720785,0.721924
1791342574.42,-,1,1.0,45.74,5.255491519,1.172641999,2712855280.0,1801876552.0,376766920.0,10.0,36.0,53.55508,32.302431999999996,88.34544,0.208,36539.0,1.0,,,,,,4.122876211,108.0,37.910000000000004,0.0,0.0,1197267080.0,0.0,0.0,0.0,24.0,45.742903999999996,0.0,84.82892799999999,0.058,,,,,,,,0.0,0.0,56.190000000000005,8.310202853,1.514948907,5112138016.0,3277639440.0,971974496.0,10.0,34.0,67.21696,32.485023999999996,85.4232,0.39799999999999996,67330.0,0.0,2149519.0,48.553805,0.0,,,4.906850842,227.0,26.35,,,,,,,31.0,56.938592,25.230847999999998,84.32368799999999,0.019,9034.0,,,,,0.0,2149519.0,1.39400901,28.0,453.0,362.4,552.2,346.6,69,57,68,64,1.448656,1.448656,0.720785,0.721924
1791342575.44,-,1,1.0,45.92,5.292901774,1.182363155,2737307112.0,1821312432.0,380807488.0,10.0,36.0,78.720896,32.302431999999996,88.495128,0.208,36951.0,0.0,,,,,,4.17486046,111.0,37.910000000000004,0.0,0.0,1197915256.0,0.0,0.0,0.0,24.0,46.79148,0.0,84.829824,0.058,,,,,,,,0.0,0.0,56.27,8.356117265999998,1.521479233,5139875160.0,3297099392.0,977716504.0,10.0,34.0,94.479936,32.485023999999996,85.46296799999999,0.39799999999999996,67742.0,0.0,2149931.0,48.791259,0.0,,,4.93603769,229.0,26.42,,,,,,,31.0,31.131648,25.230847999999998,84.367376,0.022,9446.0,,,,,0.0,2149931.0,1.469932787,30.0,453.0,362.4,552.2,346.6,69,57,68,64,1.448656,1.448656,0.720785,0.721924
1791342576.44,-,1,1.0,45.980000000000004,5.324291214,1.192009671,2761739712.0,1840712304.0,384835992.0,10.0,36.0,36.315487999999995,32.302431999999996,88.518672,0.213,37361.0,0.0,,,,,,4.225624376,112.0,37.93,0.0,0.0,1198564472.0,0.0,0.0,0.0,24.0,46.79148,0.0,84.831488,0.058,,,,,,,,0.0,0.0,56.370000000000005,8.39961506,1.527970797,5167559376.0,3316508616.0,983449696.0,10.0,34.0,54.040192,31.463279999999997,85.584688,0.40199999999999997,68153.0,0.0,2150342.0,49.028487999999996,0.0,,,4.975789343,231.0,26.48,,,,,,,31.0,36.374528,25.230847999999998,84.615264,0.022,9857.0,,,,,0.0,2150342.0,1.528205572,32.0,447.6,362.4,551.9,346.6,69,57,67,64,0.514256,0.514056,0.615001,0.615925
1791342577.46,-,1,1.0,46.040000000000006,5.35599437,1.197914816,2786193088.0,1860147592.0,388878192.0,10.0,36.0,60.432736,32.302431999999996,88.580536,0.213,37773.0,0.0,,,,,,4.286832103,115.0,37.93,0.0,0.0,1199212744.0,0.0,0.0,0.0,24.0,47.840056,0.0,84.831488,0.058,,,,,,,,0.0,0.0,56.440000000000005,8.435846847,1.533041347,5195233376.0,3335960408.0,989182432.0,10.0,34.0,82.351744,31.463279999999997,85.590448,0.40199999999999997,68564.0,1.0,2150753.0,49.265698,0.0,,,5.02938114,233.0,26.57,,,,,,,31.0,42.665983999999995,25.230847999999998,85.369424,0.022,10268.0,,,,,0.0,2150753.0,1.615206775,34.0,447.6,362.4,551.9,346.6,69,57,67,64,0.514256,0.514056,0.615001,0.615925
1791342578.47,-,1,1.0,46.1,5.395119511,1.204452477,2810652120.0,1879592160.0,392917464.0,10.0,36.0,85.59855999999999,32.302431999999996,88.59916,0.213,38185.0,0.0,,,,,,4.464466991,118.0,37.940000000000005,0.0,0.0,1199860984.0,0.0,0.0,0.0,24.0,47.840056,0.0,84.83776,0.058,,,,,,,,0.0,0.0,56.620000000000005,8.477044587,1.538822436,5223324888.0,3355382584.0,994924864.0,10.0,34.0,42.164832,31.463279999999997,85.540992,0.40499999999999997,68976.0,0.0,2151165.0,49.503138,0.0,,,5.351267164,236.0,26.64,,,,,,,31.0,47.908864,25.230847999999998,84.90796,0.022,10680.0,,,,,0.0,2151165.0,1.773797552,37.0,447.6,362.4,551.9,346.6,69,57,67,64,0.514256,0.514056,0.615001,0.615925
1791342579.49,-,1,1.0,46.150000000000006,5.425800379,1.204452477,2834998808.0,1902934584.0,392917464.0,10.0,36.0,42.765464,32.302431999999996,88.62436,0.216,38595.0,0.0,,,,,,4.464466991,118.0,37.95,0.0,0.0,1200509256.0,0.0,0.0,0.0,24.0,48.888632,0.0,84.83776,0.058,,,,,,,,0.0,0.0,56.660000000000004,8.51805349,1.538822436,5249377424.0,3380445392.0,994924864.0,10.0,34.0,69.427808,31.463279999999997,85.54176,0.40499999999999997,69386.0,0.0,2151575.0,49.740123,0.0,,,5.351267164,236.0,26.67,,,,,,,31.0,53.151744,25.230847999999998,84.98004,0.022,11090.0,,,,,410.0,2151165.0,1.773797552,37.0,448.4,362.7,553.6,347.9,69,57,67,65,0.800048,0.48868,0.561332,0.562278
1791342580.49,-,1,1.0,46.160000000000004,5.425886133,1.209831426,2836087712.0,1899021264.0,396945512.0,10.0,36.0,43.81404,32.302431999999996,88.62512799999999,0.216,38595.0,0.0,,,,,,5.480217969,119.0,37.95,0.0,0.0,1201157528.0,0.0,0.0,0.0,24.0,49.937208,0.0,84.83776,0.058,,,,,,,,0.0,0.0,56.720000000000006,8.536538043,1.544474656,5268196616.0,3391490184.0,1000646008.0,10.0,34.0,88.302176,31.463279999999997,85.559792,0.40499999999999997,69386.0,410.0,2151575.0,49.740123,0.0,,,6.485127402,237.0,26.700000000000003,,,,,,,31.0,54.20032,25.230847999999998,85.053144,0.022,11090.0,,,,,0.0,2151575.0,1.8510845,38.0,448.4,362.7,553.6,347.9,69,57,67,65,0.800048,0.48868,0.561332,0.562278
1791342581.5,-,1,1.0,46.300000000000004,5.501815622,1.216158106,2883647856.0,1941573872.0,400977960.0,10.0,36.0,90.99996,32.302431999999996,88.650256,0.216,39416.0,0.0,,,,,,5.929682066,121.0,37.95,0.0,0.0,1201805624.0,0.0,0.0,0.0,24.0,49.937208,0.0,84.83776,0.058,,,,,,,,0.0,0.0,56.81,8.591534368,1.559022741,5305597784.0,3413507464.0,1012095552.0,10.0,34.0,58.00064,31.463279999999997,85.597696,0.408,70207.0,0.0,2152396.0,50.214338999999995,0.0,,,6.987019896,240.0,26.770000000000003,,,,,,,31.0,32.061136,25.230847999999998,85.124544,0.025,11911.0,,,,,0.0,2152396.0,2.036666659,40.0,448.4,362.7,553.6,347.9,69,57,67,65,0.800048,0.48868,0.561332,0.562278
1791342582.51,-,1,1.0,46.6,5.5316030739999995,1.233881578,2908271672.0,1957115136.0,408998120.0,10.0,36.0,47.683367999999994,32.302431999999996,88.58268,0.219,39826.0,0.0,,,,,,6.009869688,123.0,37.96,0.0,0.0,1202453896.0,0.0,0.0,0.0,24.0,50.985783999999995,0.0,84.83776,0.058,,,,,,,,0.0,0.0,56.900000000000006,8.630094338,1.563733491,5333020160.0,3432884600.0,1017814000.0,10.0,34.0,85.263616,31.463279999999997,85.620328,0.408,70617.0,0.0,2152806.0,50.451339999999995,0.0,,,7.016715004,241.0,26.87,,,,,,,31.0,36.25544,25.230847999999998,85.28815999999999,0.025,12321.0,,,,,0.0,2152806.0,2.125087623,42.0,447.7,362.5,552.5,347.1,69,57,67,64,0.781808,0.781808,0.765135,0.766851
1791342583.51,-,1,1.0,46.650000000000006,5.565810098,1.240417821,2932651944.0,1976524632.0,412993736.0,10.0,36.0,71.80061599999999,32.302431999999996,88.588056,0.219,40236.0,0.0,,,,,,6.042042422,124.0,37.96,0.0,0.0,1203102216.0,0.0,0.0,0.0,24.0,52.03436,0.0,84.83776,0.058,,,,,,,,0.0,0.0,56.970000000000006,8.666822705,1.568123645,5360428824.0,3452260504.0,1023535512.0,10.0,34.0,44.037136,30.515839999999997,85.625704,0.411,71027.0,0.0,2153216.0,50.688345,0.0,,,7.035645903,242.0,27.1,,,,,,,31.0,42.546896,25.230847999999998,85.48192,0.025,12731.0,,,,,0.0,2153216.0,2.170549902,43.0,447.7,362.5,552.5,347.1,69,57,67,64,0.781808,0.781808,0.765135,0.766851
1791342584.52,-,1,1.0,46.690000000000005,5.598651782999999,1.245900446,2957000408.0,1995905360.0,416986384.0,10.0,36.0,96.96643999999999,32.302431999999996,88.604984,0.219,40646.0,1.0,,,,,,6.073683666,125.0,37.96,0.0,0.0,1203750392.0,0.0,0.0,0.0,24.0,52.03436,0.0,84.83776,0.058,,,,,,,,0.0,0.0,57.1,8.714502631,1.571820181,5387830488.0,3471640632.0,1029257008.0,10.0,34.0,72.348688,30.515839999999997,85.743264,0.411,71437.0,0.0,2153626.0,50.925352,0.0,,,7.049086894,243.0,27.3,,,,,,,31.0,47.789775999999996,25.230847999999998,85.639224,0.025,13141.0,,,,,0.0,2153626.0,2.209074942,44.0,447.7,362.5,552.5,347.1,69,57,67,64,0.781808,0.781808,0.765135,0.766851
1791342585.52,-,1,1.0,46.75,5.631656459,1.253237168,2981553864.0,2015369288.0,421071512.0,10.0,36.0,53.622656,32.302431999999996,88.650064,0.221,41058.0,0.0,,,,,,6.115329538,128.0,37.97,0.0,0.0,1204399080.0,0.0,0.0,0.0,24.0,53.082936,0.0,84.83776,0.058,,,,,,,,0.0,0.0,57.28,8.750121537,1.576911393,5415556592.0,3491081800.0,1034995712.0,10.0,34.0,31.104008,27.378368,85.68858399999999,0.414,71849.0,0.0,2154038.0,51.1628,0.0,,,7.125503863,245.0,27.340000000000003,,,,,,,31.0,53.032655999999996,25.230847999999998,85.733336,0.025,13553.0,,,,,0.0,2154038.0,2.285024584,46.0,448.4,363.0,553.2,356.5,69,57,67,64,0.794944,0.794944,0.585299,0.586146
1791342586.53,-,1,1.0,46.82,5.665139013,1.258638319,3005986216.0,2034756216.0,425141664.0,10.0,36.0,77.739904,32.302431999999996,88.70459199999999,0.221,41468.0,0.0,,,,,,6.151466759,129.0,37.97,0.0,0.0,1205048392.0,0.0,0.0,0.0,24.0,53.082936,0.0,84.83776,0.058,,,,,,,,0.0,0.0,57.35,8.791339121,1.582002393,5442919080.0,3510476480.0,1040717136.0,10.0,34.0,58.366983999999995,27.378368,85.7204,0.414,72259.0,0.0,2154448.0,51.399811,0.0,,,7.140137533,246.0,27.37,,,,,,,31.0,59.324112,25.230847999999998,85.792296,0.025,13963.0,,,,,0.0,2154448.0,2.324643513,47.0,448.4,363.0,553.2,356.5,69,57,67,64,0.794944,0.794944,0.585299,0.586146
1791342587.54,-,1,1.0,46.900000000000006,5.706128616000001,1.264875262,3030505024.0,2054194656.0,429219808.0,10.0,36.0,34.544136,31.402296,88.81732,0.224,41880.0,0.0,,,,,,6.191816416,131.0,37.97,0.0,0.0,1205696568.0,0.0,0.0,0.0,24.0,54.131512,0.0,84.83776,0.058,,,,,,,,0.0,0.0,57.45,8.842099121,1.588578583,5470922200.0,3529914776.0,1046458712.0,10.0,34.0,86.678536,27.378368,87.000648,0.414,72671.0,0.0,2154860.0,51.637242,0.0,,,7.195588245,249.0,27.450000000000003,,,,,,,31.0,31.985823999999997,25.230847999999998,87.14688,0.028,14375.0,,,,,0.0,2154860.0,2.412638756,50.0,448.9,363.3,542.7,359.7,69,57,67,64,0.846584,0.520544,0.413987,0.415166
1791342588.54,-,1,1.0,46.980000000000004,5.748730718,1.271385792,3054993752.0,2073652760.0,433272880.0,10.0,36.0,58.661384,31.402296,88.85501599999999,0.224,42292.0,0.0,,,,,,6.268661409,133.0,37.980000000000004,0.0,0.0,1206344768.0,0.0,0.0,0.0,24.0,55.180088,0.0,84.83776,0.058,,,,,,,,0.0,0.0,57.52,8.878401077000001,1.594651133,5498696448.0,3549344168.0,1052196904.0,10.0,34.0,52.94472,27.378368,87.050224,0.416,73083.0,0.0,2155272.0,51.874677999999996,0.0,,,7.221289988,251.0,27.650000000000002,,,,,,,31.0,37.228704,25.230847999999998,86.75181599999999,0.028,14787.0,,,,,0.0,2155272.0,2.473559376,52.0,448.9,363.3,542.7,359.7,69,57,67,64,0.846584,0.520544,0.413987,0.415166
1791342589.55,-,1,1.0,47.040000000000006,5.788915234,1.276910888,3079377424.0,2093022320.0,437313416.0,10.0,36.0,82.778632,31.402296,88.87011199999999,0.224,42702.0,0.0,,,,,,6.303589196,134.0,37.980000000000004,0.0,0.0,1206993128.0,0.0,0.0,0.0,24.0,55.180088,0.0,84.83776,0.058,,,,,,,,0.0,0.0,57.59,8.918147835,1.598950519,5526118336.0,3568739504.0,1057918104.0,10.0,34.0,80.207696,27.378368,87.18552,0.416,73493.0,0.0,2155682.0,52.111667,0.0,,,7.234860493,252.0,27.71,,,,,,,31.0,42.471584,25.230847999999998,86.277344,0.028,15197.0,,,,,0.0,2155682.0,2.514008996,53.0,448.9,363.3,542.7,359.7,69,57,67,64,0.846584,0.520544,0.413987,0.415166
1791342590.55,-,1,1.0,47.24,5.831404924,1.284152978,3103891576.0,2112405864.0,441383168.0,10.0,36.0,40.842248,31.402296,80.071592,0.228,43112.0,0.0,,,,,,6.344365092,135.0,37.99,0.0,0.0,1207641328.0,0.0,0.0,0.0,24.0,56.228663999999995,0.0,84.83776,0.058,,,,,,,,0.0,0.0,57.7,8.955387711,1.60441214,5553481304.0,3588119704.0,1063639256.0,10.0,34.0,46.775904,27.285487999999997,86.065552,0.419,73903.0,0.0,2156092.0,52.348659999999995,0.0,,,7.263022191,253.0,27.75,,,,,,,31.0,48.76304,25.230847999999998,86.374968,0.028,15607.0,,,,,0.0,2156092.0,2.59356163,54.0,449.0,363.3,543.8,362.6,69,57,69,64,1.103128,1.103128,1.207654,1.209383
1791342591.57,-,1,1.0,47.28,5.861801437,1.290807733,3128267624.0,2131809648.0,445381872.0,10.0,36.0,66.008072,31.402296,80.099792,0.228,43523.0,0.0,,,,,,6.380200135,137.0,37.99,0.0,0.0,1208289664.0,0.0,0.0,0.0,24.0,56.228663999999995,0.0,84.83776,0.058,,,,,,,,0.0,0.0,57.760000000000005,8.98888286,1.609726859,5581148704.0,3607546768.0,1069370968.0,10.0,34.0,74.03887999999999,27.285487999999997,86.10108799999999,0.419,74314.0,0.0,2156503.0,52.585876999999996,0.0,,,7.311354484,255.0,27.78,,,,,,,31.0,54.005919999999996,25.230847999999998,86.408424,0.028,16018.0,,,,,0.0,2156503.0,2.66246691,56.0,449.0,363.3,543.8,362.6,69,57,69,64,1.103128,1.103128,1.207654,1.209383
1791342592.58,-,1,1.0,47.34,5.90274539,1.296041712,3152637432.0,2151209392.0,449377328.0,10.0,36.0,90.12532,31.402296,80.099792,0.228,43933.0,0.0,,,,,,6.406066583,138.0,37.99,0.0,0.0,1208937936.0,0.0,0.0,0.0,24.0,57.27724,0.0,84.839168,0.058,,,,,,,,0.0,0.0,57.92,9.02194382,1.614281639,5608588680.0,3626915688.0,1075089192.0,10.0,34.0,40.89604,27.285487999999997,86.155344,0.421,74724.0,0.0,2156913.0,52.822865,0.0,,,7.324376558,256.0,27.810000000000002,,,,,,,31.0,59.248799999999996,25.230847999999998,86.496144,0.028,16428.0,,,,,0.0,2156913.0,2.697787178,57.0,449.0,363.3,543.8,362.6,69,57,69,64,1.103128,1.103128,1.207654,1.209383
1791342593.59,-,1,1.0,47.400000000000006,5.933687828,1.301635446,3177009064.0,2170581648.0,453372352.0,10.0,36.0,45.751768,31.402296,80.10332799999999,0.23,44343.0,0.0,,,,,,6.450890341,139.0,38.02,0.0,0.0,1209894240.0,0.0,0.0,0.0,26.0,58.325815999999996,0.0,84.872632,0.058,,,,,,,,0.0,0.0,58.03,9.055141033,1.61894191,5635971928.0,3646287160.0,1080810304.0,10.0,34.0,68.159016,27.285487999999997,88.43060799999999,0.421,75134.0,0.0,2157323.0,53.059855,0.0,,,7.354865228,257.0,27.89,,,,,,,31.0,31.613647999999998,25.230847999999998,86.53048,0.031,16838.0,,,,,0.0,2157323.0,2.737339312,58.0,448.8,363.3,537.4,362.5,69,57,67,64,0.997096,0.997096,1.070205,1.071135
1791342594.6,-,1,1.0,47.470000000000006,5.982642021,1.307224386,3201362544.0,2189966016.0,457367840.0,10.0,36.0,69.869016,31.402296,80.116472,0.23,44753.0,0.0,,,,,,6.478795056,140.0,38.02,0.0,0.0,1210546272.0,0.0,0.0,0.0,26.0,59.374392,0.0,84.872632,0.058,,,,,,,,0.0,0.0,58.120000000000005,9.087994650999999,1.624238247,5663408576.0,3665667016.0,1086531672.0,10.0,34.0,37.913295999999995,27.285487999999997,86.84630399999999,0.424,75544.0,0.0,2157733.0,53.296848999999995,0.0,,,7.369161744,258.0,28.05,,,,,,,31.0,36.856528,25.230847999999998,87.227488,0.031,17248.0,,,,,0.0,2157733.0,2.772267959,59.0,448.8,363.3,537.4,362.5,69,57,67,64,0.997096,0.997096,1.070205,1.071135
1791342595.61,-,1,1.0,47.52,6.017118655,1.315032518,3225862656.0,2209410808.0,461449608.0,10.0,36.0,93.98626399999999,31.402296,80.118776,0.23,45165.0,0.0,,,,,,6.523472423,143.0,38.03,0.0,0.0,1211198504.0,0.0,0.0,0.0,26.0,59.374392,0.0,84.872632,0.058,,,,,,,,0.0,0.0,58.17,9.121094177,1.630352251,5691095936.0,3685135616.0,1092273656.0,10.0,34.0,66.224848,27.285487999999997,86.850448,0.424,75956.0,0.0,2158145.0,53.534295,0.0,,,7.403165018,260.0,28.1,,,,,,,31.0,42.099408,25.230847999999998,86.74888,0.031,17660.0,,,,,0.0,2158145.0,2.829681061,61.0,448.8,363.3,537.4,362.5,69,57,67,64,0.997096,0.997096,1.070205,1.071135
1791342596.62,-,1,1.0,47.580000000000005,6.051601162,1.320148725,3250300744.0,2228776608.0,465518992.0,10.0,36.0,51.605647999999995,31.371983999999998,80.71968799999999,0.232,45575.0,0.0,,,,,,6.553287216,144.0,38.04,0.0,0.0,1211882432.0,0.0,0.0,0.0,26.0,26.915208,0.0,84.896552,0.06,,,,,,,,0.0,0.0,58.24,9.151494656,1.634794661,5718770216.0,3704496440.0,1097996408.0,10.0,34.0,38.085968,27.285487999999997,86.859888,0.426,76366.0,0.0,2158555.0,53.771279,0.0,,,7.424896462,262.0,28.14,,,,,,,31.0,47.342287999999996,25.230847999999998,88.095576,0.031,18070.0,,,,,0.0,2158555.0,2.89966271,63.0,449.3,364.3,538.2,367.8,69,59,67,64,1.074088,1.074088,1.042681,1.043823
1791342597.62,-,1,1.0,48.400000000000006,6.444998751,1.333010505,3486761856.0,2455438712.0,474098032.0,10.0,36.0,52.200607999999995,31.371983999999998,80.89582399999999,0.259,48445.0,1274.0,,,,,,6.630819196,146.0,38.04,0.0,0.0,1212534624.0,0.0,0.0,0.0,26.0,27.963784,0.0,84.896552,0.06,,,,,,,,0.0,0.0,58.650000000000006,9.361030655,1.659377585,5853810688.0,3817028456.0,1113991592.0,10.0,34.0,62.867808,27.392319999999998,86.85074399999999,0.437,77419.0,881.0,2159608.0,54.467096,0.0,,,7.514664915,266.0,28.650000000000002,,,,,,,31.0,30.876976,25.230847999999998,88.811464,0.037,19123.0,,,,,231.0,2159377.0,3.045440018,66.0,449.3,364.3,538.2,367.8,69,59,67,64,1.074088,1.074088,1.042681,1.043823
1791342598.63,-,1,1.0,49.300000000000004,6.734175549,1.438115886,3634848800.0,2542159032.0,534290576.0,10.0,36.0,60.013231999999995,53.347615999999995,80.30682399999999,0.292,51729.0,0.0,,,,,,7.168712244,149.0,38.050000000000004,0.0,0.0,1213186728.0,0.0,0.0,0.0,24.0,27.963784,0.0,84.896552,0.06,,,,,,,,0.0,0.0,60.02,9.78743476,1.772864956,6166597536.0,4017688112.0,1197989648.0,10.0,34.0,76.072384,45.524896,86.999496,0.49,82520.0,0.0,2164709.0,58.430814999999996,0.0,,,7.74751084,269.0,30.12,,,,,,,31.0,41.853567999999996,31.644624,86.725008,0.057999999999999996,24224.0,,,,,0.0,2164709.0,3.64872515,70.0,449.3,364.3,538.2,367.8,69,59,67,64,1.074088,1.074088,1.042681,1.043823
1791342599.64,-,1,1.0,49.35,6.773282911000001,1.44336386,3659232016.0,2561543032.0,538316120.0,10.0,36.0,84.13047999999999,53.347615999999995,80.31514399999999,0.292,52139.0,0.0,,,,,,7.241862583,150.0,38.050000000000004,0.0,0.0,1213835096.0,0.0,0.0,0.0,24.0,29.012359999999997,0.0,84.896552,0.06,,,,,,,,0.0,0.0,60.080000000000005,9.821656285,1.777214769,6193955968.0,4037058272.0,1203697992.0,10.0,34.0,102.286784,45.524896,87.00175999999999,0.49,82930.0,0.0,2165119.0,58.667812,0.0,,,7.887956374,270.0,30.270000000000003,,,,,,,31.0,31.1224,29.547472,86.314064,0.06,24634.0,,,,,0.0,2165119.0,3.711946232,71.0,454.5,362.6,556.3,378.2,69,57,67,68,1.650272,1.650272,0.949906,0.950832
1791342600.64,-,1,1.0,49.440000000000005,6.813115146000001,1.448769935,3683643104.0,2580922696.0,542344872.0,10.0,36.0,61.627688,53.347615999999995,80.35144,0.295,52549.0,0.0,,,,,,7.270172705,151.0,38.06,0.0,0.0,1214483392.0,0.0,0.0,0.0,24.0,30.060935999999998,0.0,84.896552,0.06,,,,,,,,0.0,0.0,60.160000000000004,9.860400592,1.78215434,6221366536.0,4056429816.0,1209409584.0,10.0,34.0,58.610768,38.934976,87.033568,0.493,83340.0,0.0,2165529.0,58.90481,0.0,,,7.900196962,271.0,30.32,,,,,,,31.0,37.413855999999996,29.547472,85.86466399999999,0.06,25044.0,,,,,0.0,2165529.0,3.759959425,72.0,454.5,362.6,556.3,378.2,69,57,67,68,1.650272,1.650272,0.949906,0.950832
1791342601.65,-,1,1.0,49.5,6.845134964,1.455594778,3708063544.0,2600333904.0,546380432.0,10.0,36.0,85.744936,53.347615999999995,80.999568,0.295,52960.0,0.0,,,,,,7.302873453,153.0,38.06,0.0,0.0,1215131744.0,0.0,0.0,0.0,24.0,30.060935999999998,0.0,84.896552,0.06,,,,,,,,0.0,0.0,60.220000000000006,9.895699217,1.787739675,6248980696.0,4075863696.0,1215131320.0,10.0,34.0,85.873744,38.934976,87.117216,0.493,83751.0,0.0,2165940.0,59.142025,0.0,,,7.916151205,273.0,30.380000000000003,,,,,,,31.0,42.656735999999995,29.547472,85.93675999999999,0.06,25455.0,,,,,0.0,2165940.0,3.798617481,74.0,454.5,362.6,556.3,378.2,69,57,67,68,1.650272,1.650272,0.949906,0.950832
1791342602.66,-,1,1.0,49.56,6.879370536,1.460211723,3732492480.0,2619724568.0,550409208.0,10.0,36.0,48.524048,41.660168,80.446536,0.297,53370.0,0.0,,,,,,7.325067894,154.0,38.07,0.0,0.0,1215780240.0,0.0,0.0,0.0,24.0,31.109512,0.0,84.896552,0.06,,,,,,,,0.0,0.0,60.36000000000001,9.929513474,1.792322803,6276405288.0,4095248216.0,1220843200.0,10.0,34.0,49.549479999999996,38.934976,87.060384,0.496,84161.0,0.0,2166350.0,59.379048999999995,0.0,,,7.948481548,274.0,30.44,,,,,,,31.0,47.899615999999995,29.547472,85.988592,0.06,25865.0,,,,,0.0,2166350.0,3.838446852,75.0,454.3,362.6,558.3,378.8,70,57,67,64,0.475864,0.475864,0.969528,0.970616
1791342603.67,-,1,1.0,49.61000000000001,6.908979266,1.466075115,3756860952.0,2639094080.0,554434376.0,10.0,36.0,72.641296,41.660168,80.495296,0.297,53780.0,0.0,,,,,,7.354103489,155.0,38.1,0.0,0.0,1216428608.0,0.0,0.0,0.0,24.0,32.158088,0.0,84.91408799999999,0.06,,,,,,,,0.0,0.0,60.42,9.962604219,1.797298675,6303748840.0,4114620416.0,1226551264.0,10.0,34.0,76.812456,38.934976,87.066496,0.496,84571.0,0.0,2166760.0,59.616042,0.0,,,7.958836242,275.0,30.53,,,,,,,31.0,32.288607999999996,28.39248,86.055408,0.062,26275.0,,,,,0.0,2166760.0,3.875532164,76.0,454.3,362.6,558.3,378.8,70,57,67,64,0.475864,0.475864,0.969528,0.970616
1791342604.69,-,1,1.0,49.68,6.944602614999999,1.473084263,3781240368.0,2658471368.0,558462760.0,10.0,36.0,96.758544,41.660168,80.56768,0.297,54190.0,0.0,,,,,,7.38088786,156.0,38.1,0.0,0.0,1217076976.0,0.0,0.0,0.0,24.0,32.158088,0.0,84.91408799999999,0.06,,,,,,,,0.0,0.0,60.50000000000001,10.0005987,1.804162499,6331139704.0,4133988496.0,1232262960.0,10.0,34.0,39.138591999999996,38.934976,87.096992,0.498,84981.0,0.0,2167170.0,59.853055,0.0,,,7.977566453,276.0,30.560000000000002,,,,,,,31.0,37.531487999999996,28.39248,86.09456,0.062,26685.0,,,,,0.0,2167170.0,3.910481732,77.0,454.3,362.6,558.3,378.8,70,57,67,64,0.475864,0.475864,0.969528,0.970616
1791342605.7,-,1,1.0,49.730000000000004,6.9755271,1.478601229,3805747168.0,2677933040.0,562504888.0,10.0,36.0,54.078264,38.735479999999995,80.580912,0.3,54602.0,0.0,,,,,,7.406919922,158.0,38.11,0.0,0.0,1217725272.0,0.0,0.0,0.0,24.0,33.206663999999996,0.0,84.91408799999999,0.06,,,,,,,,0.0,0.0,60.550000000000004,10.035690292,1.810213929,6359235416.0,4153437104.0,1237996440.0,10.0,34.0,67.450144,38.934976,87.096992,0.498,85393.0,0.0,2167582.0,60.090498,0.0,,,8.022262819,279.0,30.590000000000003,,,,,,,31.0,42.774367999999996,28.39248,86.11339199999999,0.062,27097.0,,,,,0.0,2167582.0,3.9501835,80.0,454.4,362.6,559.1,379.4,69,57,67,64,0.839968,0.839968,0.785259,0.786087
1791342606.7,-,1,1.0,49.800000000000004,7.011247861999999,1.4855625,3830132328.0,2697316512.0,566533000.0,10.0,36.0,78.195512,38.735479999999995,80.59692799999999,0.3,55012.0,0.0,,,,,,7.434045946,159.0,38.11,0.0,0.0,1218374776.0,0.0,0.0,0.0,24.0,34.25524,0.0,84.91408799999999,0.06,,,,,,,,0.0,0.0,60.61000000000001,10.076420081,1.816382142,6386862112.0,4172860200.0,1243718664.0,10.0,34.0,94.71311999999999,38.934976,87.10252,0.498,85804.0,0.0,2167993.0,60.327723,0.0,,,8.049460006,281.0,30.64,,,,,,,31.0,49.065824,28.39248,86.16896,0.062,27508.0,,,,,0.0,2167993.0,3.987477118,82.0,454.4,362.6,559.1,379.4,69,57,67,64,0.839968,0.839968,0.785259,0.786087
1791342607.71,-,1,1.0,49.86000000000001,7.05912457,1.494148617,3854587656.0,2716755400.0,570575648.0,10.0,36.0,102.31276,38.735479999999995,80.61648799999999,0.3,55424.0,0.0,,,,,,7.487465384,162.0,38.11,0.0,0.0,1219023048.0,0.0,0.0,0.0,24.0,34.25524,0.0,84.91408799999999,0.06,,,,,,,,0.0,0.0,60.690000000000005,10.120706780999999,1.822565834,6414811032.0,4192310640.0,1249437992.0,10.0,34.0,47.159216,30.554623999999997,87.11610399999999,0.501,86216.0,0.0,2168405.0,60.565175999999994,0.0,,,8.086659637,283.0,30.700000000000003,,,,,,,31.0,32.768744,28.39248,86.234296,0.064,27920.0,,,,,0.0,2168405.0,4.058323678,85.0,454.4,362.6,559.1,379.4,69,57,67,64,0.839968,0.839968,0.785259,0.786087
1791342608.72,-,1,0,50.150000000000006,7.165836783,1.518359261,3928509560.0,2776966824.0,583187568.0,10.0,36.0,108.29765599999999,38.735479999999995,80.617312,0.302,56656.0,0.0,,,,,,7.591988225,165.0,38.13,0.0,0.0,1219671320.0,0.0,0.0,0.0,24.0,35.303816,0.0,84.91946399999999,0.06,,,,,,,,0.0,0.0,61.2,10.394342532000001,1.850721034,6577867080.0,4327266976.0,1270432464.0,10.0,34.0,79.19188799999999,30.554623999999997,87.113648,0.513,87637.0,196.0,2169826.0,61.465612,0.0,,,8.273485625,287.0,30.8,,,,,,,31.0,31.480144,28.39248,86.352904,0.068,29341.0,,,,,611.0,2169215.0,4.127319253,87.0,454.8,362.9,558.9,379.2,69,57,67,64,0.311064,0.311064,0.730844,0.731766
1791342609.74,-,1,0,51.470000000000006,7.832320555999999,1.613737881,4239062936.0,3030100352.0,639342256.0,10.0,36.0,64.730904,35.598008,80.701424,0.343,61576.0,0.0,,,,,,8.014528562,168.0,38.13,0.0,0.0,1220319688.0,0.0,0.0,0.0,24.0,36.352392,0.0,84.91946399999999,0.06,,,,,,,,0.0,0.0,62.27,10.836558,1.938704611,6861443408.0,4505423448.0,1349341616.0,10.0,34.0,101.48265599999999,45.362048,87.09304,0.559,92367.0,0.0,2174556.0,65.224378,0.0,,,8.457644561,290.0,31.340000000000003,,,,,,,31.0,36.137232,30.571064,80.907736,0.079,34071.0,,,,,0.0,2174556.0,4.59611101,91.0,454.8,362.9,558.9,379.2,69,57,67,64,0.311064,0.311064,0.730844,0.731766
1791342610.75,-,1,0,51.480000000000004,7.838595197,1.613737881,4240075648.0,3030139064.0,639342256.0,10.0,36.0,65.77947999999999,35.598008,80.7558,0.343,61576.0,0.0,,,,,,8.014528562,168.0,38.14,0.0,0.0,1220967960.0,0.0,0.0,0.0,24.0,36.352392,0.0,84.91946399999999,0.06,,,,,,,,0.0,0.0,62.28,10.842793814,1.938704611,6862269400.0,4505462232.0,1349341616.0,10.0,34.0,101.48265599999999,45.362048,87.09304,0.559,92367.0,0.0,2174556.0,65.224378,0.0,,,8.457644561,290.0,31.360000000000003,,,,,,,31.0,37.185808,30.571064,80.35924,0.079,34071.0,,,,,0.0,2174556.0,4.59611101,91.0,457.3,363.4,574.7,380.0,69,57,67,65,9.989288,9.989288,2.286001,2.287119
1791342611.76,-,1,0,51.52,7.846470292,1.61444585,4241148168.0,3030226968.0,639353088.0,10.0,36.0,66.828056,35.598008,81.390312,0.343,61577.0,0.0,,,,,,8.01963193,169.0,38.150000000000006,0.0,0.0,1221616328.0,0.0,0.0,0.0,24.0,37.400968,0.0,84.91946399999999,0.06,,,,,,,,0.0,0.0,62.31,10.850047534,1.939691772,6863420080.0,4505550176.0,1349355648.0,10.0,34.0,103.579808,45.362048,87.10953599999999,0.559,92368.0,0.0,2174557.0,65.224606,0.0,,,8.468694887,291.0,31.380000000000003,,,,,,,31.0,37.185808,30.571064,80.385944,0.079,34072.0,,,,,0.0,2174557.0,4.604757275,92.0,457.3,363.4,574.7,380.0,69,57,67,65,9.989288,9.989288,2.286001,2.287119
1791342612.77,-,1,0,51.550000000000004,7.852526662,1.61444585,4242154264.0,3030258376.0,639353088.0,10.0,36.0,67.876632,35.598008,80.83691999999999,0.343,61577.0,0.0,,,,,,8.01963193,169.0,38.150000000000006,0.0,0.0,1222264768.0,0.0,0.0,0.0,24.0,37.400968,0.0,84.923176,0.06,,,,,,,,0.0,0.0,62.32000000000001,10.856313615,1.939691772,6864243416.0,4505586416.0,1349355648.0,10.0,34.0,103.579808,45.362048,87.10953599999999,0.559,92368.0,0.0,2174557.0,65.224606,0.0,,,8.468694887,291.0,31.400000000000002,,,,,,,31.0,38.234384,30.571064,80.41855199999999,0.079,34072.0,,,,,0.0,2174557.0,4.604757275,92.0,457.3,363.4,574.7,380.0,69,57,67,65,9.989288,9.989288,2.286001,2.287119
1791342613.78,-,1,0,51.580000000000005,7.859270618999999,1.61444585,4243164856.0,3030294712.0,639353088.0,10.0,36.0,68.925208,35.598008,80.883192,0.343,61577.0,0.0,,,,,,8.01963193,169.0,38.160000000000004,0.0,0.0,1222913008.0,0.0,0.0,0.0,24.0,38.449543999999996,0.0,84.923176,0.06,,,,,,,,0.0,0.0,62.34,10.863783309,1.939691772,6865063240.0,4505619144.0,1349355648.0,10.0,34.0,104.628384,45.362048,87.13376799999999,0.559,92368.0,0.0,2174557.0,65.224606,0.0,,,8.468694887,291.0,31.44,,,,,,,31.0,39.282959999999996,30.571064,80.45576799999999,0.079,34072.0,,,,,0.0,2174557.0,4.604757275,92.0,456.8,362.6,574.3,379.2,69,57,67,64,2.892584,2.892584,5.414245,5.415239
1791342614.79,-,1,0,51.6,7.866773977,1.61444585,4244176128.0,3030332336.0,639353088.0,10.0,36.0,69.973784,35.598008,80.889512,0.343,61577.0,0.0,,,,,,8.01963193,169.0,38.160000000000004,0.0,0.0,1223561360.0,0.0,0.0,0.0,24.0,39.49812,0.0,84.923176,0.06,,,,,,,,0.0,0.0,62.35,10.869975549,1.939691772,6865886528.0,4505655384.0,1349355648.0,10.0,34.0,105.67696,45.362048,87.138504,0.559,92368.0,0.0,2174557.0,65.224606,0.0,,,8.468694887,291.0,31.46,,,,,,,31.0,40.331536,30.571064,80.511648,0.079,34072.0,,,,,0.0,2174557.0,4.604757275,92.0,456.8,362.6,574.3,379.2,69,57,67,64,2.892584,2.892584,5.414245,5.415239
1791342615.81,-,1,0,51.620000000000005,7.876664728,1.615565421,4245331160.0,3030494304.0,639372528.0,10.0,36.0,71.02235999999999,35.598008,80.94828,0.343,61579.0,0.0,,,,,,8.026003713,171.0,38.160000000000004,0.0,0.0,1224209696.0,0.0,0.0,0.0,24.0,39.49812,0.0,84.927528,0.06,,,,,,,,0.0,0.0,62.38,10.879019661,1.94125576,6867408672.0,4505804056.0,1349381400.0,10.0,34.0,106.72553599999999,45.362048,87.14080799999999,0.559,92370.0,0.0,2174559.0,65.22505799999999,0.0,,,8.481361909,293.0,31.48,,,,,,,31.0,41.380112,30.571064,80.59905599999999,0.079,34074.0,,,,,0.0,2174559.0,4.619316893,94.0,456.8,362.6,574.3,379.2,69,57,67,64,2.892584,2.892584,5.414245,5.415239
1791342616.82,-,1,0,51.64,7.884898424999999,1.616192366,4246401472.0,3030580104.0,639383352.0,10.0,36.0,73.119512,35.598008,80.94904799999999,0.343,61580.0,0.0,,,,,,8.028885918,172.0,38.17,0.0,0.0,1224858976.0,0.0,0.0,0.0,24.0,40.546696,0.0,84.927528,0.06,,,,,,,,0.0,0.0,62.400000000000006,10.88636651,1.942047828,6868597104.0,4505890544.0,1349395416.0,10.0,34.0,108.822688,45.362048,87.149824,0.559,92371.0,0.0,2174560.0,65.22528299999999,0.0,,,8.48762801,294.0,31.500000000000004,,,,,,,31.0,42.428688,30.571064,80.664208,0.079,34075.0,,,,,0.0,2174560.0,4.625988137,95.0,457.0,363.4,574.8,380.0,69,57,67,64,0.003208,0.003208,8.197862,8.198747
1791342617.82,-,1,0,51.650000000000006,7.891390210000001,1.616622284,4247475864.0,3030672432.0,639391264.0,10.0,36.0,74.168088,35.598008,80.958856,0.343,61581.0,0.0,,,,,,8.031498002,173.0,38.17,0.0,0.0,1225507944.0,0.0,0.0,0.0,24.0,41.595272,0.0,84.927528,0.06,,,,,,,,0.0,0.0,62.43000000000001,10.893882691,1.943112698,6869748616.0,4505982384.0,1349406512.0,10.0,34.0,109.871264,45.362048,87.16328,0.559,92372.0,0.0,2174561.0,65.22550799999999,0.0,,,8.525345375,295.0,31.520000000000003,,,,,,,31.0,43.477264,30.571064,80.69585599999999,0.079,34076.0,,,,,0.0,2174561.0,4.63763385,96.0,457.0,363.4,574.8,380.0,69,57,67,64,0.003208,0.003208,8.197862,8.198747
1791342618.83,-,1,0,51.67,7.901375061,1.61766934,4248609728.0,3030814448.0,639409464.0,10.0,36.0,74.168088,35.598008,80.96744,0.343,61583.0,0.0,,,,,,8.036830811,175.0,38.17,0.0,0.0,1226156104.0,0.0,0.0,0.0,24.0,41.595272,0.0,84.927528,0.06,,,,,,,,0.0,0.0,62.45,10.901403749,1.944585593,6871283560.0,4506124432.0,1349431088.0,10.0,34.0,111.96841599999999,45.362048,87.175968,0.559,92374.0,0.0,2174563.0,65.22595799999999,0.0,,,8.541366228,297.0,31.650000000000002,,,,,,,31.0,44.525839999999995,30.571064,80.761112,0.079,34078.0,,,,,0.0,2174563.0,4.650791589,98.0,457.0,363.4,574.8,380.0,69,57,67,64,0.003208,0.003208,8.197862,8.198747
1791342619.84,-,1,0,51.68,7.907883264,1.61766934,4249620280.0,3030851376.0,639409464.0,10.0,36.0,75.216664,35.598008,80.979592,0.343,61583.0,0.0,,,,,,8.036830811,175.0,38.18,0.0,0.0,1226804344.0,0.0,0.0,0.0,24.0,42.643848,0.0,84.92868,0.06,,,,,,,,0.0,0.0,62.470000000000006,10.908175757,1.944585593,6872107248.0,4506160992.0,1349431088.0,10.0,34.0,111.96841599999999,45.362048,87.18224,0.559,92374.0,0.0,2174563.0,65.22595799999999,0.0,,,8.541366228,297.0,31.67,,,,,,,31.0,45.574416,30.571064,81.96425599999999,0.079,34078.0,,,,,0.0,2174563.0,4.650791589,98.0,458.0,362.9,575.3,379.3,69,57,67,64,0.00344,0.00344,11.009166,11.010255
1791342620.85,-,1,0,51.71,7.914511711,1.61766934,4250631904.0,3030888648.0,639409464.0,10.0,36.0,76.26523999999999,35.598008,81.002288,0.343,61583.0,0.0,,,,,,8.036830811,175.0,38.18,0.0,0.0,1227452680.0,0.0,0.0,0.0,24.0,42.643848,0.0,84.92868,0.06,,,,,,,,0.0,0.0,62.480000000000004,10.914835298,1.944585593,6872931864.0,4506198480.0,1349431088.0,10.0,34.0,113.016992,45.362048,87.18224,0.559,92374.0,0.0,2174563.0,65.22595799999999,0.0,,,8.541366228,297.0,31.700000000000003,,,,,,,31.0,46.622991999999996,30.571064,81.48732,0.079,34078.0,,,,,0.0,2174563.0,4.650791589,98.0,458.0,362.9,575.3,379.3,69,57,67,64,0.00344,0.00344,11.009166,11.010255
